{"type":"FeatureCollection","features":[{"type":"Feature","properties":{"name":"Albania","blocKey":"nato","blocLabel":"NATO","color":"#5b6fb0","certainty":"member","basis":"NATO member"},"geometry":{"type":"Polygon","coordinates":[[[20.567,41.873],[20.542,41.862],[20.551,41.794],[20.5,41.734],[20.535,41.585],[20.507,41.562],[20.444,41.55],[20.452,41.494],[20.484,41.465],[20.491,41.436],[20.54,41.401],[20.523,41.357],[20.482,41.341],[20.5,41.236],[20.565,41.147],[20.577,41.094],[20.654,41.075],[20.717,40.913],[20.766,40.894],[20.837,40.924],[20.957,40.895],[20.967,40.802],[20.944,40.765],[21.019,40.691],[21.037,40.64],[21.014,40.549],[20.958,40.515],[20.937,40.473],[20.912,40.46],[20.84,40.472],[20.809,40.437],[20.771,40.422],[20.77,40.363],[20.737,40.304],[20.699,40.278],[20.696,40.215],[20.66,40.179],[20.668,40.138],[20.648,40.094],[20.578,40.067],[20.433,40.064],[20.4,40.045],[20.376,39.994],[20.298,39.987],[20.318,39.918],[20.397,39.818],[20.372,39.784],[20.28,39.804],[20.276,39.76],[20.296,39.717],[20.249,39.685],[20.246,39.663],[20.212,39.667],[20.184,39.637],[20.089,39.683],[20.016,39.701],[19.989,39.687],[20.003,39.748],[19.981,39.757],[20.014,39.833],[20.01,39.866],[19.906,39.906],[19.941,39.94],[19.863,40.045],[19.807,40.053],[19.777,40.078],[19.771,40.063],[19.733,40.11],[19.476,40.214],[19.381,40.295],[19.344,40.374],[19.29,40.42],[19.316,40.438],[19.348,40.431],[19.424,40.33],[19.475,40.348],[19.479,40.454],[19.419,40.492],[19.386,40.543],[19.434,40.506],[19.455,40.554],[19.416,40.583],[19.392,40.578],[19.386,40.551],[19.304,40.653],[19.361,40.71],[19.369,40.802],[19.407,40.821],[19.393,40.845],[19.414,40.869],[19.381,40.908],[19.441,40.949],[19.427,40.937],[19.427,40.872],[19.438,40.887],[19.441,40.872],[19.523,40.921],[19.495,41.003],[19.48,40.954],[19.454,40.924],[19.448,40.934],[19.477,40.975],[19.475,40.996],[19.441,41.021],[19.456,41.107],[19.442,41.144],[19.464,41.151],[19.469,41.188],[19.517,41.256],[19.488,41.306],[19.419,41.323],[19.414,41.383],[19.393,41.414],[19.429,41.401],[19.445,41.415],[19.441,41.441],[19.489,41.466],[19.517,41.513],[19.514,41.53],[19.441,41.585],[19.528,41.577],[19.565,41.585],[19.585,41.62],[19.613,41.605],[19.6,41.639],[19.558,41.661],[19.578,41.688],[19.571,41.77],[19.599,41.779],[19.592,41.819],[19.433,41.869],[19.365,41.852],[19.346,41.962],[19.371,41.987],[19.351,42.028],[19.372,42.104],[19.272,42.181],[19.4,42.326],[19.412,42.368],[19.588,42.533],[19.622,42.605],[19.699,42.655],[19.722,42.646],[19.746,42.599],[19.734,42.524],[19.784,42.475],[19.82,42.466],[19.908,42.506],[19.982,42.511],[20.039,42.558],[20.153,42.494],[20.205,42.42],[20.193,42.394],[20.219,42.371],[20.238,42.32],[20.333,42.318],[20.482,42.231],[20.539,42.15],[20.552,42.074],[20.599,41.961],[20.562,41.9],[20.567,41.873]]]}},{"type":"Feature","properties":{"name":"Belgium","blocKey":"nato","blocLabel":"NATO","color":"#5b6fb0","certainty":"member","basis":"NATO member"},"geometry":{"type":"Polygon","coordinates":[[[2.522,51.088],[3.125,51.33],[3.349,51.375],[3.353,51.289],[3.392,51.247],[3.501,51.24],[3.514,51.281],[3.61,51.29],[3.776,51.255],[3.781,51.22],[3.809,51.205],[3.927,51.206],[4.169,51.297],[4.208,51.331],[4.221,51.368],[4.303,51.296],[4.297,51.268],[4.308,51.271],[4.331,51.296],[4.289,51.309],[4.283,51.35],[4.261,51.369],[4.411,51.357],[4.416,51.374],[4.38,51.41],[4.389,51.435],[4.377,51.443],[4.429,51.462],[4.525,51.476],[4.522,51.429],[4.63,51.418],[4.731,51.486],[4.779,51.495],[4.824,51.476],[4.823,51.414],[4.779,51.426],[4.762,51.413],[4.91,51.392],[4.957,51.411],[5.028,51.477],[5.08,51.439],[5.068,51.375],[5.123,51.313],[5.197,51.308],[5.215,51.294],[5.215,51.259],[5.389,51.259],[5.493,51.287],[5.535,51.262],[5.546,51.22],[5.568,51.208],[5.659,51.179],[5.731,51.184],[5.781,51.152],[5.829,51.156],[5.841,51.139],[5.823,51.119],[5.846,51.103],[5.805,51.097],[5.799,51.061],[5.771,51.058],[5.764,51.035],[5.778,51.024],[5.722,50.959],[5.764,50.959],[5.722,50.912],[5.622,50.853],[5.624,50.83],[5.7,50.796],[5.688,50.761],[5.707,50.754],[5.752,50.773],[5.793,50.752],[5.995,50.75],[6.012,50.709],[6.081,50.713],[6.1,50.701],[6.161,50.642],[6.148,50.637],[6.159,50.622],[6.249,50.614],[6.233,50.587],[6.161,50.544],[6.177,50.53],[6.171,50.518],[6.191,50.515],[6.183,50.507],[6.207,50.486],[6.256,50.495],[6.337,50.481],[6.323,50.466],[6.351,50.434],[6.338,50.368],[6.375,50.315],[6.286,50.304],[6.272,50.267],[6.157,50.223],[6.147,50.214],[6.165,50.182],[6.123,50.165],[6.116,50.145],[6.129,50.134],[6.117,50.12],[6.084,50.159],[6.039,50.148],[5.998,50.175],[5.962,50.166],[5.941,50.128],[5.872,50.097],[5.864,50.067],[5.838,50.047],[5.836,50.019],[5.803,50.002],[5.813,49.978],[5.764,49.947],[5.719,49.891],[5.758,49.858],[5.732,49.86],[5.728,49.8],[5.778,49.773],[5.805,49.722],[5.85,49.714],[5.846,49.667],[5.885,49.644],[5.83,49.583],[5.847,49.577],[5.837,49.561],[5.791,49.538],[5.645,49.544],[5.602,49.514],[5.548,49.523],[5.456,49.499],[5.45,49.546],[5.402,49.602],[5.335,49.626],[5.298,49.613],[5.299,49.662],[5.259,49.691],[5.169,49.687],[5.082,49.753],[4.971,49.797],[4.884,49.784],[4.849,49.794],[4.835,49.853],[4.86,49.913],[4.784,49.958],[4.827,50.036],[4.827,50.064],[4.846,50.091],[4.863,50.084],[4.863,50.148],[4.82,50.146],[4.816,50.161],[4.789,50.153],[4.682,50.084],[4.657,49.989],[4.465,49.936],[4.278,49.96],[4.201,49.953],[4.132,49.975],[4.137,50.025],[4.21,50.06],[4.181,50.127],[4.126,50.128],[4.153,50.205],[4.201,50.242],[4.198,50.258],[4.163,50.273],[4.144,50.252],[4.125,50.257],[4.098,50.295],[4.003,50.344],[3.896,50.325],[3.84,50.345],[3.755,50.346],[3.697,50.298],[3.662,50.319],[3.644,50.446],[3.608,50.477],[3.499,50.487],[3.487,50.493],[3.498,50.512],[3.477,50.52],[3.361,50.49],[3.271,50.527],[3.23,50.655],[3.244,50.672],[3.232,50.696],[3.189,50.715],[3.129,50.779],[2.971,50.758],[2.887,50.697],[2.787,50.723],[2.692,50.809],[2.62,50.816],[2.587,50.845],[2.597,50.868],[2.577,50.912],[2.612,50.941],[2.608,50.961],[2.557,51.001],[2.522,51.088]]]}},{"type":"Feature","properties":{"name":"Bulgaria","blocKey":"nato","blocLabel":"NATO","color":"#5b6fb0","certainty":"member","basis":"NATO member"},"geometry":{"type":"Polygon","coordinates":[[[26.333,41.713],[26.274,41.715],[26.212,41.75],[26.054,41.702],[26.055,41.649],[26.115,41.617],[26.131,41.553],[26.158,41.542],[26.163,41.506],[26.146,41.478],[26.176,41.432],[26.121,41.358],[25.882,41.304],[25.811,41.341],[25.68,41.297],[25.551,41.316],[25.505,41.281],[25.239,41.241],[25.102,41.337],[24.886,41.401],[24.803,41.393],[24.794,41.347],[24.774,41.348],[24.699,41.409],[24.58,41.441],[24.531,41.548],[24.51,41.562],[24.459,41.55],[24.439,41.528],[24.296,41.515],[24.286,41.54],[24.251,41.563],[24.196,41.547],[24.17,41.512],[24.077,41.536],[24.047,41.526],[24.052,41.463],[24.035,41.451],[24.001,41.464],[23.95,41.438],[23.895,41.464],[23.852,41.44],[23.777,41.429],[23.754,41.401],[23.672,41.403],[23.612,41.371],[23.513,41.398],[23.415,41.4],[23.326,41.369],[23.288,41.398],[23.224,41.379],[23.2,41.333],[23.157,41.316],[22.917,41.336],[22.941,41.35],[22.937,41.411],[22.955,41.432],[22.936,41.626],[22.999,41.693],[23.009,41.74],[22.991,41.761],[22.946,41.769],[22.901,41.86],[22.881,41.873],[22.838,42.019],[22.799,42.021],[22.781,42.043],[22.718,42.044],[22.531,42.129],[22.481,42.193],[22.345,42.313],[22.424,42.326],[22.47,42.392],[22.509,42.405],[22.533,42.458],[22.525,42.508],[22.425,42.573],[22.442,42.682],[22.483,42.734],[22.427,42.814],[22.506,42.87],[22.564,42.884],[22.666,42.872],[22.727,42.887],[22.776,42.98],[22.829,42.994],[22.956,43.108],[22.981,43.199],[22.898,43.22],[22.827,43.281],[22.805,43.329],[22.733,43.382],[22.665,43.397],[22.638,43.426],[22.596,43.429],[22.519,43.474],[22.478,43.559],[22.466,43.649],[22.405,43.687],[22.389,43.758],[22.349,43.808],[22.4,43.993],[22.434,44.014],[22.504,44.02],[22.534,44.057],[22.593,44.064],[22.606,44.175],[22.649,44.214],[22.692,44.228],[22.906,44.123],[23.031,44.093],[23.04,44.062],[23.023,44.032],[22.886,43.995],[22.851,43.897],[22.863,43.855],[22.889,43.84],[23.132,43.848],[23.325,43.887],[23.485,43.881],[23.593,43.837],[23.743,43.843],[23.8,43.818],[24.159,43.753],[24.358,43.76],[24.466,43.802],[24.706,43.744],[24.964,43.75],[25.082,43.719],[25.252,43.705],[25.36,43.654],[25.403,43.65],[25.557,43.67],[25.671,43.717],[25.781,43.732],[25.934,43.87],[26.054,43.934],[26.079,43.969],[26.151,44.012],[26.311,44.053],[26.754,44.108],[26.884,44.157],[27.027,44.177],[27.1,44.144],[27.251,44.122],[27.285,44.072],[27.342,44.053],[27.384,44.015],[27.575,44.016],[27.633,44.03],[27.656,44.024],[27.722,43.949],[27.912,43.993],[27.981,43.849],[28.221,43.762],[28.435,43.735],[28.578,43.741],[28.573,43.606],[28.604,43.538],[28.56,43.454],[28.489,43.406],[28.473,43.367],[28.394,43.414],[28.322,43.428],[28.119,43.392],[28.018,43.233],[27.904,43.202],[27.946,43.169],[27.911,43.065],[27.884,43.031],[27.904,42.942],[27.904,42.86],[27.884,42.848],[27.892,42.711],[27.733,42.715],[27.717,42.675],[27.74,42.661],[27.628,42.629],[27.65,42.558],[27.541,42.565],[27.511,42.553],[27.48,42.483],[27.453,42.48],[27.466,42.428],[27.473,42.462],[27.514,42.435],[27.544,42.46],[27.562,42.448],[27.629,42.459],[27.643,42.456],[27.652,42.419],[27.692,42.428],[27.719,42.415],[27.698,42.4],[27.719,42.387],[27.714,42.349],[27.74,42.334],[27.78,42.339],[27.774,42.322],[27.788,42.311],[27.751,42.277],[27.756,42.258],[27.856,42.181],[27.849,42.167],[27.904,42.12],[27.987,42.072],[28.019,42.008],[28.017,41.973],[27.812,41.995],[27.803,41.96],[27.815,41.947],[27.687,41.969],[27.609,41.953],[27.603,41.939],[27.551,41.924],[27.563,41.906],[27.546,41.901],[27.397,41.989],[27.332,42.057],[27.273,42.092],[27.216,42.096],[27.174,42.057],[27.047,42.083],[26.939,41.996],[26.861,41.988],[26.819,41.966],[26.781,41.983],[26.737,41.959],[26.606,41.967],[26.543,41.92],[26.559,41.902],[26.526,41.824],[26.376,41.817],[26.334,41.79],[26.316,41.744],[26.333,41.713]]]}},{"type":"Feature","properties":{"name":"Croatia","blocKey":"nato","blocLabel":"NATO","color":"#5b6fb0","certainty":"member","basis":"NATO member"},"geometry":{"type":"MultiPolygon","coordinates":[[[[16.515,46.502],[16.578,46.471],[16.594,46.483],[16.659,46.464],[16.755,46.382],[16.769,46.396],[16.838,46.382],[16.875,46.343],[16.889,46.292],[17.053,46.153],[17.116,46.123],[17.209,46.117],[17.249,46.08],[17.276,46.012],[17.317,45.998],[17.29,45.985],[17.327,45.972],[17.338,45.985],[17.345,45.956],[17.389,45.963],[17.406,45.944],[17.427,45.957],[17.512,45.954],[17.591,45.936],[17.646,45.892],[17.657,45.845],[17.809,45.814],[17.858,45.772],[17.89,45.792],[18.08,45.772],[18.211,45.785],[18.318,45.747],[18.367,45.758],[18.404,45.742],[18.482,45.791],[18.53,45.791],[18.573,45.817],[18.656,45.908],[18.776,45.883],[18.805,45.914],[18.828,45.906],[18.901,45.931],[18.907,45.916],[18.873,45.895],[18.907,45.868],[18.855,45.857],[18.845,45.816],[18.9,45.765],[18.917,45.707],[18.968,45.669],[18.912,45.619],[18.904,45.573],[18.942,45.539],[19.018,45.567],[19.106,45.512],[19.077,45.492],[19.01,45.499],[18.997,45.456],[19.031,45.416],[18.976,45.391],[18.977,45.371],[19.083,45.339],[19.104,45.299],[19.158,45.276],[19.29,45.236],[19.378,45.23],[19.408,45.203],[19.391,45.169],[19.304,45.167],[19.287,45.18],[19.226,45.162],[19.185,45.168],[19.144,45.2],[19.122,45.196],[19.138,45.146],[19.045,45.137],[19.082,45.085],[19.095,45.021],[19.087,44.977],[19.119,44.976],[19.132,44.953],[19.067,44.906],[19.018,44.926],[18.991,44.915],[19.016,44.866],[18.89,44.861],[18.783,44.914],[18.773,44.942],[18.805,44.974],[18.792,45.002],[18.738,45.016],[18.684,45.085],[18.649,45.063],[18.617,45.098],[18.55,45.095],[18.535,45.09],[18.541,45.055],[18.517,45.056],[18.412,45.112],[18.322,45.123],[18.238,45.157],[18.202,45.144],[18.193,45.109],[18.154,45.098],[18.09,45.108],[18.003,45.149],[17.911,45.081],[17.836,45.064],[17.685,45.164],[17.63,45.157],[17.572,45.12],[17.482,45.114],[17.496,45.142],[17.448,45.134],[17.458,45.146],[17.443,45.162],[17.382,45.14],[17.269,45.19],[17.245,45.155],[17.187,45.149],[17.056,45.2],[17.036,45.23],[17.008,45.216],[17.008,45.244],[16.999,45.231],[16.961,45.251],[16.968,45.237],[16.947,45.236],[16.924,45.285],[16.831,45.217],[16.812,45.181],[16.529,45.222],[16.482,45.2],[16.436,45.133],[16.389,45.117],[16.341,45.006],[16.316,45.001],[16.213,45.031],[16.122,45.096],[16.067,45.17],[16.024,45.184],[16.02,45.214],[15.879,45.217],[15.825,45.211],[15.792,45.19],[15.784,45.101],[15.756,45.042],[15.764,44.976],[15.731,44.927],[15.773,44.845],[15.769,44.827],[15.716,44.803],[15.728,44.769],[15.806,44.697],[15.889,44.724],[15.905,44.69],[15.948,44.678],[15.969,44.639],[16.028,44.625],[16.045,44.589],[16.006,44.541],[16.027,44.525],[16.084,44.535],[16.116,44.521],[16.16,44.416],[16.138,44.378],[16.203,44.36],[16.188,44.282],[16.216,44.208],[16.276,44.157],[16.327,44.082],[16.367,44.058],[16.414,44.056],[16.44,44.014],[16.501,43.993],[16.679,43.841],[16.713,43.772],[16.824,43.707],[17.031,43.548],[17.143,43.489],[17.271,43.463],[17.286,43.437],[17.268,43.353],[17.29,43.303],[17.4,43.216],[17.442,43.152],[17.587,43.082],[17.628,43.047],[17.663,42.966],[17.635,42.95],[17.581,42.942],[17.516,42.959],[17.471,43.013],[17.502,43.031],[17.434,43.017],[17.46,43.031],[17.432,43.036],[17.426,43.065],[17.405,43.052],[17.316,43.127],[17.114,43.213],[16.881,43.406],[16.626,43.449],[16.525,43.511],[16.391,43.511],[16.473,43.538],[16.434,43.55],[16.118,43.524],[16.172,43.49],[16.111,43.49],[16.113,43.479],[15.959,43.504],[15.984,43.521],[15.987,43.545],[15.959,43.538],[15.925,43.559],[15.944,43.567],[15.918,43.573],[15.932,43.587],[15.918,43.593],[15.919,43.629],[15.966,43.641],[15.905,43.648],[15.953,43.651],[15.932,43.668],[15.95,43.689],[15.939,43.696],[15.931,43.677],[15.792,43.754],[15.706,43.763],[15.682,43.797],[15.617,43.826],[15.679,43.819],[15.455,43.928],[15.358,44.026],[15.145,44.195],[15.16,44.213],[15.152,44.235],[15.11,44.264],[15.141,44.282],[15.177,44.25],[15.208,44.273],[15.185,44.285],[15.207,44.285],[15.198,44.302],[15.295,44.251],[15.282,44.285],[15.303,44.299],[15.261,44.333],[15.424,44.268],[15.504,44.259],[15.529,44.272],[15.449,44.285],[15.406,44.321],[15.308,44.354],[15.08,44.536],[15.007,44.57],[14.884,44.724],[14.895,44.736],[14.884,44.861],[14.922,44.959],[14.853,45.094],[14.658,45.197],[14.576,45.262],[14.571,45.294],[14.534,45.313],[14.555,45.296],[14.533,45.284],[14.402,45.339],[14.33,45.354],[14.312,45.344],[14.272,45.29],[14.233,45.149],[14.209,45.126],[14.179,45.135],[14.193,45.106],[14.158,45.087],[14.158,45.053],[14.144,45.059],[14.166,45.019],[14.151,44.977],[14.101,44.974],[14.069,44.95],[14.084,44.986],[14.04,45.039],[14.044,45.001],[14.076,44.984],[14.035,44.956],[14.039,44.932],[14.021,44.901],[13.973,44.901],[13.993,44.881],[13.973,44.827],[14,44.813],[13.925,44.813],[13.919,44.829],[13.89,44.833],[13.918,44.778],[13.903,44.772],[13.897,44.813],[13.849,44.827],[13.842,44.855],[13.787,44.875],[13.82,44.868],[13.842,44.888],[13.795,44.895],[13.808,44.915],[13.774,44.964],[13.661,45.061],[13.623,45.073],[13.637,45.094],[13.613,45.118],[13.726,45.135],[13.596,45.145],[13.582,45.197],[13.595,45.251],[13.575,45.265],[13.603,45.285],[13.575,45.306],[13.61,45.32],[13.562,45.326],[13.541,45.346],[13.555,45.367],[13.513,45.436],[13.507,45.512],[13.59,45.489],[13.624,45.463],[13.759,45.463],[13.82,45.433],[13.889,45.424],[13.983,45.475],[13.961,45.493],[13.972,45.514],[14.093,45.474],[14.219,45.497],[14.373,45.478],[14.469,45.526],[14.499,45.596],[14.581,45.668],[14.603,45.604],[14.67,45.565],[14.668,45.534],[14.781,45.493],[14.797,45.465],[14.882,45.47],[14.904,45.514],[14.923,45.515],[15.007,45.481],[15.056,45.48],[15.139,45.43],[15.325,45.453],[15.361,45.482],[15.297,45.523],[15.269,45.602],[15.297,45.626],[15.374,45.64],[15.331,45.685],[15.283,45.68],[15.251,45.708],[15.255,45.723],[15.429,45.775],[15.451,45.815],[15.626,45.82],[15.676,45.842],[15.659,45.889],[15.676,45.925],[15.674,45.993],[15.698,46.036],[15.632,46.071],[15.59,46.114],[15.604,46.167],[15.64,46.208],[15.75,46.211],[15.818,46.256],[16.019,46.299],[16.06,46.332],[16.058,46.378],[16.106,46.374],[16.144,46.395],[16.192,46.37],[16.276,46.373],[16.279,46.387],[16.251,46.405],[16.235,46.493],[16.344,46.547],[16.515,46.502]]],[[[18.437,42.559],[18.437,42.493],[18.493,42.442],[18.496,42.416],[18.474,42.441],[18.239,42.559],[18.221,42.579],[18.218,42.62],[18.076,42.651],[18.057,42.668],[18.077,42.668],[18.043,42.702],[18.028,42.691],[17.902,42.752],[17.881,42.769],[17.893,42.791],[17.807,42.812],[17.78,42.797],[17.721,42.826],[17.762,42.779],[17.749,42.772],[17.749,42.791],[17.729,42.801],[17.44,42.873],[17.443,42.899],[17.417,42.911],[17.351,42.922],[17.214,42.983],[17.046,42.995],[17.018,43.014],[17.028,43.031],[17.002,43.052],[17.073,43.024],[17.24,43.023],[17.39,42.978],[17.454,42.942],[17.46,42.922],[17.559,42.913],[17.741,42.839],[17.702,42.868],[17.707,42.887],[17.653,42.891],[17.666,42.905],[17.702,42.92],[17.787,42.901],[17.812,42.91],[17.827,42.853],[17.858,42.817],[17.904,42.805],[17.995,42.74],[18.224,42.628],[18.339,42.603],[18.385,42.567],[18.437,42.559]]],[[[16.858,42.784],[16.921,42.777],[16.936,42.756],[16.905,42.732],[16.858,42.743],[16.834,42.731],[16.81,42.75],[16.824,42.764],[16.803,42.763],[16.858,42.784]]],[[[17.659,42.743],[17.749,42.695],[17.386,42.771],[17.374,42.76],[17.324,42.791],[17.392,42.802],[17.372,42.791],[17.486,42.782],[17.591,42.743],[17.659,42.743]]],[[[17.132,42.97],[17.2,42.922],[17.193,42.914],[17.015,42.929],[16.851,42.901],[16.655,42.926],[16.638,42.935],[16.707,42.97],[16.632,42.983],[16.72,42.99],[16.824,42.962],[17.032,42.983],[17.132,42.97]]],[[[16.241,43.072],[16.253,43.078],[16.252,43.062],[16.21,43.033],[16.087,43.011],[16.063,43.017],[16.084,43.026],[16.079,43.053],[16.049,43.065],[16.13,43.088],[16.241,43.072]]],[[[16.693,43.127],[16.56,43.143],[16.372,43.196],[16.496,43.218],[16.583,43.189],[16.521,43.229],[16.66,43.216],[16.686,43.182],[16.728,43.165],[16.864,43.169],[17.193,43.127],[16.693,43.127]]],[[[16.501,43.284],[16.406,43.333],[16.426,43.325],[16.453,43.353],[16.426,43.394],[16.688,43.377],[16.81,43.353],[16.796,43.346],[16.83,43.346],[16.892,43.312],[16.872,43.288],[16.813,43.268],[16.628,43.264],[16.501,43.284]]],[[[16.391,43.346],[16.376,43.333],[16.349,43.339],[16.207,43.387],[16.2,43.407],[16.277,43.412],[16.391,43.346]]],[[[15.679,43.648],[15.74,43.628],[15.672,43.637],[15.604,43.675],[15.65,43.673],[15.679,43.648]]],[[[15.261,43.867],[15.396,43.772],[15.309,43.806],[15.233,43.862],[15.241,43.881],[15.261,43.867]]],[[[15.303,43.966],[15.261,44.011],[15.384,43.97],[15.392,43.942],[15.427,43.922],[15.446,43.888],[15.359,43.919],[15.357,43.935],[15.303,43.966]]],[[[15.254,44.018],[15.223,44.05],[15.207,44.045],[15.199,44.059],[15.189,44.048],[15.122,44.092],[15.069,44.134],[15.063,44.162],[15.226,44.066],[15.254,44.018]]],[[[14.843,44.148],[14.864,44.148],[14.835,44.142],[14.822,44.169],[14.843,44.148]]],[[[15.145,43.95],[15.22,43.901],[15.195,43.895],[15.133,43.921],[15.197,43.886],[15.195,43.873],[15.121,43.913],[15.003,44.052],[14.87,44.141],[14.85,44.176],[14.939,44.127],[14.954,44.103],[15.007,44.093],[15,44.079],[15.023,44.072],[15.041,44.026],[15.145,43.95]]],[[[14.877,44.56],[14.761,44.659],[14.734,44.703],[14.884,44.58],[14.88,44.609],[14.938,44.594],[15.004,44.536],[15.041,44.527],[15.076,44.484],[15.007,44.505],[15.014,44.519],[14.973,44.536],[14.911,44.545],[14.966,44.524],[15.048,44.439],[15.097,44.415],[15.042,44.477],[15.083,44.462],[15.254,44.34],[15.165,44.367],[15.216,44.338],[15.227,44.326],[15.207,44.326],[15.22,44.313],[15.131,44.333],[15.172,44.299],[15.129,44.312],[15.097,44.34],[15.11,44.354],[15.089,44.374],[15.117,44.387],[15.083,44.402],[15.049,44.395],[15.021,44.43],[14.897,44.491],[14.919,44.505],[14.877,44.56]]],[[[14.446,44.566],[14.527,44.504],[14.534,44.484],[14.512,44.482],[14.438,44.539],[14.466,44.539],[14.438,44.565],[14.404,44.58],[14.387,44.566],[14.363,44.573],[14.383,44.603],[14.349,44.655],[14.336,44.717],[14.397,44.686],[14.404,44.61],[14.446,44.566]]],[[[14.74,44.778],[14.754,44.758],[14.699,44.765],[14.658,44.799],[14.706,44.793],[14.699,44.813],[14.727,44.799],[14.686,44.847],[14.727,44.84],[14.72,44.855],[14.739,44.853],[14.756,44.836],[14.74,44.821],[14.822,44.771],[14.859,44.717],[14.85,44.703],[14.74,44.778]]],[[[14.514,44.662],[14.509,44.645],[14.534,44.634],[14.513,44.619],[14.473,44.62],[14.428,44.657],[14.395,44.708],[14.397,44.752],[14.368,44.761],[14.362,44.816],[14.33,44.834],[14.314,44.894],[14.294,44.909],[14.302,44.943],[14.36,44.909],[14.387,44.909],[14.39,44.96],[14.411,44.956],[14.377,44.987],[14.341,45.056],[14.278,45.113],[14.314,45.172],[14.356,45.169],[14.363,45.094],[14.388,45.039],[14.418,44.998],[14.473,44.971],[14.452,44.922],[14.467,44.805],[14.452,44.799],[14.473,44.765],[14.472,44.708],[14.514,44.662]]],[[[14.723,44.943],[14.629,44.978],[14.621,45.046],[14.603,45.039],[14.617,45.025],[14.511,45.032],[14.46,45.052],[14.425,45.087],[14.463,45.101],[14.476,45.128],[14.53,45.135],[14.521,45.149],[14.55,45.221],[14.534,45.238],[14.549,45.249],[14.596,45.238],[14.584,45.23],[14.624,45.175],[14.597,45.166],[14.665,45.162],[14.665,45.087],[14.74,45.073],[14.74,45.044],[14.8,45.005],[14.815,44.977],[14.761,44.977],[14.747,44.97],[14.757,44.949],[14.723,44.943]]],[[[16.31,43.508],[16.371,43.484],[16.211,43.49],[16.264,43.513],[16.31,43.508]]],[[[14.76,44.292],[14.79,44.267],[14.749,44.262],[14.74,44.28],[14.76,44.292]]],[[[14.613,44.341],[14.661,44.309],[14.613,44.341]]],[[[14.798,44.378],[14.811,44.35],[14.801,44.343],[14.756,44.364],[14.763,44.415],[14.803,44.406],[14.798,44.378]]],[[[14.244,44.661],[14.28,44.678],[14.257,44.657],[14.271,44.613],[14.233,44.626],[14.244,44.661]]]]}},{"type":"Feature","properties":{"name":"Czechia","blocKey":"nato","blocLabel":"NATO","color":"#5b6fb0","certainty":"member","basis":"NATO member"},"geometry":{"type":"Polygon","coordinates":[[[14.81,50.858],[14.982,50.859],[14.997,50.959],[14.961,50.993],[15.004,51.021],[15.108,50.981],[15.144,51.012],[15.17,50.978],[15.227,50.977],[15.27,50.953],[15.256,50.9],[15.288,50.855],[15.341,50.832],[15.356,50.775],[15.442,50.8],[15.642,50.756],[15.684,50.731],[15.792,50.743],[15.848,50.675],[15.941,50.688],[15.971,50.679],[15.999,50.636],[15.982,50.604],[16.024,50.609],[16.086,50.647],[16.175,50.624],[16.232,50.661],[16.332,50.644],[16.426,50.568],[16.394,50.559],[16.391,50.522],[16.353,50.493],[16.288,50.493],[16.211,50.451],[16.218,50.437],[16.198,50.44],[16.19,50.424],[16.2,50.406],[16.232,50.403],[16.263,50.364],[16.344,50.37],[16.371,50.318],[16.438,50.298],[16.535,50.208],[16.567,50.142],[16.661,50.093],[16.701,50.095],[16.818,50.187],[16.881,50.192],[16.919,50.217],[16.955,50.213],[16.96,50.232],[17.015,50.218],[16.988,50.285],[16.927,50.319],[16.866,50.408],[16.866,50.422],[16.893,50.433],[17.132,50.377],[17.188,50.378],[17.211,50.336],[17.337,50.313],[17.319,50.308],[17.342,50.26],[17.388,50.273],[17.424,50.241],[17.469,50.266],[17.63,50.262],[17.685,50.312],[17.708,50.311],[17.734,50.289],[17.719,50.253],[17.748,50.218],[17.675,50.175],[17.589,50.163],[17.584,50.146],[17.633,50.106],[17.732,50.095],[17.719,50.081],[17.763,50.025],[17.839,49.974],[17.876,49.969],[18.032,50.003],[18.036,50.017],[18.007,50.024],[18.002,50.047],[18.092,50.017],[18.085,49.999],[18.098,49.989],[18.256,49.946],[18.292,49.908],[18.369,49.932],[18.482,49.897],[18.559,49.907],[18.567,49.861],[18.594,49.852],[18.566,49.832],[18.567,49.805],[18.618,49.714],[18.728,49.669],[18.788,49.669],[18.835,49.548],[18.833,49.51],[18.774,49.505],[18.733,49.48],[18.636,49.497],[18.536,49.482],[18.515,49.441],[18.417,49.385],[18.388,49.39],[18.385,49.342],[18.161,49.259],[18.118,49.203],[18.103,49.092],[18.076,49.047],[18.013,49.019],[17.914,49.01],[17.879,48.934],[17.796,48.921],[17.727,48.863],[17.535,48.813],[17.453,48.843],[17.374,48.82],[17.26,48.858],[17.167,48.86],[17.114,48.834],[17.025,48.746],[16.945,48.604],[16.911,48.631],[16.897,48.697],[16.873,48.719],[16.799,48.709],[16.675,48.734],[16.643,48.778],[16.52,48.806],[16.436,48.795],[16.385,48.737],[16.358,48.727],[16.085,48.743],[15.932,48.806],[15.9,48.835],[15.876,48.833],[15.886,48.842],[15.833,48.852],[15.818,48.872],[15.681,48.858],[15.45,48.945],[15.275,48.987],[15.238,48.951],[15.142,48.937],[15.137,48.993],[15.004,49.01],[14.979,49.006],[14.965,48.972],[14.968,48.885],[14.938,48.803],[14.951,48.78],[14.94,48.763],[14.8,48.777],[14.775,48.724],[14.704,48.673],[14.696,48.59],[14.676,48.576],[14.635,48.602],[14.605,48.6],[14.594,48.621],[14.534,48.609],[14.458,48.643],[14.405,48.586],[14.325,48.559],[14.041,48.601],[14.006,48.64],[14.032,48.667],[13.991,48.7],[13.816,48.766],[13.725,48.867],[13.637,48.893],[13.609,48.946],[13.516,48.97],[13.482,48.938],[13.427,48.96],[13.384,48.993],[13.372,49.039],[13.3,49.094],[13.179,49.118],[13.011,49.268],[13,49.295],[12.885,49.34],[12.857,49.322],[12.778,49.333],[12.729,49.391],[12.644,49.429],[12.623,49.51],[12.583,49.522],[12.547,49.596],[12.502,49.62],[12.496,49.67],[12.42,49.7],[12.384,49.743],[12.453,49.78],[12.462,49.831],[12.483,49.827],[12.524,49.905],[12.463,49.931],[12.468,49.97],[12.451,49.981],[12.247,50.045],[12.233,50.081],[12.179,50.118],[12.175,50.183],[12.08,50.243],[12.111,50.277],[12.076,50.315],[12.149,50.312],[12.169,50.303],[12.178,50.269],[12.24,50.257],[12.23,50.235],[12.254,50.217],[12.273,50.172],[12.3,50.161],[12.314,50.167],[12.309,50.217],[12.336,50.259],[12.398,50.315],[12.467,50.342],[12.475,50.369],[12.51,50.389],[12.692,50.395],[12.738,50.432],[12.817,50.443],[12.953,50.404],[12.997,50.434],[13.01,50.493],[13.16,50.497],[13.199,50.525],[13.232,50.582],[13.306,50.576],[13.322,50.602],[13.369,50.628],[13.407,50.601],[13.448,50.597],[13.523,50.662],[13.516,50.691],[13.557,50.707],[13.835,50.724],[13.882,50.743],[13.893,50.78],[13.96,50.802],[14.035,50.803],[14.191,50.848],[14.232,50.879],[14.347,50.88],[14.376,50.896],[14.382,50.921],[14.318,50.938],[14.293,50.953],[14.304,50.97],[14.238,50.982],[14.288,51.037],[14.357,51.032],[14.398,51.013],[14.462,51.02],[14.482,51.037],[14.503,51.009],[14.574,50.975],[14.55,50.912],[14.629,50.921],[14.613,50.846],[14.759,50.81],[14.785,50.82],[14.81,50.858]]]}},{"type":"Feature","properties":{"name":"Denmark","blocKey":"nato","blocLabel":"NATO","color":"#5b6fb0","certainty":"member","basis":"NATO member"},"geometry":{"type":"MultiPolygon","coordinates":[[[[8.661,54.896],[8.675,54.948],[8.641,55.023],[8.682,55.133],[8.564,55.143],[8.557,55.096],[8.499,55.066],[8.47,55.079],[8.459,55.103],[8.47,55.178],[8.489,55.197],[8.594,55.181],[8.552,55.161],[8.555,55.149],[8.689,55.142],[8.648,55.28],[8.66,55.327],[8.618,55.438],[8.442,55.464],[8.31,55.563],[8.332,55.572],[8.313,55.583],[8.268,55.581],[8.239,55.558],[8.272,55.53],[8.244,55.517],[8.317,55.489],[8.326,55.472],[8.313,55.469],[8.194,55.526],[8.095,55.549],[8.182,55.729],[8.128,55.988],[8.151,55.977],[8.193,55.874],[8.182,55.828],[8.194,55.812],[8.348,55.869],[8.393,55.909],[8.32,55.986],[8.308,56.053],[8.282,56.076],[8.15,56.111],[8.135,55.994],[8.108,56.024],[8.106,56.119],[8.134,56.205],[8.122,56.552],[8.179,56.672],[8.22,56.709],[8.232,56.688],[8.202,56.64],[8.233,56.634],[8.254,56.606],[8.306,56.598],[8.292,56.593],[8.307,56.554],[8.312,56.579],[8.392,56.585],[8.515,56.545],[8.566,56.579],[8.601,56.501],[8.637,56.48],[8.727,56.483],[8.763,56.563],[8.709,56.589],[8.682,56.627],[8.741,56.635],[8.805,56.695],[8.917,56.709],[8.841,56.722],[8.877,56.764],[8.956,56.803],[9.015,56.798],[9.063,56.813],[9.106,56.8],[9.12,56.765],[9.176,56.709],[9.093,56.675],[9.098,56.658],[9.059,56.634],[9.049,56.607],[9.061,56.566],[9.093,56.578],[9.107,56.611],[9.155,56.613],[9.121,56.62],[9.155,56.661],[9.149,56.639],[9.276,56.633],[9.282,56.611],[9.25,56.579],[9.326,56.53],[9.347,56.552],[9.373,56.553],[9.373,56.565],[9.294,56.561],[9.326,56.669],[9.306,56.695],[9.271,56.702],[9.199,56.677],[9.169,56.689],[9.226,56.716],[9.243,56.747],[9.197,56.77],[9.175,56.806],[9.211,56.863],[9.163,56.894],[9.2,56.939],[9.289,56.997],[9.437,57.024],[9.587,56.997],[9.573,56.979],[9.608,56.97],[9.689,57.039],[9.761,57.059],[9.916,57.059],[9.796,57.106],[9.712,57.061],[9.675,57.079],[9.581,57.049],[9.494,57.049],[9.245,57.002],[9.115,57.059],[9.113,57.039],[9.043,57.018],[8.997,57.028],[8.902,56.986],[8.85,57.003],[8.812,56.97],[8.68,56.953],[8.621,56.894],[8.608,56.85],[8.57,56.818],[8.491,56.794],[8.491,56.731],[8.476,56.716],[8.526,56.716],[8.527,56.695],[8.453,56.702],[8.408,56.689],[8.501,56.675],[8.586,56.689],[8.586,56.654],[8.608,56.631],[8.547,56.602],[8.56,56.593],[8.511,56.607],[8.445,56.664],[8.352,56.693],[8.302,56.764],[8.244,56.777],[8.263,56.719],[8.246,56.704],[8.236,56.771],[8.248,56.812],[8.45,57.004],[8.618,57.123],[8.784,57.105],[8.915,57.127],[8.98,57.161],[9.231,57.141],[9.412,57.165],[9.573,57.243],[9.788,57.459],[9.967,57.591],[10.198,57.601],[10.351,57.649],[10.539,57.744],[10.596,57.751],[10.649,57.737],[10.542,57.699],[10.46,57.631],[10.43,57.571],[10.547,57.435],[10.517,57.391],[10.539,57.237],[10.447,57.185],[10.411,57.144],[10.347,57.01],[10.24,56.993],[9.995,57.093],[9.927,57.059],[10.002,57.084],[10.192,56.994],[10.314,56.983],[10.28,56.956],[10.266,56.908],[10.295,56.779],[10.341,56.717],[10.204,56.702],[10.146,56.722],[9.946,56.658],[9.806,56.64],[10.001,56.661],[10.063,56.689],[10.101,56.683],[10.151,56.714],[10.183,56.709],[10.176,56.695],[10.242,56.688],[10.334,56.704],[10.358,56.649],[10.34,56.62],[10.214,56.558],[10.207,56.491],[10.183,56.47],[10.226,56.476],[10.238,56.554],[10.33,56.603],[10.351,56.596],[10.365,56.558],[10.47,56.521],[10.822,56.534],[10.964,56.448],[10.928,56.406],[10.912,56.334],[10.755,56.229],[10.739,56.155],[10.672,56.165],[10.649,56.188],[10.685,56.196],[10.688,56.222],[10.629,56.238],[10.549,56.178],[10.574,56.113],[10.548,56.101],[10.519,56.103],[10.491,56.14],[10.525,56.154],[10.509,56.17],[10.409,56.165],[10.355,56.202],[10.429,56.222],[10.478,56.202],[10.491,56.216],[10.475,56.245],[10.505,56.278],[10.403,56.298],[10.394,56.277],[10.258,56.19],[10.22,56.148],[10.266,56.074],[10.231,56.017],[10.278,56.018],[10.252,55.986],[10.245,55.915],[10.183,55.874],[10.199,55.851],[10.182,55.834],[10.151,55.838],[10.102,55.882],[9.867,55.852],[9.893,55.836],[10.046,55.814],[10.017,55.766],[10.06,55.749],[10.019,55.736],[10.005,55.701],[9.982,55.709],[9.792,55.674],[9.687,55.709],[9.556,55.712],[9.553,55.701],[9.574,55.695],[9.659,55.69],[9.738,55.63],[9.854,55.627],[9.712,55.56],[9.707,55.537],[9.607,55.517],[9.56,55.524],[9.552,55.505],[9.498,55.489],[9.602,55.496],[9.66,55.478],[9.649,55.441],[9.587,55.427],[9.608,55.393],[9.601,55.366],[9.645,55.343],[9.635,55.318],[9.71,55.249],[9.684,55.198],[9.57,55.193],[9.486,55.156],[9.512,55.133],[9.457,55.126],[9.521,55.116],[9.56,55.085],[9.517,55.057],[9.434,55.038],[9.455,55.023],[9.58,55.051],[9.663,55.01],[9.731,54.995],[9.763,54.9],[9.711,54.899],[9.703,54.886],[9.744,54.866],[9.746,54.836],[9.72,54.836],[9.697,54.859],[9.623,54.865],[9.635,54.879],[9.61,54.903],[9.644,54.913],[9.615,54.933],[9.587,54.928],[9.546,54.879],[9.456,54.844],[9.437,54.81],[9.385,54.819],[9.317,54.802],[9.226,54.806],[9.195,54.85],[8.904,54.898],[8.661,54.896]]],[[[11.845,54.732],[11.807,54.708],[11.846,54.698],[11.843,54.676],[11.811,54.655],[11.766,54.647],[11.611,54.666],[11.474,54.626],[11.188,54.732],[11.031,54.761],[10.999,54.787],[11.006,54.804],[11.09,54.811],[11.108,54.832],[11.019,54.886],[11.032,54.919],[11.074,54.948],[11.232,54.961],[11.339,54.919],[11.369,54.881],[11.595,54.811],[11.573,54.848],[11.656,54.866],[11.649,54.914],[11.787,54.832],[11.773,54.825],[11.788,54.807],[11.849,54.773],[11.845,54.732]]],[[[10.45,54.9],[10.519,54.852],[10.383,54.831],[10.211,54.939],[10.189,54.977],[10.289,54.941],[10.35,54.897],[10.391,54.895],[10.389,54.92],[10.426,54.873],[10.461,54.874],[10.45,54.9]]],[[[12.417,55.03],[12.538,55.002],[12.554,54.968],[12.543,54.951],[12.348,54.96],[12.208,54.886],[12.115,54.907],[12.149,54.941],[12.129,54.954],[12.177,54.968],[12.177,54.989],[12.232,54.976],[12.287,54.989],[12.294,55.023],[12.253,55.044],[12.251,55.061],[12.28,55.064],[12.335,55.033],[12.417,55.03]]],[[[10.011,54.976],[10.064,54.881],[9.954,54.863],[9.874,54.886],[9.901,54.901],[9.992,54.873],[9.944,54.904],[9.888,54.914],[9.815,54.901],[9.781,54.917],[9.758,54.982],[9.848,54.948],[9.833,54.965],[9.842,54.97],[9.787,55],[9.799,55.017],[9.674,55.021],[9.697,55.051],[9.646,55.045],[9.628,55.058],[9.717,55.082],[9.793,55.081],[9.853,55.04],[9.961,55.015],[10.011,54.976]]],[[[10.855,55.044],[10.896,55.122],[10.934,55.16],[10.957,55.154],[10.909,55.03],[10.838,54.937],[10.741,54.752],[10.694,54.735],[10.656,54.804],[10.601,54.838],[10.641,54.843],[10.684,54.888],[10.724,54.886],[10.718,54.907],[10.683,54.907],[10.697,54.931],[10.855,55.044]]],[[[15.151,55.133],[15.138,55.12],[15.145,55.087],[15.107,55.045],[15.113,55.018],[15.073,54.992],[14.781,55.051],[14.684,55.101],[14.709,55.236],[14.761,55.309],[14.851,55.248],[14.927,55.216],[14.973,55.216],[15,55.188],[15.151,55.133]]],[[[8.476,55.345],[8.452,55.34],[8.402,55.38],[8.371,55.427],[8.374,55.463],[8.408,55.468],[8.412,55.439],[8.463,55.427],[8.45,55.393],[8.476,55.345]]],[[[10.666,55.064],[10.605,55.063],[10.538,55.03],[10.313,55.064],[10.234,55.092],[10.205,55.094],[10.197,55.064],[10.142,55.092],[10.066,55.092],[10.156,55.14],[10.113,55.184],[10.039,55.181],[10.004,55.197],[9.994,55.173],[10.029,55.142],[10.026,55.126],[9.986,55.128],[9.98,55.213],[9.911,55.229],[9.884,55.253],[9.895,55.28],[9.885,55.349],[9.802,55.362],[9.778,55.38],[9.84,55.4],[9.785,55.414],[9.82,55.414],[9.809,55.425],[9.737,55.438],[9.703,55.462],[9.812,55.441],[9.676,55.496],[9.755,55.544],[9.827,55.548],[9.84,55.524],[9.888,55.509],[10.237,55.606],[10.272,55.606],[10.28,55.585],[10.294,55.588],[10.294,55.616],[10.308,55.618],[10.519,55.533],[10.475,55.532],[10.486,55.495],[10.42,55.459],[10.436,55.442],[10.472,55.443],[10.491,55.465],[10.609,55.493],[10.567,55.524],[10.614,55.528],[10.594,55.578],[10.615,55.565],[10.609,55.613],[10.628,55.614],[10.704,55.55],[10.742,55.487],[10.657,55.46],[10.571,55.461],[10.554,55.443],[10.594,55.441],[10.596,55.46],[10.698,55.44],[10.797,55.359],[10.834,55.29],[10.797,55.308],[10.773,55.287],[10.815,55.214],[10.783,55.124],[10.734,55.072],[10.666,55.064]]],[[[12.616,55.688],[12.675,55.601],[12.556,55.55],[12.535,55.569],[12.52,55.619],[12.608,55.701],[12.616,55.688]]],[[[10.559,55.866],[10.58,55.912],[10.515,55.951],[10.519,55.976],[10.544,55.998],[10.58,55.937],[10.628,55.921],[10.621,55.88],[10.639,55.866],[10.669,55.88],[10.628,55.846],[10.615,55.777],[10.582,55.76],[10.52,55.789],[10.512,55.825],[10.517,55.846],[10.559,55.866]]],[[[12.04,54.893],[12.096,54.898],[12.17,54.838],[12.067,54.787],[11.961,54.694],[11.969,54.57],[11.949,54.569],[11.869,54.66],[11.871,54.68],[11.91,54.722],[11.876,54.73],[11.883,54.756],[11.809,54.805],[11.793,54.845],[11.75,54.873],[11.742,54.925],[11.711,54.941],[11.759,54.968],[11.804,54.948],[11.883,54.982],[11.842,55.03],[11.729,55.064],[11.666,55.066],[11.616,55.092],[11.827,55.051],[11.718,55.126],[11.804,55.135],[11.807,55.147],[11.729,55.155],[11.711,55.168],[11.735,55.189],[11.718,55.208],[11.649,55.181],[11.423,55.222],[11.3,55.208],[11.32,55.195],[11.261,55.201],[11.239,55.242],[11.268,55.236],[11.286,55.256],[11.242,55.249],[11.242,55.279],[11.162,55.319],[11.153,55.328],[11.19,55.345],[11.142,55.352],[11.108,55.332],[11.088,55.359],[11.214,55.404],[11.164,55.502],[11.081,55.513],[11.089,55.534],[11.148,55.557],[11.132,55.595],[11.039,55.643],[10.93,55.66],[11.088,55.66],[10.96,55.724],[10.875,55.743],[11.033,55.729],[11.163,55.749],[11.122,55.737],[11.193,55.7],[11.218,55.709],[11.176,55.729],[11.19,55.737],[11.252,55.729],[11.352,55.756],[11.376,55.808],[11.348,55.838],[11.398,55.826],[11.443,55.846],[11.478,55.842],[11.505,55.869],[11.511,55.908],[11.477,55.941],[11.305,55.968],[11.273,55.997],[11.401,55.962],[11.599,55.942],[11.768,55.971],[11.78,55.962],[11.739,55.921],[11.744,55.904],[11.711,55.907],[11.718,55.921],[11.663,55.907],[11.732,55.831],[11.718,55.811],[11.656,55.811],[11.608,55.783],[11.739,55.797],[11.763,55.749],[11.657,55.731],[11.746,55.731],[11.794,55.688],[11.78,55.66],[11.855,55.733],[11.842,55.756],[11.869,55.805],[11.937,55.825],[11.954,55.854],[11.91,55.915],[11.917,55.935],[11.935,55.934],[11.998,55.903],[11.992,55.874],[12.031,55.817],[12.052,55.737],[12.026,55.715],[11.973,55.721],[11.91,55.66],[11.959,55.665],[12.001,55.699],[12.04,55.674],[12.009,55.68],[12.011,55.669],[12.06,55.654],[12.095,55.729],[12.026,55.941],[11.992,55.961],[11.865,55.939],[11.849,55.948],[11.866,55.973],[12.245,56.129],[12.486,56.099],[12.622,56.044],[12.513,55.928],[12.602,55.797],[12.588,55.729],[12.602,55.709],[12.487,55.61],[12.404,55.619],[12.331,55.595],[12.248,55.546],[12.198,55.487],[12.225,55.435],[12.273,55.41],[12.369,55.4],[12.435,55.364],[12.465,55.29],[12.392,55.255],[12.183,55.227],[12.121,55.191],[12.099,55.141],[12.081,55.147],[12.077,55.182],[12.015,55.167],[12.047,55.14],[12.169,55.128],[12.177,55.105],[12.119,55.074],[12.163,55.023],[12.149,54.994],[12.033,54.968],[11.944,55.006],[11.91,55.01],[11.897,54.995],[11.89,54.93],[11.918,54.922],[11.931,54.928],[11.924,54.941],[11.958,54.948],[12.04,54.893]]],[[[11.512,56.695],[11.521,56.715],[11.649,56.73],[11.581,56.681],[11.544,56.679],[11.512,56.695]]],[[[8.826,56.744],[8.771,56.716],[8.766,56.699],[8.658,56.678],[8.586,56.736],[8.515,56.738],[8.553,56.768],[8.545,56.791],[8.644,56.808],[8.669,56.826],[8.621,56.832],[8.655,56.867],[8.652,56.894],[8.814,56.91],[8.867,56.963],[8.89,56.955],[8.916,56.979],[8.929,56.977],[8.908,56.949],[8.923,56.922],[8.9,56.875],[8.888,56.867],[8.867,56.894],[8.84,56.88],[8.855,56.82],[8.881,56.805],[8.853,56.798],[8.867,56.791],[8.826,56.744]]],[[[11.142,57.332],[11.19,57.326],[11.189,57.294],[11.067,57.291],[11.094,57.269],[11.091,57.253],[11.029,57.202],[10.998,57.198],[10.952,57.234],[10.855,57.265],[10.947,57.305],[11.142,57.332]]]]}},{"type":"Feature","properties":{"name":"Estonia","blocKey":"nato","blocLabel":"NATO","color":"#5b6fb0","certainty":"member","basis":"NATO member"},"geometry":{"type":"MultiPolygon","coordinates":[[[[24.306,57.868],[24.398,58.023],[24.464,58.072],[24.473,58.155],[24.455,58.196],[24.471,58.251],[24.549,58.289],[24.56,58.312],[24.551,58.334],[24.444,58.386],[24.362,58.397],[24.316,58.38],[24.287,58.319],[24.243,58.28],[24.156,58.277],[24.112,58.241],[23.98,58.318],[23.834,58.354],[23.741,58.343],[23.719,58.4],[23.677,58.435],[23.679,58.524],[23.584,58.545],[23.561,58.583],[23.516,58.555],[23.501,58.562],[23.518,58.604],[23.498,58.697],[23.547,58.71],[23.53,58.723],[23.533,58.747],[23.584,58.738],[23.697,58.751],[23.803,58.731],[23.785,58.778],[23.874,58.772],[23.784,58.801],[23.758,58.785],[23.74,58.798],[23.603,58.795],[23.429,58.765],[23.467,58.801],[23.526,58.82],[23.464,58.864],[23.422,58.909],[23.422,58.929],[23.444,58.944],[23.584,58.954],[23.628,58.979],[23.622,59.015],[23.56,59.053],[23.614,59.011],[23.58,59.005],[23.553,58.971],[23.461,58.992],[23.408,59.026],[23.436,59.026],[23.435,59.056],[23.491,59.088],[23.518,59.073],[23.519,59.125],[23.471,59.212],[23.526,59.23],[23.578,59.226],[23.642,59.257],[23.73,59.23],[23.743,59.25],[23.724,59.265],[23.757,59.284],[24.039,59.293],[24.081,59.271],[24.1,59.295],[24.019,59.367],[24.035,59.389],[24.081,59.395],[24.165,59.354],[24.222,59.355],[24.163,59.402],[24.306,59.419],[24.334,59.471],[24.423,59.477],[24.498,59.444],[24.548,59.463],[24.643,59.436],[24.657,59.45],[24.622,59.471],[24.659,59.472],[24.675,59.496],[24.744,59.447],[24.773,59.45],[24.816,59.489],[24.784,59.52],[24.773,59.56],[24.803,59.571],[24.934,59.508],[25.012,59.518],[25.098,59.498],[25.116,59.503],[25.108,59.529],[25.146,59.539],[25.409,59.491],[25.402,59.514],[25.416,59.527],[25.544,59.535],[25.497,59.571],[25.482,59.611],[25.485,59.67],[25.622,59.58],[25.677,59.566],[25.706,59.569],[25.719,59.588],[25.685,59.629],[25.691,59.649],[25.671,59.656],[25.695,59.671],[25.781,59.636],[25.794,59.591],[25.826,59.575],[25.861,59.586],[25.883,59.631],[25.945,59.595],[25.965,59.597],[25.964,59.621],[25.989,59.634],[26.036,59.623],[26.091,59.586],[26.28,59.587],[26.498,59.54],[26.585,59.56],[26.665,59.552],[26.827,59.477],[26.938,59.45],[27.409,59.452],[27.873,59.408],[27.953,59.428],[28.019,59.482],[28.105,59.439],[28.138,59.4],[28.186,59.375],[28.182,59.356],[28.158,59.364],[28.001,59.334],[28.097,59.319],[28.077,59.305],[27.96,59.306],[27.882,59.276],[27.891,59.258],[27.842,59.161],[27.713,58.992],[27.478,58.875],[27.411,58.755],[27.555,58.395],[27.494,58.32],[27.483,58.269],[27.495,58.221],[27.63,58.088],[27.632,58.004],[27.669,57.992],[27.675,57.968],[27.665,57.918],[27.774,57.891],[27.799,57.861],[27.701,57.825],[27.525,57.807],[27.554,57.795],[27.502,57.773],[27.508,57.715],[27.391,57.68],[27.377,57.657],[27.382,57.603],[27.328,57.583],[27.353,57.528],[27.32,57.516],[27.085,57.549],[26.981,57.609],[26.873,57.627],[26.796,57.571],[26.667,57.565],[26.59,57.52],[26.542,57.528],[26.5,57.516],[26.431,57.562],[26.297,57.599],[26.169,57.704],[26.025,57.774],[26.015,57.843],[25.793,57.856],[25.73,57.923],[25.602,57.912],[25.558,57.934],[25.542,57.963],[25.457,57.984],[25.397,58.023],[25.325,58.035],[25.282,58.073],[25.251,58.068],[25.25,58.051],[25.284,58.008],[25.232,57.985],[25.202,57.992],[25.167,58.059],[25.094,58.067],[24.949,58.006],[24.873,58],[24.817,57.977],[24.734,57.992],[24.685,57.948],[24.534,57.945],[24.442,57.908],[24.378,57.859],[24.306,57.868]]],[[[23.943,58.113],[23.938,58.137],[23.955,58.152],[24.013,58.154],[24.022,58.13],[24.002,58.109],[23.971,58.1],[23.943,58.113]]],[[[23.231,58.505],[23.318,58.472],[23.333,58.456],[23.325,58.442],[23.261,58.466],[23.238,58.456],[23.278,58.437],[23.235,58.44],[23.157,58.478],[23.13,58.44],[23.084,58.43],[23.087,58.395],[23.042,58.371],[23.022,58.363],[22.955,58.381],[22.948,58.373],[22.969,58.36],[22.903,58.312],[22.811,58.273],[22.721,58.27],[22.71,58.258],[22.757,58.242],[22.723,58.225],[22.669,58.222],[22.655,58.245],[22.621,58.253],[22.565,58.235],[22.535,58.254],[22.504,58.224],[22.477,58.245],[22.295,58.193],[22.272,58.174],[22.257,58.093],[22.2,58.026],[22.203,57.994],[22.048,57.915],[22.017,57.914],[21.99,57.936],[21.991,57.958],[21.963,57.984],[21.998,57.984],[22.086,58.083],[22.148,58.08],[22.203,58.148],[22.072,58.176],[22.017,58.234],[21.896,58.251],[21.844,58.294],[21.856,58.307],[21.908,58.299],[21.873,58.342],[21.895,58.347],[21.945,58.319],[21.963,58.327],[21.955,58.344],[21.968,58.355],[22.011,58.354],[21.946,58.432],[21.832,58.511],[21.901,58.498],[21.928,58.518],[21.996,58.513],[22.089,58.422],[22.104,58.487],[22.188,58.543],[22.213,58.546],[22.229,58.511],[22.273,58.502],[22.288,58.569],[22.322,58.585],[22.463,58.593],[22.55,58.63],[22.583,58.635],[22.648,58.587],[22.682,58.6],[22.736,58.588],[22.811,58.623],[22.922,58.617],[23.091,58.571],[23.148,58.522],[23.231,58.505]]],[[[23.382,58.58],[23.4,58.555],[23.362,58.532],[23.279,58.546],[23.235,58.535],[23.059,58.603],[23.075,58.63],[23.121,58.628],[23.155,58.676],[23.198,58.681],[23.33,58.653],[23.349,58.635],[23.348,58.607],[23.382,58.58]]],[[[23.364,59.029],[23.39,59.008],[23.385,58.981],[23.299,58.971],[23.223,58.984],[23.163,58.969],[23.114,59.022],[23.131,59.041],[23.17,59.046],[23.364,59.029]]],[[[22.292,58.895],[22.195,58.888],[22.063,58.926],[22.045,58.936],[22.056,58.953],[22.463,58.971],[22.442,58.985],[22.488,58.981],[22.488,59.016],[22.559,59.038],[22.587,59.087],[22.64,59.087],[22.714,59.07],[22.692,59.041],[22.737,59.005],[22.837,59.009],[22.934,58.984],[22.95,58.971],[22.95,58.936],[23.015,58.892],[23.041,58.841],[23.019,58.829],[22.957,58.847],[22.942,58.834],[22.88,58.833],[22.867,58.82],[22.887,58.812],[22.887,58.79],[22.845,58.777],[22.778,58.792],[22.827,58.819],[22.819,58.83],[22.778,58.824],[22.737,58.806],[22.655,58.703],[22.556,58.687],[22.463,58.716],[22.497,58.738],[22.449,58.787],[22.43,58.852],[22.355,58.892],[22.292,58.895]]],[[[24.516,59.598],[24.55,59.558],[24.543,59.548],[24.489,59.56],[24.487,59.579],[24.516,59.598]]],[[[23.261,57.814],[23.27,57.786],[23.218,57.801],[23.224,57.824],[23.261,57.814]]]]}},{"type":"Feature","properties":{"name":"Finland","blocKey":"nato","blocLabel":"NATO","color":"#5b6fb0","certainty":"member","basis":"NATO member"},"geometry":{"type":"MultiPolygon","coordinates":[[[[28.954,69.027],[28.833,68.984],[28.41,68.899],[28.413,68.88],[28.444,68.866],[28.728,68.865],[28.801,68.835],[28.716,68.728],[28.448,68.53],[28.461,68.491],[28.664,68.204],[28.727,68.173],[29.331,68.073],[29.651,67.824],[30.009,67.686],[29.978,67.662],[29.96,67.572],[29.916,67.508],[29.52,67.298],[29.491,67.263],[29.429,67.233],[29.1,66.991],[29.052,66.908],[29.089,66.838],[29.322,66.68],[29.409,66.568],[29.524,66.491],[29.57,66.378],[29.651,66.288],[29.9,66.108],[29.958,65.974],[30.075,65.823],[30.112,65.712],[30.114,65.666],[30.099,65.656],[30.003,65.678],[29.703,65.629],[29.839,65.565],[29.726,65.492],[29.72,65.329],[29.58,65.235],[29.627,65.215],[29.833,65.205],[29.839,65.167],[29.808,65.135],[29.85,65.122],[29.82,65.094],[29.668,65.078],[29.598,65.034],[29.588,64.991],[29.634,64.907],[29.698,64.839],[29.78,64.796],[30.063,64.784],[30.119,64.768],[30.109,64.72],[30.171,64.682],[30.188,64.662],[30.181,64.643],[30.136,64.615],[29.955,64.569],[29.991,64.504],[30.07,64.472],[30.032,64.397],[30.093,64.361],[30.321,64.318],[30.446,64.251],[30.558,64.22],[30.533,64.163],[30.586,64.085],[30.58,64.051],[30.552,64.022],[30.329,63.896],[30.266,63.831],[30.202,63.793],[29.981,63.742],[30.001,63.715],[30.242,63.582],[30.38,63.532],[30.461,63.473],[30.821,63.376],[30.975,63.289],[31.204,63.213],[31.226,63.196],[31.263,63.101],[31.481,62.986],[31.536,62.92],[31.57,62.906],[31.441,62.789],[31.363,62.652],[31.284,62.573],[31.244,62.503],[31.169,62.476],[31.123,62.435],[30.981,62.359],[30.926,62.302],[30.648,62.193],[30.607,62.151],[30.34,61.992],[29.978,61.728],[29.842,61.66],[29.779,61.593],[29.635,61.511],[29.517,61.475],[29.463,61.414],[29.318,61.338],[29.203,61.246],[28.798,61.097],[28.615,60.962],[28.481,60.933],[28.336,60.859],[28.244,60.792],[28.148,60.758],[27.808,60.553],[27.762,60.58],[27.74,60.574],[27.753,60.56],[27.733,60.544],[27.753,60.519],[27.733,60.512],[27.753,60.506],[27.705,60.485],[27.636,60.492],[27.692,60.519],[27.616,60.512],[27.611,60.492],[27.63,60.471],[27.508,60.514],[27.473,60.506],[27.493,60.492],[27.473,60.478],[27.507,60.457],[27.457,60.464],[27.369,60.498],[27.232,60.512],[27.231,60.526],[27.308,60.526],[27.212,60.56],[27.228,60.58],[27.215,60.585],[27.178,60.567],[27.201,60.523],[27.178,60.512],[27.17,60.529],[27.113,60.547],[27.088,60.526],[27.054,60.547],[27.033,60.542],[26.998,60.488],[26.931,60.485],[26.962,60.447],[26.915,60.475],[26.794,60.457],[26.815,60.485],[26.797,60.486],[26.742,60.468],[26.739,60.437],[26.701,60.42],[26.617,60.453],[26.553,60.433],[26.502,60.453],[26.475,60.487],[26.537,60.516],[26.58,60.591],[26.625,60.61],[26.667,60.606],[26.753,60.574],[26.699,60.64],[26.659,60.652],[26.592,60.629],[26.466,60.508],[26.456,60.475],[26.486,60.444],[26.469,60.427],[26.416,60.412],[26.424,60.396],[26.383,60.416],[26.381,60.399],[26.351,60.393],[26.342,60.376],[26.246,60.451],[26.229,60.438],[26.273,60.402],[26.179,60.411],[26.142,60.396],[25.981,60.476],[25.917,60.485],[26.029,60.433],[26.04,60.406],[26.007,60.401],[26.012,60.389],[26.108,60.336],[26.091,60.307],[26.04,60.3],[26.039,60.323],[25.997,60.355],[26.006,60.368],[25.957,60.356],[25.842,60.402],[25.917,60.361],[25.883,60.307],[25.93,60.245],[25.754,60.321],[25.739,60.313],[25.745,60.296],[25.849,60.266],[25.762,60.24],[25.736,60.247],[25.65,60.3],[25.671,60.327],[25.65,60.341],[25.704,60.341],[25.69,60.363],[25.669,60.365],[25.526,60.327],[25.545,60.292],[25.503,60.246],[25.362,60.245],[25.351,60.267],[25.314,60.273],[25.321,60.251],[25.198,60.245],[25.186,60.223],[25.156,60.232],[25.204,60.204],[25.181,60.201],[25.197,60.191],[25.117,60.176],[25.095,60.176],[25.102,60.191],[25.059,60.177],[25.048,60.169],[25.067,60.163],[25.029,60.148],[24.998,60.163],[25.026,60.199],[24.999,60.213],[24.951,60.143],[24.845,60.144],[24.834,60.156],[24.871,60.162],[24.869,60.18],[24.842,60.195],[24.807,60.191],[24.827,60.163],[24.68,60.13],[24.67,60.101],[24.631,60.136],[24.554,60.156],[24.597,60.127],[24.54,60.088],[24.608,60.101],[24.574,60.074],[24.594,60.06],[24.446,59.992],[24.416,59.991],[24.464,60.047],[24.446,60.048],[24.375,60.005],[24.368,60.022],[24.313,59.998],[24.358,60.036],[24.368,60.074],[24.32,60.076],[24.252,60.04],[24.158,60.043],[24.183,60.025],[24.164,60.019],[24.106,60.032],[24.01,60.011],[24.019,60.04],[24.001,60.038],[23.955,60.004],[23.873,59.993],[23.799,59.957],[23.771,59.968],[23.608,59.957],[23.573,59.978],[23.429,59.957],[23.484,60.011],[23.541,60.029],[23.546,60.074],[23.498,60.063],[23.454,60.028],[23.44,59.994],[23.326,59.923],[23.237,59.898],[23.222,59.868],[23.251,59.841],[22.905,59.811],[22.888,59.813],[22.946,59.848],[23.168,59.889],[23.166,59.918],[23.247,59.922],[23.326,60.009],[23.333,60.03],[23.316,60.022],[23.223,59.93],[23.204,59.93],[23.21,59.944],[23.189,59.95],[23.171,59.936],[23.132,59.943],[23.111,59.923],[23.101,59.94],[23.111,59.974],[23.204,59.998],[23.258,60.04],[23.035,60.045],[22.991,60.077],[23.046,60.122],[23.025,60.135],[23.005,60.107],[22.969,60.094],[22.959,60.122],[22.875,60.15],[22.886,60.169],[22.867,60.184],[23.008,60.277],[23.081,60.355],[23.034,60.344],[22.998,60.307],[22.941,60.316],[22.736,60.238],[22.525,60.204],[22.593,60.232],[22.572,60.243],[22.59,60.262],[22.648,60.279],[22.504,60.247],[22.449,60.245],[22.459,60.265],[22.546,60.334],[22.628,60.375],[22.624,60.399],[22.543,60.373],[22.463,60.376],[22.484,60.402],[22.292,60.383],[22.181,60.43],[22.117,60.437],[22.101,60.462],[22.047,60.439],[22.018,60.471],[21.982,60.477],[21.984,60.492],[21.935,60.492],[21.95,60.519],[21.903,60.529],[21.844,60.516],[21.874,60.478],[21.785,60.478],[21.808,60.576],[21.846,60.588],[21.828,60.606],[21.841,60.629],[21.662,60.567],[21.654,60.509],[21.612,60.489],[21.558,60.492],[21.584,60.505],[21.518,60.567],[21.579,60.567],[21.443,60.567],[21.409,60.58],[21.428,60.594],[21.415,60.608],[21.47,60.608],[21.38,60.647],[21.353,60.69],[21.439,60.68],[21.446,60.693],[21.422,60.725],[21.47,60.731],[21.387,60.752],[21.422,60.759],[21.374,60.78],[21.374,60.808],[21.329,60.828],[21.336,60.845],[21.319,60.865],[21.428,60.876],[21.381,60.882],[21.353,60.903],[21.391,60.917],[21.428,60.903],[21.413,60.933],[21.319,61.012],[21.339,61.027],[21.299,61.06],[21.387,61.04],[21.408,61.051],[21.367,61.06],[21.395,61.069],[21.482,61.06],[21.455,61.078],[21.463,61.101],[21.435,61.143],[21.47,61.15],[21.443,61.156],[21.456,61.17],[21.443,61.17],[21.503,61.177],[21.497,61.191],[21.558,61.204],[21.543,61.225],[21.476,61.246],[21.508,61.267],[21.503,61.28],[21.544,61.28],[21.524,61.375],[21.449,61.403],[21.572,61.416],[21.51,61.458],[21.422,61.485],[21.556,61.475],[21.592,61.485],[21.566,61.519],[21.51,61.519],[21.47,61.547],[21.46,61.562],[21.482,61.568],[21.716,61.527],[21.614,61.585],[21.592,61.628],[21.538,61.65],[21.544,61.673],[21.518,61.711],[21.586,61.698],[21.489,61.737],[21.47,61.76],[21.486,61.811],[21.445,61.826],[21.449,61.842],[21.403,61.876],[21.394,61.889],[21.414,61.907],[21.381,61.938],[21.313,61.94],[21.278,61.951],[21.295,61.971],[21.237,61.985],[21.276,62.05],[21.289,62.122],[21.296,62.13],[21.312,62.109],[21.326,62.164],[21.384,62.194],[21.39,62.208],[21.353,62.232],[21.374,62.267],[21.352,62.266],[21.312,62.232],[21.339,62.356],[21.271,62.349],[21.26,62.372],[21.278,62.396],[21.271,62.411],[21.205,62.36],[21.216,62.335],[21.194,62.337],[21.202,62.39],[21.181,62.396],[21.202,62.418],[21.167,62.421],[21.134,62.404],[21.155,62.465],[21.116,62.46],[21.116,62.496],[21.155,62.527],[21.127,62.554],[21.209,62.582],[21.194,62.601],[21.106,62.623],[21.065,62.596],[21.079,62.678],[21.126,62.69],[21.161,62.719],[21.116,62.75],[21.114,62.781],[21.151,62.794],[21.183,62.782],[21.243,62.869],[21.336,62.855],[21.391,62.88],[21.422,62.942],[21.463,62.951],[21.444,63.041],[21.48,63.043],[21.495,63.072],[21.626,63.024],[21.688,63.027],[21.56,63.095],[21.553,63.109],[21.572,63.123],[21.521,63.127],[21.516,63.155],[21.503,63.157],[21.552,63.178],[21.513,63.185],[21.497,63.209],[21.558,63.233],[21.647,63.198],[21.668,63.22],[21.742,63.2],[21.764,63.206],[21.703,63.226],[21.895,63.26],[21.881,63.178],[21.984,63.143],[21.956,63.185],[21.994,63.196],[22.025,63.239],[22.043,63.246],[22.072,63.226],[22.175,63.233],[22.245,63.267],[22.278,63.301],[22.308,63.276],[22.33,63.284],[22.374,63.321],[22.25,63.411],[22.196,63.431],[22.191,63.458],[22.247,63.47],[22.305,63.436],[22.402,63.418],[22.28,63.488],[22.281,63.526],[22.337,63.523],[22.333,63.493],[22.38,63.485],[22.397,63.477],[22.395,63.452],[22.407,63.457],[22.436,63.473],[22.431,63.497],[22.497,63.586],[22.546,63.575],[22.497,63.623],[22.532,63.644],[22.525,63.658],[22.586,63.657],[22.589,63.703],[22.637,63.683],[22.654,63.704],[22.675,63.702],[22.734,63.628],[22.773,63.628],[22.829,63.646],[22.84,63.678],[22.902,63.706],[22.833,63.726],[22.902,63.726],[22.875,63.747],[22.926,63.743],[22.929,63.764],[22.908,63.772],[22.903,63.795],[22.943,63.8],[23.001,63.764],[22.991,63.815],[23.063,63.853],[23.121,63.85],[23.167,63.887],[23.275,63.889],[23.326,63.911],[23.373,63.901],[23.416,63.925],[23.371,63.947],[23.367,63.997],[23.396,64.056],[23.605,64.028],[23.62,64.038],[23.566,64.097],[23.574,64.107],[23.622,64.107],[23.724,64.179],[23.724,64.209],[23.819,64.221],[23.861,64.268],[23.943,64.247],[23.929,64.301],[23.984,64.35],[24.004,64.389],[24.069,64.406],[24.085,64.415],[24.081,64.432],[24.206,64.452],[24.218,64.487],[24.258,64.486],[24.286,64.515],[24.344,64.531],[24.361,64.548],[24.355,64.572],[24.374,64.58],[24.375,64.617],[24.423,64.676],[24.53,64.718],[24.546,64.733],[24.532,64.754],[24.588,64.781],[24.538,64.805],[24.668,64.789],[24.671,64.83],[24.732,64.836],[24.736,64.855],[24.897,64.873],[25.095,64.918],[25.143,64.884],[25.177,64.884],[25.218,64.841],[25.259,64.836],[25.225,64.823],[25.355,64.83],[25.36,64.911],[25.321,64.905],[25.241,64.929],[25.191,64.967],[25.221,64.991],[25.322,64.984],[25.422,64.949],[25.444,64.967],[25.417,64.999],[25.416,65.035],[25.381,65.056],[25.355,65.097],[25.211,65.124],[25.226,65.157],[25.282,65.191],[25.28,65.22],[25.327,65.227],[25.3,65.234],[25.314,65.254],[25.28,65.261],[25.321,65.316],[25.307,65.33],[25.335,65.343],[25.266,65.378],[25.321,65.385],[25.355,65.412],[25.344,65.429],[25.359,65.466],[25.324,65.507],[25.219,65.557],[25.125,65.561],[25.074,65.614],[24.937,65.624],[24.859,65.659],[24.78,65.66],[24.676,65.635],[24.668,65.691],[24.584,65.717],[24.55,65.763],[24.646,65.879],[24.708,65.899],[24.711,65.912],[24.618,65.889],[24.615,65.866],[24.519,65.796],[24.453,65.797],[24.405,65.769],[24.238,65.823],[24.244,65.782],[24.206,65.779],[24.055,65.948],[24.055,65.985],[24.02,66.049],[23.975,66.073],[23.911,66.149],[23.75,66.19],[23.689,66.257],[23.663,66.317],[23.677,66.364],[23.642,66.436],[23.652,66.459],[23.882,66.564],[23.893,66.596],[23.882,66.632],[23.903,66.686],[23.892,66.751],[23.939,66.791],[24.004,66.805],[23.933,66.889],[23.817,66.976],[23.72,67.017],[23.677,67.058],[23.667,67.098],[23.581,67.153],[23.574,67.173],[23.615,67.214],[23.591,67.225],[23.603,67.26],[23.735,67.29],[23.786,67.338],[23.751,67.346],[23.765,67.42],[23.595,67.454],[23.477,67.444],[23.431,67.486],[23.485,67.543],[23.473,67.555],[23.554,67.587],[23.485,67.737],[23.481,67.865],[23.533,67.893],[23.636,67.913],[23.662,67.95],[23.383,68.051],[23.307,68.146],[23.166,68.122],[23.149,68.139],[23.155,68.217],[23.067,68.29],[22.904,68.337],[22.808,68.395],[22.749,68.385],[22.662,68.427],[22.378,68.454],[22.371,68.468],[22.303,68.476],[22.072,68.477],[21.919,68.568],[21.737,68.588],[21.717,68.619],[21.464,68.687],[21.406,68.749],[21.305,68.756],[21.217,68.817],[21.072,68.869],[20.906,68.895],[20.885,68.907],[20.888,68.927],[20.934,68.949],[20.935,68.967],[20.911,68.981],[20.623,69.036],[20.744,69.104],[21.072,69.037],[21.156,69.088],[21.034,69.181],[21.098,69.239],[21.314,69.291],[21.639,69.271],[22.023,69.012],[22.161,68.956],[22.2,68.908],[22.277,68.857],[22.371,68.823],[22.409,68.713],[22.57,68.727],[22.852,68.676],[23.071,68.681],[23.198,68.618],[23.482,68.686],[23.735,68.715],[23.787,68.8],[23.929,68.816],[24.131,68.776],[24.187,68.745],[24.332,68.709],[24.663,68.666],[24.754,68.638],[24.879,68.555],[24.905,68.557],[24.952,68.605],[25.132,68.648],[25.15,68.765],[25.201,68.813],[25.434,68.884],[25.628,68.874],[25.726,68.942],[25.754,68.978],[25.796,68.993],[25.801,69.013],[25.766,69.031],[25.75,69.059],[25.771,69.135],[25.734,69.191],[25.737,69.218],[25.787,69.313],[25.877,69.371],[25.841,69.418],[25.887,69.455],[25.886,69.479],[25.906,69.502],[25.887,69.521],[25.96,69.549],[26.004,69.587],[26.005,69.611],[25.962,69.653],[26.005,69.689],[26.198,69.715],[26.317,69.795],[26.419,69.836],[26.448,69.856],[26.436,69.874],[26.534,69.925],[26.865,69.938],[27.1,69.902],[27.312,69.929],[27.352,69.949],[27.323,69.96],[27.335,69.969],[27.563,70.024],[27.613,70.062],[27.792,70.059],[27.867,70.075],[27.927,70.053],[28.167,69.894],[28.381,69.856],[28.38,69.822],[28.405,69.802],[29.147,69.664],[29.203,69.586],[29.345,69.464],[29.229,69.377],[28.852,69.204],[28.828,69.091],[28.954,69.027]]],[[[22.408,60.053],[22.412,60.085],[22.449,60.066],[22.443,59.998],[22.41,60.009],[22.383,59.993],[22.349,60.063],[22.371,60.081],[22.387,60.052],[22.408,60.053]]],[[[21.497,60.135],[21.571,60.17],[21.654,60.156],[21.613,60.129],[21.637,60.124],[21.613,60.102],[21.514,60.097],[21.482,60.115],[21.558,60.122],[21.497,60.135]]],[[[21.744,60.191],[21.854,60.197],[21.888,60.176],[21.846,60.17],[21.868,60.156],[21.792,60.156],[21.826,60.15],[21.797,60.141],[21.806,60.135],[21.72,60.114],[21.696,60.122],[21.723,60.15],[21.708,60.172],[21.744,60.191]]],[[[21.353,60.211],[21.449,60.184],[21.409,60.185],[21.381,60.163],[21.271,60.191],[21.353,60.211]]],[[[22.059,60.211],[22.072,60.197],[22.011,60.17],[22.038,60.156],[22.009,60.137],[21.951,60.149],[21.935,60.176],[22.059,60.211]]],[[[25.814,60.208],[25.876,60.217],[25.836,60.196],[25.814,60.208]]],[[[22.209,60.204],[22.246,60.243],[22.292,60.245],[22.297,60.221],[22.269,60.196],[22.232,60.185],[22.209,60.204]]],[[[25.622,60.238],[25.57,60.258],[25.564,60.278],[25.582,60.296],[25.684,60.245],[25.644,60.228],[25.636,60.204],[25.603,60.215],[25.622,60.238]]],[[[22.844,60.242],[22.921,60.297],[22.956,60.293],[22.949,60.27],[22.84,60.201],[22.84,60.17],[22.819,60.163],[22.84,60.156],[22.847,60.111],[22.73,60.047],[22.758,60.032],[22.73,60.005],[22.682,59.998],[22.655,60.032],[22.6,59.985],[22.599,60.008],[22.575,60.017],[22.593,60.047],[22.53,60.008],[22.47,59.998],[22.474,60.091],[22.422,60.115],[22.6,60.142],[22.415,60.15],[22.448,60.221],[22.477,60.225],[22.451,60.189],[22.466,60.184],[22.815,60.227],[22.844,60.242]]],[[[22.107,60.313],[22.25,60.311],[22.34,60.286],[22.332,60.269],[22.201,60.254],[22.217,60.266],[22.181,60.281],[22.141,60.279],[22.182,60.279],[22.163,60.259],[22.08,60.269],[22.084,60.301],[22.107,60.313]]],[[[22.388,60.321],[22.313,60.321],[22.35,60.348],[22.398,60.355],[22.402,60.341],[22.477,60.321],[22.367,60.293],[22.388,60.321]]],[[[21.998,60.334],[21.901,60.327],[21.901,60.341],[21.794,60.374],[21.792,60.397],[21.846,60.41],[21.798,60.444],[21.808,60.467],[21.832,60.471],[21.932,60.423],[21.95,60.396],[21.895,60.396],[21.95,60.376],[21.942,60.368],[21.989,60.366],[21.998,60.355],[21.963,60.348],[21.998,60.334]]],[[[21.726,60.482],[21.688,60.455],[21.691,60.484],[21.742,60.526],[21.764,60.526],[21.726,60.482]]],[[[21.319,60.482],[21.25,60.498],[21.261,60.52],[21.229,60.56],[21.278,60.542],[21.319,60.482]]],[[[21.394,60.56],[21.482,60.526],[21.463,60.526],[21.463,60.492],[21.434,60.489],[21.443,60.471],[21.392,60.49],[21.36,60.533],[21.329,60.525],[21.334,60.557],[21.394,60.56]]],[[[21.299,60.567],[21.214,60.616],[21.271,60.643],[21.291,60.615],[21.282,60.576],[21.299,60.567]]],[[[21.264,60.882],[21.202,60.889],[21.299,60.896],[21.291,60.91],[21.312,60.923],[21.243,60.951],[21.27,60.968],[21.305,60.971],[21.374,60.93],[21.328,60.91],[21.318,60.88],[21.264,60.882]]],[[[21.422,63.247],[21.415,63.22],[21.428,63.198],[21.377,63.19],[21.364,63.194],[21.381,63.206],[21.363,63.206],[21.291,63.178],[21.319,63.165],[21.302,63.156],[21.243,63.151],[21.189,63.192],[21.147,63.182],[21.134,63.198],[21.155,63.206],[21.103,63.236],[21.079,63.288],[21.12,63.272],[21.243,63.281],[21.195,63.226],[21.287,63.211],[21.291,63.239],[21.316,63.252],[21.396,63.261],[21.422,63.247]]],[[[21.319,63.288],[21.315,63.304],[21.278,63.301],[21.229,63.329],[21.346,63.364],[21.374,63.349],[21.374,63.333],[21.319,63.288]]],[[[24.993,65.055],[25.062,65.043],[25.028,65.035],[24.82,65.043],[24.802,65.024],[24.722,65.003],[24.751,64.976],[24.827,64.973],[24.735,64.951],[24.701,64.958],[24.711,64.973],[24.684,64.997],[24.632,64.968],[24.563,65.037],[24.654,65.08],[24.835,65.095],[24.883,65.087],[24.897,65.072],[24.873,65.066],[24.883,65.059],[24.993,65.055]]],[[[23.915,59.973],[23.92,59.959],[23.894,59.95],[23.847,59.955],[23.87,59.973],[23.915,59.973]]],[[[22.887,60.068],[22.927,60.065],[22.872,60.006],[22.851,60.028],[22.884,60.048],[22.855,60.056],[22.887,60.068]]],[[[22.958,60.111],[22.963,60.097],[22.947,60.085],[22.845,60.082],[22.892,60.119],[22.938,60.124],[22.958,60.111]]],[[[21.992,60.13],[22.012,60.123],[21.988,60.112],[21.93,60.125],[21.962,60.138],[21.992,60.13]]],[[[22.313,60.192],[22.386,60.195],[22.32,60.164],[22.337,60.149],[22.324,60.147],[22.288,60.15],[22.313,60.192]]],[[[21.983,60.285],[22.008,60.297],[21.983,60.285]]],[[[21.957,60.281],[21.91,60.28],[21.875,60.305],[21.974,60.309],[21.957,60.281]]],[[[22.3,60.368],[22.191,60.342],[22.157,60.352],[22.256,60.374],[22.3,60.368]]],[[[22.206,60.383],[22.104,60.354],[22.138,60.379],[22.206,60.383]]],[[[21.338,60.383],[21.355,60.352],[21.294,60.371],[21.308,60.39],[21.338,60.383]]],[[[26.602,60.447],[26.653,60.427],[26.636,60.415],[26.573,60.405],[26.549,60.378],[26.507,60.403],[26.575,60.422],[26.602,60.447]]],[[[22.026,63.322],[22.061,63.302],[22.047,63.282],[22.014,63.278],[22.005,63.291],[21.978,63.28],[21.989,63.31],[22.03,63.308],[22.008,63.325],[22.026,63.322]]],[[[22.144,63.251],[22.079,63.266],[22.069,63.284],[22.089,63.295],[22.069,63.319],[22.11,63.329],[22.196,63.31],[22.231,63.339],[22.246,63.307],[22.209,63.273],[22.114,63.284],[22.159,63.274],[22.144,63.251]]],[[[21.957,63.332],[21.951,63.344],[21.996,63.385],[22.096,63.383],[22.076,63.36],[22.013,63.364],[21.957,63.332]]],[[[22.808,63.78],[22.829,63.776],[22.802,63.738],[22.782,63.745],[22.776,63.728],[22.74,63.721],[22.681,63.763],[22.764,63.791],[22.808,63.78]]],[[[22.499,59.878],[22.505,59.869],[22.444,59.851],[22.414,59.861],[22.499,59.878]]],[[[21.6,60.255],[21.627,60.253],[21.602,60.223],[21.563,60.226],[21.587,60.269],[21.605,60.269],[21.6,60.255]]],[[[21.26,60.853],[21.263,60.83],[21.186,60.857],[21.26,60.853]]],[[[21.422,61.177],[21.352,61.176],[21.343,61.191],[21.38,61.214],[21.389,61.192],[21.422,61.177]]],[[[21.521,61.634],[21.508,61.618],[21.46,61.629],[21.521,61.634]]],[[[21.209,62.946],[21.147,62.953],[21.136,62.967],[21.159,62.975],[21.13,63.001],[21.152,63.01],[21.196,62.994],[21.221,62.961],[21.209,62.946]]]]}},{"type":"Feature","properties":{"name":"France","blocKey":"nato","blocLabel":"NATO","color":"#5b6fb0","certainty":"member","basis":"NATO member"},"geometry":{"type":"MultiPolygon","coordinates":[[[[-54.112,2.114],[-54.148,2.114],[-54.194,2.163],[-54.264,2.148],[-54.314,2.155],[-54.374,2.197],[-54.477,2.214],[-54.546,2.269],[-54.549,2.279],[-54.526,2.283],[-54.544,2.3],[-54.615,2.326],[-54.585,2.348],[-54.532,2.34],[-54.493,2.417],[-54.423,2.436],[-54.376,2.484],[-54.285,2.678],[-54.17,2.853],[-54.191,2.877],[-54.163,2.956],[-54.185,2.998],[-54.169,3.011],[-54.191,3.059],[-54.177,3.073],[-54.177,3.117],[-54.188,3.131],[-54.211,3.127],[-54.177,3.201],[-54.08,3.31],[-54.056,3.378],[-54.003,3.455],[-53.995,3.624],[-54.018,3.641],[-54.05,3.635],[-54.126,3.789],[-54.187,3.815],[-54.241,3.876],[-54.354,4.042],[-54.339,4.152],[-54.407,4.192],[-54.394,4.27],[-54.433,4.376],[-54.451,4.484],[-54.423,4.604],[-54.435,4.709],[-54.479,4.755],[-54.487,4.903],[-54.451,4.937],[-54.449,5.024],[-54.344,5.156],[-54.311,5.226],[-54.171,5.348],[-54.107,5.381],[-54.061,5.437],[-54.007,5.558],[-53.992,5.661],[-53.934,5.745],[-53.808,5.715],[-53.832,5.732],[-53.81,5.731],[-53.517,5.581],[-53.277,5.538],[-53.23,5.495],[-53.208,5.514],[-53.29,5.549],[-53.271,5.56],[-53.083,5.472],[-52.995,5.458],[-52.897,5.406],[-52.783,5.317],[-52.753,5.267],[-52.526,5.071],[-52.527,5.054],[-52.48,5.04],[-52.402,4.974],[-52.38,4.937],[-52.389,4.896],[-52.324,4.951],[-52.279,4.931],[-52.259,4.892],[-52.343,4.761],[-52.34,4.725],[-52.3,4.813],[-52.232,4.875],[-52.193,4.85],[-52.159,4.796],[-52.025,4.694],[-51.996,4.652],[-51.951,4.454],[-51.962,4.408],[-52.046,4.334],[-51.951,4.371],[-51.937,4.392],[-51.923,4.447],[-51.931,4.59],[-51.909,4.656],[-51.865,4.665],[-51.802,4.613],[-51.758,4.478],[-51.731,4.457],[-51.745,4.437],[-51.738,4.413],[-51.69,4.385],[-51.712,4.354],[-51.715,4.316],[-51.657,4.217],[-51.649,4.152],[-51.683,4.039],[-51.783,3.981],[-51.835,3.868],[-51.939,3.774],[-51.94,3.734],[-51.988,3.705],[-52.013,3.619],[-52.074,3.517],[-52.094,3.507],[-52.093,3.481],[-52.228,3.26],[-52.279,3.242],[-52.319,3.178],[-52.355,3.152],[-52.352,3.066],[-52.422,2.927],[-52.409,2.897],[-52.455,2.865],[-52.543,2.652],[-52.576,2.634],[-52.553,2.573],[-52.691,2.373],[-52.863,2.274],[-52.917,2.196],[-52.981,2.173],[-53.061,2.186],[-53.113,2.219],[-53.269,2.196],[-53.272,2.22],[-53.234,2.251],[-53.344,2.35],[-53.379,2.308],[-53.462,2.259],[-53.532,2.247],[-53.742,2.309],[-53.737,2.349],[-53.765,2.369],[-53.801,2.354],[-53.831,2.31],[-53.867,2.305],[-53.901,2.265],[-53.933,2.27],[-53.946,2.222],[-53.964,2.209],[-54.028,2.179],[-54.077,2.184],[-54.112,2.114]]],[[[2.522,51.088],[2.557,51.001],[2.608,50.961],[2.612,50.941],[2.577,50.912],[2.597,50.868],[2.587,50.845],[2.62,50.816],[2.692,50.809],[2.787,50.723],[2.887,50.697],[2.971,50.758],[3.129,50.779],[3.189,50.715],[3.232,50.696],[3.244,50.672],[3.23,50.655],[3.271,50.527],[3.361,50.49],[3.477,50.52],[3.498,50.512],[3.487,50.493],[3.499,50.487],[3.608,50.477],[3.644,50.446],[3.662,50.319],[3.697,50.298],[3.755,50.346],[3.84,50.345],[3.896,50.325],[4.003,50.344],[4.098,50.295],[4.125,50.257],[4.144,50.252],[4.163,50.273],[4.198,50.258],[4.201,50.242],[4.153,50.205],[4.126,50.128],[4.181,50.127],[4.21,50.06],[4.137,50.025],[4.132,49.975],[4.201,49.953],[4.278,49.96],[4.435,49.932],[4.646,49.984],[4.673,50.016],[4.682,50.084],[4.816,50.161],[4.82,50.146],[4.872,50.14],[4.863,50.084],[4.846,50.091],[4.827,50.064],[4.827,50.036],[4.784,49.958],[4.86,49.913],[4.835,49.853],[4.849,49.794],[4.884,49.784],[4.971,49.797],[5.082,49.753],[5.169,49.687],[5.259,49.691],[5.299,49.662],[5.298,49.613],[5.335,49.626],[5.402,49.602],[5.45,49.546],[5.456,49.499],[5.548,49.523],[5.602,49.514],[5.645,49.544],[5.71,49.531],[5.746,49.549],[5.791,49.538],[5.84,49.5],[5.928,49.482],[5.961,49.441],[6.078,49.452],[6.107,49.483],[6.143,49.486],[6.136,49.495],[6.194,49.499],[6.325,49.457],[6.403,49.465],[6.512,49.425],[6.519,49.402],[6.578,49.356],[6.556,49.347],[6.556,49.326],[6.64,49.271],[6.681,49.207],[6.703,49.214],[6.714,49.159],[6.822,49.148],[6.839,49.163],[6.833,49.209],[6.914,49.207],[7.009,49.182],[7.021,49.119],[7.043,49.108],[7.073,49.12],[7.08,49.142],[7.155,49.114],[7.274,49.105],[7.297,49.128],[7.334,49.134],[7.351,49.159],[7.41,49.169],[7.476,49.152],[7.471,49.128],[7.521,49.084],[7.609,49.062],[7.635,49.038],[7.774,49.048],[7.932,49.035],[8.09,48.979],[8.2,48.959],[8.09,48.808],[8.039,48.791],[8.017,48.762],[7.97,48.757],[7.959,48.721],[7.852,48.659],[7.81,48.615],[7.802,48.548],[7.813,48.519],[7.776,48.498],[7.738,48.407],[7.751,48.341],[7.702,48.311],[7.687,48.253],[7.613,48.179],[7.586,48.13],[7.576,48.054],[7.619,48.003],[7.621,47.971],[7.585,47.94],[7.559,47.883],[7.562,47.839],[7.543,47.829],[7.526,47.783],[7.538,47.732],[7.512,47.707],[7.518,47.675],[7.59,47.608],[7.586,47.585],[7.483,47.542],[7.505,47.533],[7.501,47.517],[7.477,47.515],[7.484,47.493],[7.467,47.482],[7.414,47.49],[7.426,47.456],[7.379,47.431],[7.238,47.417],[7.168,47.444],[7.181,47.488],[7.01,47.499],[6.973,47.489],[6.991,47.452],[6.926,47.425],[6.925,47.406],[6.867,47.354],[7.004,47.368],[7.044,47.34],[7.037,47.33],[6.959,47.291],[6.956,47.245],[6.69,47.078],[6.676,47.062],[6.688,47.044],[6.665,47.021],[6.599,46.987],[6.443,46.944],[6.428,46.909],[6.447,46.858],[6.417,46.802],[6.433,46.786],[6.429,46.761],[6.266,46.68],[6.118,46.583],[6.146,46.552],[6.064,46.471],[6.068,46.434],[6.054,46.419],[6.135,46.37],[6.094,46.253],[5.983,46.223],[5.955,46.2],[5.983,46.171],[5.959,46.13],[6.14,46.15],[6.281,46.24],[6.276,46.263],[6.238,46.268],[6.214,46.315],[6.269,46.375],[6.302,46.394],[6.398,46.408],[6.483,46.449],[6.614,46.456],[6.787,46.414],[6.782,46.378],[6.75,46.346],[6.828,46.269],[6.766,46.152],[6.774,46.135],[6.869,46.112],[6.849,46.085],[6.851,46.05],[6.915,46.049],[6.988,45.993],[7.022,45.925],[6.949,45.858],[6.873,45.845],[6.864,45.827],[6.843,45.839],[6.801,45.826],[6.783,45.795],[6.796,45.718],[6.843,45.683],[6.963,45.641],[6.953,45.594],[6.983,45.511],[7.072,45.47],[7.097,45.435],[7.161,45.411],[7.093,45.324],[7.108,45.259],[7.055,45.214],[7.03,45.228],[6.959,45.21],[6.914,45.17],[6.873,45.166],[6.877,45.141],[6.844,45.13],[6.736,45.157],[6.603,45.103],[6.637,45.074],[6.652,45.036],[6.723,45.013],[6.728,44.929],[6.745,44.908],[6.847,44.859],[6.933,44.862],[6.983,44.847],[7.007,44.822],[6.998,44.794],[7.055,44.685],[6.96,44.683],[6.934,44.647],[6.946,44.625],[6.836,44.534],[6.861,44.475],[6.918,44.436],[6.877,44.414],[6.866,44.372],[6.983,44.242],[7.046,44.24],[7.145,44.207],[7.309,44.147],[7.331,44.125],[7.656,44.176],[7.642,44.144],[7.692,44.085],[7.69,44.067],[7.653,44.04],[7.631,43.994],[7.478,43.866],[7.502,43.792],[7.476,43.784],[7.476,43.765],[7.437,43.743],[7.407,43.764],[7.388,43.758],[7.331,43.686],[7.257,43.692],[7.204,43.644],[7.197,43.657],[7.152,43.655],[7.126,43.606],[7.139,43.554],[7.088,43.569],[7.037,43.536],[7.031,43.548],[6.962,43.54],[6.941,43.512],[6.954,43.5],[6.894,43.428],[6.863,43.439],[6.847,43.413],[6.783,43.409],[6.757,43.423],[6.731,43.408],[6.718,43.351],[6.675,43.346],[6.591,43.269],[6.693,43.273],[6.668,43.24],[6.68,43.202],[6.61,43.173],[6.593,43.188],[6.54,43.182],[6.506,43.151],[6.402,43.147],[6.366,43.119],[6.375,43.091],[6.28,43.119],[6.193,43.109],[6.153,43.072],[6.153,43.048],[6.185,43.045],[6.18,43.036],[6.089,43.035],[6.132,43.053],[6.129,43.071],[6.11,43.084],[6.027,43.078],[6.017,43.099],[5.934,43.114],[5.941,43.134],[5.879,43.12],[5.951,43.08],[5.875,43.069],[5.857,43.045],[5.782,43.079],[5.818,43.099],[5.811,43.107],[5.776,43.131],[5.696,43.147],[5.674,43.18],[5.634,43.187],[5.612,43.16],[5.573,43.169],[5.525,43.213],[5.347,43.216],[5.369,43.27],[5.339,43.334],[5.294,43.355],[5.238,43.328],[5.034,43.335],[5.006,43.382],[5.026,43.409],[5.174,43.428],[5.226,43.48],[5.223,43.504],[5.14,43.486],[5.106,43.533],[5.054,43.538],[5.029,43.559],[5.009,43.518],[5.062,43.452],[5.051,43.429],[4.998,43.415],[4.928,43.44],[4.868,43.421],[4.85,43.401],[4.868,43.365],[4.901,43.367],[4.856,43.342],[4.833,43.382],[4.758,43.422],[4.742,43.449],[4.742,43.524],[4.695,43.579],[4.729,43.528],[4.743,43.423],[4.823,43.367],[4.82,43.346],[4.592,43.36],[4.566,43.371],[4.586,43.404],[4.58,43.43],[4.513,43.456],[4.409,43.448],[4.182,43.464],[4.133,43.487],[4.117,43.51],[4.133,43.533],[4.105,43.552],[3.953,43.54],[3.74,43.413],[3.622,43.375],[3.513,43.281],[3.385,43.284],[3.318,43.263],[3.244,43.219],[3.114,43.106],[3.039,42.943],[3.056,42.907],[3.042,42.629],[3.052,42.555],[3.137,42.525],[3.181,42.431],[3.086,42.427],[3.03,42.466],[2.934,42.47],[2.851,42.448],[2.789,42.412],[2.69,42.406],[2.64,42.373],[2.662,42.339],[2.548,42.352],[2.515,42.326],[2.446,42.352],[2.423,42.384],[2.277,42.429],[2.137,42.416],[2.052,42.352],[1.996,42.349],[1.964,42.367],[1.927,42.437],[1.712,42.494],[1.722,42.549],[1.765,42.563],[1.713,42.59],[1.722,42.61],[1.608,42.618],[1.543,42.649],[1.467,42.641],[1.451,42.602],[1.429,42.595],[1.361,42.687],[1.338,42.694],[1.343,42.709],[1.151,42.707],[1.089,42.771],[0.95,42.796],[0.921,42.784],[0.813,42.832],[0.707,42.847],[0.656,42.838],[0.64,42.775],[0.651,42.763],[0.633,42.745],[0.66,42.73],[0.665,42.699],[0.644,42.684],[0.409,42.682],[0.354,42.717],[0.275,42.669],[0.238,42.71],[0.169,42.726],[-0.039,42.685],[-0.119,42.717],[-0.158,42.761],[-0.161,42.795],[-0.235,42.786],[-0.323,42.843],[-0.424,42.791],[-0.534,42.808],[-0.536,42.784],[-0.569,42.773],[-0.648,42.85],[-0.74,42.885],[-0.76,42.947],[-0.943,42.948],[-1.028,42.987],[-1.15,43.006],[-1.294,43.055],[-1.315,43.083],[-1.286,43.109],[-1.348,43.093],[-1.366,43.033],[-1.457,43.045],[-1.488,43.082],[-1.426,43.135],[-1.4,43.207],[-1.404,43.243],[-1.432,43.265],[-1.559,43.284],[-1.588,43.252],[-1.622,43.247],[-1.655,43.298],[-1.747,43.291],[-1.756,43.319],[-1.797,43.341],[-1.796,43.374],[-1.794,43.386],[-1.776,43.376],[-1.661,43.4],[-1.597,43.443],[-1.477,43.58],[-1.346,44.019],[-1.282,44.302],[-1.247,44.505],[-1.257,44.556],[-1.187,44.665],[-1.1,44.655],[-1.045,44.669],[-1.065,44.717],[-1.172,44.778],[-1.234,44.707],[-1.26,44.627],[-1.199,45.121],[-1.158,45.279],[-1.134,45.505],[-1.085,45.569],[-1.059,45.57],[-1.062,45.532],[-1.04,45.507],[-0.915,45.45],[-0.794,45.355],[-0.755,45.296],[-0.716,45.135],[-0.682,45.076],[-0.569,44.998],[-0.548,44.902],[-0.535,44.895],[-0.548,44.95],[-0.539,44.977],[-0.596,45.025],[-0.494,44.998],[-0.519,45.029],[-0.602,45.053],[-0.656,45.099],[-0.72,45.361],[-0.795,45.477],[-1.084,45.66],[-1.149,45.679],[-1.194,45.71],[-1.247,45.71],[-1.23,45.792],[-1.164,45.807],[-1.057,45.74],[-0.987,45.717],[-1.125,45.808],[-1.152,45.868],[-1.073,45.904],[-1.07,45.926],[-1.09,45.951],[-1.069,45.964],[-1.111,46.018],[-1.073,46.007],[-1.049,46.039],[-1.084,46.057],[-1.097,46.102],[-1.129,46.116],[-1.117,46.128],[-1.211,46.175],[-1.185,46.197],[-1.18,46.229],[-1.111,46.259],[-1.111,46.303],[-1.132,46.324],[-1.177,46.326],[-1.214,46.311],[-1.213,46.279],[-1.24,46.284],[-1.277,46.32],[-1.37,46.354],[-1.449,46.343],[-1.481,46.408],[-1.626,46.431],[-1.617,46.444],[-1.633,46.454],[-1.761,46.492],[-1.789,46.533],[-1.782,46.495],[-1.795,46.495],[-1.823,46.594],[-1.91,46.692],[-1.956,46.704],[-2.05,46.792],[-2.119,46.82],[-2.129,46.893],[-2.096,46.916],[-2.102,46.931],[-2.049,46.957],[-1.991,47.035],[-2.03,47.092],[-2.241,47.142],[-2.165,47.168],[-2.161,47.271],[-2.015,47.3],[-1.917,47.284],[-1.898,47.273],[-1.919,47.266],[-1.804,47.219],[-1.727,47.211],[-1.788,47.226],[-1.906,47.294],[-2.01,47.32],[-2.148,47.313],[-2.278,47.246],[-2.316,47.252],[-2.371,47.286],[-2.448,47.267],[-2.542,47.3],[-2.476,47.291],[-2.436,47.307],[-2.481,47.348],[-2.502,47.321],[-2.515,47.365],[-2.556,47.383],[-2.477,47.416],[-2.439,47.41],[-2.439,47.396],[-2.392,47.424],[-2.448,47.431],[-2.439,47.445],[-2.489,47.459],[-2.481,47.478],[-2.495,47.491],[-2.364,47.506],[-2.517,47.528],[-2.622,47.513],[-2.632,47.52],[-2.577,47.554],[-2.638,47.54],[-2.618,47.527],[-2.666,47.534],[-2.681,47.504],[-2.83,47.504],[-2.909,47.558],[-2.865,47.567],[-2.851,47.547],[-2.816,47.547],[-2.81,47.568],[-2.741,47.551],[-2.689,47.604],[-2.684,47.623],[-2.707,47.643],[-2.696,47.623],[-2.714,47.616],[-2.7,47.609],[-2.709,47.602],[-2.775,47.629],[-2.734,47.622],[-2.746,47.634],[-2.789,47.643],[-2.775,47.637],[-2.919,47.596],[-2.913,47.609],[-2.94,47.602],[-2.933,47.637],[-2.975,47.664],[-2.964,47.603],[-2.933,47.574],[-2.94,47.561],[-2.994,47.596],[-2.989,47.582],[-3.003,47.579],[-3.012,47.607],[-3.016,47.581],[-3.074,47.576],[-3.123,47.599],[-3.123,47.519],[-3.085,47.478],[-3.132,47.478],[-3.145,47.516],[-3.132,47.557],[-3.141,47.598],[-3.201,47.64],[-3.186,47.681],[-3.111,47.704],[-3.118,47.732],[-3.139,47.725],[-3.139,47.753],[-3.193,47.746],[-3.159,47.711],[-3.207,47.697],[-3.193,47.684],[-3.224,47.656],[-3.262,47.684],[-3.358,47.697],[-3.283,47.691],[-3.358,47.711],[-3.283,47.787],[-3.383,47.737],[-3.364,47.718],[-3.446,47.705],[-3.528,47.78],[-3.625,47.78],[-3.706,47.797],[-3.723,47.813],[-3.775,47.794],[-3.852,47.801],[-3.886,47.855],[-3.962,47.9],[-3.988,47.903],[-3.979,47.883],[-4.009,47.851],[-4.029,47.855],[-4.002,47.869],[-4.037,47.855],[-4.107,47.88],[-4.132,47.924],[-4.143,47.912],[-4.111,47.869],[-4.153,47.855],[-4.186,47.874],[-4.18,47.842],[-4.153,47.842],[-4.185,47.813],[-4.372,47.807],[-4.372,47.834],[-4.348,47.838],[-4.347,47.863],[-4.372,47.916],[-4.435,47.976],[-4.533,48.026],[-4.572,48.006],[-4.602,48.026],[-4.728,48.041],[-4.701,48.075],[-4.285,48.115],[-4.276,48.144],[-4.302,48.196],[-4.366,48.215],[-4.379,48.232],[-4.485,48.243],[-4.532,48.183],[-4.557,48.177],[-4.544,48.205],[-4.564,48.232],[-4.547,48.253],[-4.626,48.267],[-4.626,48.287],[-4.575,48.29],[-4.547,48.347],[-4.53,48.342],[-4.543,48.305],[-4.516,48.296],[-4.427,48.3],[-4.389,48.287],[-4.263,48.3],[-4.29,48.294],[-4.269,48.288],[-4.187,48.308],[-4.325,48.322],[-4.269,48.363],[-4.454,48.335],[-4.397,48.388],[-4.29,48.432],[-4.599,48.35],[-4.691,48.363],[-4.704,48.342],[-4.768,48.345],[-4.783,48.376],[-4.765,48.378],[-4.766,48.39],[-4.785,48.436],[-4.768,48.469],[-4.749,48.473],[-4.775,48.491],[-4.765,48.52],[-4.722,48.568],[-4.701,48.561],[-4.708,48.568],[-4.692,48.576],[-4.642,48.582],[-4.577,48.568],[-4.608,48.603],[-4.53,48.602],[-4.557,48.609],[-4.564,48.63],[-4.407,48.643],[-4.427,48.658],[-4.343,48.679],[-4.299,48.664],[-4.307,48.642],[-4.242,48.658],[-4.194,48.65],[-4.213,48.661],[-4.174,48.691],[-4.079,48.697],[-4.064,48.685],[-4.057,48.712],[-3.974,48.733],[-3.955,48.658],[-3.892,48.678],[-3.906,48.664],[-3.852,48.63],[-3.858,48.685],[-3.837,48.671],[-3.837,48.707],[-3.817,48.712],[-3.81,48.733],[-3.585,48.683],[-3.571,48.688],[-3.58,48.733],[-3.528,48.739],[-3.582,48.791],[-3.543,48.808],[-3.515,48.842],[-3.398,48.807],[-3.26,48.848],[-3.23,48.872],[-3.207,48.855],[-3.228,48.808],[-3.221,48.794],[-3.145,48.862],[-3.091,48.871],[-3.091,48.836],[-3.077,48.828],[-3.125,48.76],[-3.065,48.824],[-3.008,48.821],[-3.042,48.788],[-2.933,48.767],[-2.947,48.733],[-2.827,48.658],[-2.813,48.599],[-2.714,48.561],[-2.734,48.534],[-2.682,48.509],[-2.676,48.54],[-2.62,48.544],[-2.569,48.589],[-2.474,48.626],[-2.46,48.643],[-2.487,48.65],[-2.386,48.65],[-2.316,48.699],[-2.282,48.671],[-2.33,48.63],[-2.313,48.62],[-2.251,48.65],[-2.214,48.582],[-2.193,48.616],[-2.174,48.583],[-2.159,48.589],[-2.172,48.602],[-2.161,48.613],[-2.124,48.609],[-2.145,48.636],[-2.052,48.65],[-2.001,48.589],[-2.008,48.575],[-1.976,48.536],[-1.98,48.514],[-1.939,48.534],[-1.967,48.547],[-1.98,48.589],[-1.953,48.575],[-2,48.601],[-2.029,48.643],[-1.986,48.688],[-1.946,48.699],[-1.844,48.712],[-1.836,48.691],[-1.861,48.664],[-1.861,48.641],[-1.796,48.616],[-1.644,48.623],[-1.58,48.643],[-1.357,48.643],[-1.395,48.668],[-1.443,48.663],[-1.456,48.683],[-1.503,48.696],[-1.516,48.725],[-1.554,48.747],[-1.567,48.822],[-1.603,48.849],[-1.579,48.863],[-1.564,48.922],[-1.543,48.935],[-1.563,48.958],[-1.546,49.03],[-1.508,49.034],[-1.55,49.04],[-1.579,49.013],[-1.594,49.029],[-1.589,49.082],[-1.608,49.103],[-1.569,49.144],[-1.589,49.144],[-1.61,49.216],[-1.548,49.225],[-1.617,49.238],[-1.625,49.219],[-1.672,49.28],[-1.658,49.288],[-1.699,49.314],[-1.707,49.329],[-1.686,49.335],[-1.699,49.356],[-1.715,49.339],[-1.776,49.37],[-1.768,49.384],[-1.816,49.384],[-1.819,49.452],[-1.885,49.531],[-1.844,49.572],[-1.84,49.62],[-1.869,49.662],[-1.946,49.678],[-1.935,49.724],[-1.839,49.715],[-1.816,49.692],[-1.617,49.664],[-1.607,49.65],[-1.511,49.663],[-1.456,49.702],[-1.409,49.712],[-1.263,49.696],[-1.228,49.624],[-1.264,49.589],[-1.301,49.582],[-1.306,49.558],[-1.262,49.493],[-1.176,49.415],[-1.182,49.356],[-1.152,49.363],[-1.123,49.345],[-1.103,49.349],[-1.106,49.379],[-1.072,49.397],[-0.94,49.392],[-0.822,49.363],[-0.411,49.343],[-0.219,49.28],[0.013,49.335],[0.162,49.415],[0.411,49.452],[0.493,49.494],[0.422,49.464],[0.34,49.457],[0.124,49.486],[0.079,49.516],[0.08,49.542],[0.186,49.703],[0.597,49.857],[0.675,49.876],[0.761,49.875],[1.221,49.979],[1.456,50.124],[1.487,50.185],[1.521,50.215],[1.673,50.193],[1.645,50.212],[1.665,50.22],[1.625,50.224],[1.542,50.278],[1.552,50.349],[1.572,50.376],[1.61,50.371],[1.555,50.405],[1.573,50.445],[1.579,50.533],[1.61,50.548],[1.578,50.589],[1.563,50.678],[1.606,50.79],[1.581,50.869],[1.653,50.889],[1.73,50.944],[1.921,50.997],[2.134,51.02],[2.316,51.059],[2.384,51.055],[2.522,51.088]],[[1.983,42.441],[1.999,42.444],[1.968,42.486],[1.957,42.482],[1.948,42.451],[1.983,42.441]]],[[[-60.81,14.462],[-60.845,14.414],[-60.871,14.408],[-60.887,14.428],[-60.86,14.447],[-60.869,14.476],[-60.898,14.461],[-60.92,14.473],[-61.07,14.467],[-61.106,14.517],[-61.044,14.565],[-61.018,14.545],[-60.996,14.565],[-61.016,14.613],[-61.092,14.606],[-61.16,14.667],[-61.182,14.713],[-61.177,14.745],[-61.226,14.808],[-61.219,14.847],[-61.171,14.876],[-61.136,14.877],[-61.002,14.811],[-60.961,14.75],[-60.879,14.777],[-60.914,14.736],[-60.934,14.75],[-60.935,14.709],[-60.907,14.703],[-60.935,14.688],[-60.937,14.666],[-60.92,14.675],[-60.887,14.661],[-60.907,14.654],[-60.901,14.639],[-60.848,14.596],[-60.845,14.571],[-60.832,14.579],[-60.825,14.53],[-60.838,14.517],[-60.81,14.462]]],[[[-61.194,15.932],[-61.216,15.894],[-61.275,15.874],[-61.305,15.878],[-61.332,15.932],[-61.308,15.978],[-61.268,16.009],[-61.224,15.988],[-61.194,15.932]]],[[[-60.989,16.346],[-61.069,16.302],[-61.092,16.305],[-61.039,16.344],[-60.989,16.346]]],[[[-61.552,16.286],[-61.548,16.238],[-61.579,16.222],[-61.558,16.086],[-61.566,16.034],[-61.597,15.997],[-61.695,15.949],[-61.702,15.99],[-61.733,16.014],[-61.769,16.088],[-61.797,16.312],[-61.738,16.365],[-61.616,16.312],[-61.599,16.292],[-61.613,16.286],[-61.585,16.271],[-61.571,16.29],[-61.552,16.286]]],[[[-61.544,16.285],[-61.528,16.338],[-61.496,16.365],[-61.5,16.386],[-61.524,16.395],[-61.534,16.449],[-61.463,16.513],[-61.409,16.472],[-61.394,16.389],[-61.366,16.349],[-61.339,16.333],[-61.29,16.333],[-61.164,16.253],[-61.183,16.244],[-61.234,16.258],[-61.462,16.202],[-61.534,16.233],[-61.544,16.285]]],[[[55.788,-21.103],[55.838,-21.126],[55.855,-21.157],[55.812,-21.343],[55.683,-21.371],[55.575,-21.368],[55.434,-21.312],[55.398,-21.278],[55.35,-21.271],[55.296,-21.2],[55.288,-21.144],[55.233,-21.069],[55.225,-21.03],[55.242,-20.993],[55.288,-20.965],[55.287,-20.912],[55.336,-20.905],[55.408,-20.863],[55.578,-20.875],[55.651,-20.898],[55.695,-20.935],[55.747,-21.063],[55.788,-21.103]]],[[[45.262,-12.763],[45.283,-12.743],[45.283,-12.805],[45.262,-12.763]]],[[[45.201,-12.723],[45.225,-12.76],[45.188,-12.817],[45.213,-12.852],[45.168,-12.944],[45.186,-12.969],[45.166,-12.989],[45.097,-12.982],[45.094,-12.958],[45.07,-12.955],[45.09,-12.924],[45.063,-12.899],[45.084,-12.887],[45.125,-12.921],[45.136,-12.904],[45.084,-12.839],[45.105,-12.833],[45.087,-12.76],[45.049,-12.734],[45.042,-12.698],[45.091,-12.647],[45.097,-12.661],[45.084,-12.668],[45.139,-12.715],[45.201,-12.723]]],[[[9.457,42.647],[9.482,42.62],[9.457,42.647]]],[[[8.566,42.209],[8.574,42.22],[8.549,42.242],[8.688,42.273],[8.625,42.319],[8.605,42.31],[8.6,42.322],[8.635,42.339],[8.613,42.352],[8.552,42.339],[8.549,42.377],[8.599,42.388],[8.619,42.42],[8.66,42.43],[8.677,42.472],[8.657,42.48],[8.667,42.51],[8.717,42.531],[8.709,42.579],[8.723,42.565],[8.787,42.562],[8.807,42.585],[8.805,42.606],[9.05,42.662],[9.053,42.682],[9.118,42.732],[9.237,42.723],[9.292,42.675],[9.343,42.749],[9.335,42.808],[9.306,42.839],[9.333,42.867],[9.33,42.904],[9.36,42.929],[9.347,43.004],[9.422,43.017],[9.464,42.99],[9.454,42.964],[9.47,42.942],[9.483,42.802],[9.443,42.641],[9.477,42.579],[9.512,42.565],[9.49,42.613],[9.528,42.564],[9.546,42.435],[9.532,42.374],[9.56,42.295],[9.56,42.147],[9.546,42.104],[9.403,41.953],[9.402,41.706],[9.372,41.684],[9.378,41.656],[9.345,41.64],[9.347,41.62],[9.292,41.626],[9.279,41.598],[9.345,41.604],[9.351,41.581],[9.265,41.531],[9.279,41.492],[9.271,41.469],[9.211,41.448],[9.223,41.427],[9.211,41.407],[9.25,41.428],[9.223,41.373],[9.207,41.366],[9.096,41.404],[9.121,41.435],[9.067,41.462],[9.08,41.482],[9.039,41.462],[9.039,41.476],[8.936,41.489],[8.84,41.531],[8.853,41.544],[8.792,41.561],[8.796,41.581],[8.778,41.592],[8.802,41.639],[8.873,41.651],[8.923,41.695],[8.789,41.713],[8.776,41.722],[8.785,41.742],[8.696,41.729],[8.703,41.742],[8.655,41.75],[8.718,41.772],[8.709,41.805],[8.785,41.824],[8.751,41.846],[8.792,41.859],[8.778,41.873],[8.805,41.907],[8.764,41.934],[8.614,41.901],[8.614,41.944],[8.586,41.969],[8.655,41.979],[8.665,42.014],[8.743,42.044],[8.745,42.057],[8.699,42.109],[8.661,42.105],[8.56,42.154],[8.594,42.167],[8.566,42.175],[8.582,42.195],[8.566,42.209]]],[[[-1.219,45.944],[-1.176,45.899],[-1.195,45.83],[-1.209,45.814],[-1.227,45.82],[-1.26,45.882],[-1.378,45.976],[-1.372,45.995],[-1.405,46.053],[-1.34,46.038],[-1.274,45.998],[-1.248,46.002],[-1.219,45.944]]],[[[-1.281,46.156],[-1.433,46.211],[-1.504,46.208],[-1.556,46.252],[-1.48,46.259],[-1.474,46.238],[-1.508,46.246],[-1.491,46.224],[-1.411,46.238],[-1.425,46.224],[-1.409,46.218],[-1.308,46.207],[-1.254,46.162],[-1.281,46.156]]],[[[-2.337,46.732],[-2.269,46.697],[-2.371,46.704],[-2.375,46.732],[-2.337,46.732]]],[[[-2.2,46.985],[-2.145,46.957],[-2.138,46.923],[-2.143,46.91],[-2.159,46.916],[-2.195,46.962],[-2.22,46.974],[-2.247,46.964],[-2.296,47.033],[-2.2,47.024],[-2.2,46.985]]],[[[-3.115,47.331],[-3.063,47.321],[-3.067,47.302],[-3.094,47.297],[-3.223,47.312],[-3.241,47.321],[-3.262,47.383],[-3.243,47.395],[-3.115,47.331]]],[[[-5.05,48.479],[-5.037,48.465],[-5.088,48.447],[-5.106,48.445],[-5.098,48.461],[-5.133,48.458],[-5.092,48.481],[-5.05,48.479]]],[[[-61.625,15.871],[-61.628,15.847],[-61.638,15.853],[-61.625,15.871]]],[[[-61.566,15.878],[-61.596,15.863],[-61.566,15.878]]],[[[6.235,43.022],[6.252,43.003],[6.216,42.99],[6.166,43],[6.235,43.022]]]]}},{"type":"Feature","properties":{"name":"Germany","blocKey":"nato","blocLabel":"NATO","color":"#5b6fb0","certainty":"member","basis":"NATO member"},"geometry":{"type":"MultiPolygon","coordinates":[[[[13.816,48.766],[13.784,48.715],[13.817,48.696],[13.801,48.675],[13.802,48.612],[13.774,48.569],[13.734,48.56],[13.717,48.522],[13.624,48.565],[13.521,48.585],[13.455,48.573],[13.44,48.561],[13.459,48.516],[13.406,48.377],[13.274,48.307],[13.033,48.264],[12.933,48.209],[12.863,48.197],[12.739,48.113],[12.76,48.065],[12.831,48.015],[12.862,47.963],[12.931,47.925],[12.991,47.847],[12.892,47.724],[12.964,47.705],[13.02,47.713],[13.072,47.659],[13.072,47.622],[13.038,47.584],[13.028,47.542],[13.037,47.493],[13.002,47.466],[12.932,47.474],[12.779,47.555],[12.786,47.603],[12.813,47.612],[12.752,47.649],[12.762,47.667],[12.653,47.675],[12.497,47.629],[12.445,47.656],[12.424,47.692],[12.239,47.679],[12.223,47.696],[12.242,47.732],[12.177,47.706],[12.205,47.672],[12.207,47.646],[12.174,47.605],[11.936,47.611],[11.852,47.599],[11.82,47.575],[11.62,47.59],[11.589,47.57],[11.551,47.514],[11.413,47.506],[11.365,47.469],[11.389,47.462],[11.384,47.445],[11.306,47.435],[11.237,47.394],[11.213,47.396],[11.215,47.423],[11.194,47.429],[11.084,47.39],[10.979,47.391],[10.955,47.41],[10.96,47.433],[10.858,47.485],[10.852,47.493],[10.892,47.515],[10.859,47.531],[10.761,47.514],[10.584,47.562],[10.537,47.53],[10.483,47.533],[10.454,47.546],[10.457,47.579],[10.429,47.577],[10.414,47.573],[10.431,47.542],[10.42,47.493],[10.448,47.473],[10.452,47.439],[10.428,47.396],[10.372,47.367],[10.306,47.302],[10.239,47.278],[10.16,47.271],[10.191,47.298],[10.209,47.372],[10.083,47.359],[10.053,47.405],[10.076,47.417],[10.072,47.439],[10.023,47.488],[9.983,47.481],[9.946,47.541],[9.833,47.535],[9.813,47.542],[9.808,47.576],[9.782,47.588],[9.753,47.582],[9.704,47.531],[9.613,47.522],[9.55,47.534],[9.273,47.65],[9.197,47.656],[9.183,47.67],[9.017,47.679],[8.945,47.654],[8.882,47.656],[8.838,47.681],[8.856,47.691],[8.798,47.72],[8.771,47.721],[8.77,47.695],[8.717,47.695],[8.7,47.723],[8.713,47.757],[8.682,47.759],[8.644,47.791],[8.617,47.757],[8.602,47.795],[8.558,47.801],[8.542,47.795],[8.552,47.779],[8.464,47.764],[8.438,47.723],[8.392,47.7],[8.391,47.665],[8.458,47.64],[8.568,47.663],[8.607,47.656],[8.602,47.633],[8.58,47.639],[8.574,47.592],[8.522,47.622],[8.462,47.606],[8.449,47.584],[8.354,47.581],[8.306,47.592],[8.289,47.616],[8.233,47.622],[8.179,47.616],[8.087,47.567],[8.042,47.561],[7.912,47.561],[7.898,47.588],[7.82,47.595],[7.767,47.556],[7.683,47.544],[7.61,47.565],[7.636,47.565],[7.66,47.597],[7.586,47.585],[7.59,47.608],[7.518,47.675],[7.512,47.707],[7.538,47.732],[7.526,47.783],[7.543,47.829],[7.562,47.839],[7.559,47.883],[7.585,47.94],[7.621,47.971],[7.619,48.003],[7.576,48.054],[7.579,48.114],[7.613,48.179],[7.687,48.253],[7.702,48.311],[7.751,48.341],[7.738,48.407],[7.776,48.498],[7.813,48.519],[7.802,48.548],[7.81,48.615],[7.852,48.659],[7.959,48.721],[7.97,48.757],[8.017,48.762],[8.039,48.791],[8.09,48.808],[8.2,48.959],[8.09,48.979],[7.932,49.035],[7.774,49.048],[7.635,49.038],[7.609,49.062],[7.521,49.084],[7.471,49.128],[7.476,49.152],[7.41,49.169],[7.351,49.159],[7.334,49.134],[7.297,49.128],[7.274,49.105],[7.155,49.114],[7.08,49.142],[7.073,49.12],[7.043,49.108],[7.021,49.119],[7.009,49.182],[6.914,49.207],[6.833,49.209],[6.839,49.163],[6.822,49.148],[6.726,49.156],[6.701,49.173],[6.703,49.214],[6.681,49.207],[6.64,49.271],[6.556,49.326],[6.556,49.347],[6.578,49.356],[6.519,49.402],[6.512,49.425],[6.403,49.465],[6.345,49.455],[6.351,49.567],[6.418,49.639],[6.403,49.656],[6.5,49.712],[6.486,49.734],[6.503,49.796],[6.397,49.809],[6.334,49.84],[6.303,49.835],[6.287,49.861],[6.223,49.887],[6.173,49.956],[6.162,49.942],[6.096,50.049],[6.129,50.134],[6.121,50.162],[6.165,50.182],[6.147,50.214],[6.272,50.267],[6.286,50.304],[6.375,50.315],[6.338,50.368],[6.351,50.434],[6.323,50.466],[6.337,50.481],[6.256,50.495],[6.207,50.486],[6.183,50.507],[6.191,50.515],[6.171,50.518],[6.177,50.53],[6.161,50.544],[6.233,50.587],[6.249,50.614],[6.159,50.622],[6.148,50.637],[6.161,50.642],[6.081,50.713],[6.012,50.709],[6.011,50.737],[5.973,50.782],[5.969,50.795],[5.998,50.801],[6.009,50.84],[6.057,50.853],[6.064,50.908],[6,50.929],[6.004,50.974],[5.875,50.965],[5.858,51.019],[5.852,51.043],[5.88,51.052],[5.938,51.031],[5.983,51.075],[6.147,51.152],[6.126,51.165],[6.157,51.179],[6.134,51.184],[6.084,51.163],[6.061,51.171],[6.057,51.212],[6.148,51.318],[6.194,51.345],[6.208,51.388],[6.193,51.399],[6.205,51.458],[6.193,51.509],[6.086,51.596],[6.099,51.644],[6.009,51.681],[6.022,51.71],[6.012,51.716],[5.939,51.732],[5.964,51.777],[5.931,51.816],[6.084,51.854],[6.156,51.842],[6.093,51.885],[6.127,51.897],[6.225,51.863],[6.265,51.866],[6.287,51.846],[6.342,51.837],[6.345,51.821],[6.382,51.828],[6.378,51.86],[6.463,51.848],[6.529,51.876],[6.744,51.908],[6.811,51.961],[6.809,51.98],[6.675,52.035],[6.68,52.06],[6.711,52.067],[6.75,52.103],[6.831,52.113],[6.885,52.16],[7.026,52.231],[7.012,52.285],[7.048,52.365],[6.973,52.451],[6.9,52.432],[6.715,52.462],[6.695,52.476],[6.672,52.542],[6.744,52.56],[6.704,52.583],[6.702,52.619],[6.737,52.635],[6.865,52.642],[7.018,52.626],[7.037,52.647],[7.062,52.824],[7.162,52.933],[7.193,52.998],[7.172,53.138],[7.195,53.185],[7.195,53.245],[7.234,53.274],[7.23,53.297],[7.255,53.32],[7.367,53.303],[7.303,53.333],[7.075,53.338],[7.038,53.349],[7.024,53.376],[7.023,53.451],[7.051,53.513],[7.12,53.516],[7.142,53.537],[7.087,53.587],[7.226,53.666],[7.305,53.685],[7.459,53.695],[7.504,53.679],[7.951,53.722],[8.031,53.708],[8.025,53.673],[8.053,53.636],[8.128,53.591],[8.119,53.572],[8.168,53.553],[8.155,53.526],[8.059,53.502],[8.077,53.469],[8.1,53.447],[8.152,53.45],[8.205,53.411],[8.259,53.412],[8.315,53.475],[8.32,53.509],[8.292,53.529],[8.231,53.525],[8.249,53.59],[8.271,53.613],[8.329,53.618],[8.388,53.577],[8.552,53.544],[8.49,53.486],[8.485,53.401],[8.504,53.358],[8.498,53.475],[8.557,53.518],[8.566,53.547],[8.508,53.625],[8.486,53.7],[8.588,53.87],[8.673,53.892],[8.745,53.854],[8.861,53.831],[9.211,53.872],[9.283,53.862],[9.582,53.591],[9.697,53.557],[9.832,53.544],[9.782,53.57],[9.692,53.576],[9.584,53.612],[9.551,53.635],[9.532,53.711],[9.436,53.749],[9.395,53.831],[9.258,53.886],[9.03,53.907],[8.985,53.897],[8.916,53.937],[8.833,54.036],[8.891,54.048],[8.997,54.03],[9.018,54.098],[8.974,54.128],[8.977,54.146],[8.953,54.15],[8.861,54.125],[8.813,54.18],[8.847,54.234],[8.84,54.256],[8.922,54.274],[8.963,54.318],[8.881,54.29],[8.888,54.304],[8.739,54.294],[8.678,54.269],[8.623,54.29],[8.6,54.338],[8.696,54.359],[8.651,54.378],[8.635,54.365],[8.629,54.388],[8.648,54.406],[8.886,54.418],[9.005,54.466],[9.012,54.506],[8.879,54.607],[8.826,54.598],[8.819,54.606],[8.853,54.619],[8.805,54.688],[8.689,54.735],[8.694,54.76],[8.643,54.844],[8.661,54.896],[8.904,54.898],[9.195,54.85],[9.244,54.802],[9.385,54.819],[9.451,54.81],[9.58,54.866],[9.583,54.83],[9.735,54.807],[9.802,54.783],[9.824,54.757],[9.895,54.769],[9.891,54.79],[9.948,54.78],[10.018,54.701],[9.97,54.701],[9.929,54.674],[10.039,54.667],[10.027,54.56],[9.966,54.506],[9.84,54.475],[9.883,54.462],[10.143,54.492],[10.204,54.461],[10.184,54.449],[10.191,54.397],[10.142,54.372],[10.156,54.343],[10.142,54.324],[10.18,54.341],[10.224,54.414],[10.318,54.443],[10.601,54.365],[10.69,54.316],[10.731,54.31],[10.777,54.315],[10.935,54.38],[11.019,54.386],[10.976,54.378],[11.034,54.368],[11.104,54.393],[11.136,54.386],[11.088,54.352],[11.067,54.359],[11.094,54.284],[11.09,54.208],[11.067,54.184],[10.893,54.103],[10.805,54.095],[10.753,54.05],[10.78,54.01],[10.875,53.995],[10.887,53.964],[10.902,53.961],[11.053,54.008],[11.175,54.018],[11.204,53.989],[11.245,53.978],[11.243,53.945],[11.294,53.941],[11.334,53.961],[11.458,53.906],[11.472,53.969],[11.498,53.982],[11.492,54.002],[11.526,54.023],[11.519,54.036],[11.573,54.039],[11.625,54.084],[11.625,54.11],[11.69,54.155],[11.812,54.15],[12.088,54.194],[12.092,54.114],[12.115,54.098],[12.095,54.146],[12.143,54.18],[12.109,54.183],[12.187,54.243],[12.342,54.304],[12.502,54.474],[12.534,54.488],[12.548,54.462],[12.591,54.452],[12.88,54.449],[12.921,54.433],[12.871,54.417],[12.695,54.434],[12.624,54.423],[12.582,54.406],[12.595,54.386],[12.554,54.391],[12.527,54.372],[12.491,54.39],[12.438,54.388],[12.418,54.361],[12.424,54.345],[12.397,54.352],[12.392,54.321],[12.363,54.31],[12.38,54.277],[12.369,54.269],[12.412,54.251],[12.458,54.256],[12.41,54.269],[12.417,54.281],[12.472,54.31],[12.479,54.332],[12.561,54.359],[12.541,54.372],[12.623,54.374],[12.705,54.415],[12.718,54.406],[12.692,54.396],[12.684,54.372],[12.705,54.4],[12.735,54.378],[12.787,54.392],[12.818,54.358],[12.855,54.358],[12.929,54.414],[13.009,54.438],[13.034,54.434],[13.021,54.415],[13.04,54.392],[13.096,54.372],[13.077,54.353],[13.115,54.28],[13.171,54.277],[13.143,54.263],[13.289,54.234],[13.349,54.18],[13.322,54.167],[13.403,54.174],[13.383,54.153],[13.418,54.153],[13.484,54.091],[13.507,54.098],[13.479,54.125],[13.603,54.139],[13.712,54.174],[13.698,54.153],[13.808,54.105],[13.773,54.046],[13.746,54.036],[13.839,53.986],[13.849,53.956],[13.906,53.943],[13.89,53.913],[13.819,53.878],[13.817,53.853],[14.037,53.755],[14.187,53.74],[14.234,53.762],[14.264,53.752],[14.26,53.728],[14.213,53.708],[14.264,53.7],[14.261,53.656],[14.297,53.598],[14.304,53.509],[14.36,53.444],[14.403,53.279],[14.442,53.252],[14.381,53.19],[14.39,53.132],[14.343,53.049],[14.144,52.96],[14.165,52.896],[14.15,52.865],[14.124,52.851],[14.382,52.738],[14.432,52.686],[14.645,52.577],[14.609,52.518],[14.632,52.497],[14.592,52.45],[14.54,52.422],[14.545,52.382],[14.59,52.309],[14.584,52.291],[14.712,52.236],[14.693,52.2],[14.707,52.179],[14.686,52.121],[14.761,52.077],[14.699,51.993],[14.687,51.912],[14.596,51.842],[14.586,51.804],[14.634,51.769],[14.648,51.717],[14.732,51.658],[14.744,51.607],[14.713,51.567],[14.71,51.53],[14.911,51.469],[14.955,51.435],[14.961,51.335],[15.019,51.272],[15.022,51.237],[14.991,51.189],[14.955,51.064],[14.86,50.917],[14.81,50.877],[14.795,50.832],[14.759,50.81],[14.613,50.846],[14.629,50.921],[14.55,50.912],[14.574,50.975],[14.503,51.009],[14.482,51.037],[14.462,51.02],[14.398,51.013],[14.357,51.032],[14.288,51.037],[14.238,50.982],[14.304,50.97],[14.293,50.953],[14.318,50.938],[14.382,50.921],[14.376,50.896],[14.347,50.88],[14.232,50.879],[14.191,50.848],[14.035,50.803],[13.96,50.802],[13.893,50.78],[13.882,50.743],[13.835,50.724],[13.557,50.707],[13.516,50.691],[13.523,50.662],[13.448,50.597],[13.407,50.601],[13.369,50.628],[13.322,50.602],[13.306,50.576],[13.232,50.582],[13.199,50.525],[13.16,50.497],[13.01,50.493],[12.997,50.434],[12.953,50.404],[12.817,50.443],[12.738,50.432],[12.692,50.395],[12.51,50.389],[12.475,50.369],[12.467,50.342],[12.398,50.315],[12.336,50.259],[12.309,50.217],[12.314,50.167],[12.3,50.161],[12.273,50.172],[12.254,50.217],[12.23,50.235],[12.24,50.257],[12.178,50.269],[12.169,50.303],[12.149,50.312],[12.076,50.315],[12.111,50.277],[12.08,50.243],[12.175,50.183],[12.179,50.118],[12.233,50.081],[12.247,50.045],[12.451,49.981],[12.468,49.97],[12.463,49.931],[12.524,49.905],[12.483,49.827],[12.462,49.831],[12.453,49.78],[12.384,49.743],[12.42,49.7],[12.496,49.67],[12.502,49.62],[12.547,49.596],[12.583,49.522],[12.623,49.51],[12.644,49.429],[12.729,49.391],[12.778,49.333],[12.857,49.322],[12.885,49.34],[13,49.295],[13.011,49.268],[13.179,49.118],[13.3,49.094],[13.372,49.039],[13.399,48.978],[13.459,48.945],[13.482,48.938],[13.516,48.97],[13.609,48.946],[13.637,48.893],[13.725,48.867],[13.816,48.766]]],[[[14.21,53.938],[14.175,53.906],[14.201,53.878],[14.048,53.879],[13.938,53.845],[13.84,53.85],[13.822,53.865],[13.932,53.899],[13.939,53.928],[13.902,53.97],[13.904,53.995],[13.973,53.989],[13.959,53.941],[13.987,53.961],[14.028,53.961],[14.014,53.947],[14.048,53.941],[14.051,54.005],[13.946,54.067],[13.916,54.056],[13.925,54.036],[13.891,54.01],[13.856,54.002],[13.876,54.036],[13.864,54.05],[13.794,54.018],[13.774,54.023],[13.815,54.101],[13.753,54.153],[13.778,54.174],[13.815,54.174],[13.882,54.102],[14.017,54.06],[14.21,53.938]]],[[[6.798,53.604],[6.722,53.591],[6.757,53.563],[6.677,53.576],[6.66,53.599],[6.785,53.62],[6.798,53.604]]],[[[6.874,53.673],[7.085,53.687],[6.874,53.673]]],[[[7.133,53.708],[7.233,53.729],[7.347,53.723],[7.133,53.708]]],[[[7.367,53.728],[7.436,53.728],[7.367,53.728]]],[[[8.12,53.721],[8.152,53.739],[8.196,53.728],[8.12,53.721]]],[[[7.517,53.762],[7.627,53.751],[7.514,53.746],[7.511,53.728],[7.482,53.727],[7.475,53.757],[7.517,53.762]]],[[[7.661,53.762],[7.686,53.781],[7.813,53.783],[7.748,53.761],[7.661,53.762]]],[[[7.874,53.776],[7.855,53.785],[7.877,53.795],[7.956,53.783],[7.875,53.788],[7.874,53.776]]],[[[11.376,53.982],[11.427,54.023],[11.498,54.023],[11.458,53.961],[11.445,53.961],[11.447,53.997],[11.423,53.968],[11.376,53.982]]],[[[11.528,54.075],[11.616,54.112],[11.54,54.057],[11.528,54.075]]],[[[8.963,54.524],[8.888,54.468],[8.813,54.482],[8.826,54.491],[8.813,54.502],[8.844,54.52],[8.963,54.524]]],[[[11.256,54.479],[11.314,54.414],[11.188,54.426],[11.17,54.42],[11.179,54.414],[11.113,54.415],[11.099,54.452],[11.032,54.447],[11.006,54.468],[11.034,54.509],[11.121,54.536],[11.207,54.514],[11.256,54.479]]],[[[13.143,54.598],[13.119,54.586],[13.103,54.53],[13.075,54.509],[13.061,54.468],[13.102,54.596],[13.151,54.605],[13.15,54.578],[13.143,54.598]]],[[[13.698,54.392],[13.766,54.345],[13.73,54.317],[13.723,54.278],[13.691,54.284],[13.712,54.287],[13.712,54.304],[13.651,54.297],[13.712,54.332],[13.617,54.318],[13.691,54.352],[13.627,54.339],[13.599,54.352],[13.5,54.345],[13.406,54.285],[13.36,54.275],[13.356,54.249],[13.363,54.263],[13.418,54.266],[13.423,54.233],[13.407,54.228],[13.312,54.251],[13.335,54.284],[13.315,54.263],[13.268,54.256],[13.21,54.276],[13.205,54.297],[13.15,54.29],[13.149,54.305],[13.178,54.31],[13.115,54.338],[13.149,54.377],[13.223,54.373],[13.267,54.386],[13.239,54.394],[13.239,54.42],[13.212,54.431],[13.157,54.427],[13.182,54.453],[13.273,54.482],[13.233,54.493],[13.233,54.516],[13.185,54.508],[13.143,54.543],[13.26,54.554],[13.298,54.52],[13.301,54.55],[13.369,54.585],[13.342,54.55],[13.363,54.543],[13.349,54.524],[13.384,54.532],[13.39,54.543],[13.363,54.55],[13.377,54.565],[13.431,54.493],[13.507,54.488],[13.521,54.524],[13.5,54.557],[13.521,54.571],[13.441,54.557],[13.369,54.612],[13.273,54.561],[13.253,54.565],[13.257,54.595],[13.293,54.642],[13.225,54.635],[13.231,54.653],[13.391,54.688],[13.445,54.68],[13.383,54.636],[13.395,54.604],[13.425,54.585],[13.596,54.591],[13.671,54.566],[13.677,54.54],[13.575,54.472],[13.61,54.414],[13.698,54.392]]],[[[8.332,54.694],[8.401,54.633],[8.354,54.619],[8.33,54.631],[8.292,54.667],[8.32,54.699],[8.36,54.715],[8.332,54.694]]],[[[8.498,54.756],[8.553,54.754],[8.594,54.729],[8.566,54.688],[8.485,54.688],[8.395,54.715],[8.437,54.748],[8.498,54.756]]],[[[8.36,54.948],[8.355,54.913],[8.388,54.894],[8.654,54.894],[8.629,54.882],[8.504,54.886],[8.446,54.866],[8.344,54.879],[8.307,54.865],[8.284,54.742],[8.277,54.783],[8.298,54.913],[8.374,55.035],[8.416,55.065],[8.463,55.051],[8.395,55.044],[8.43,55.03],[8.362,54.987],[8.36,54.948]]],[[[8.635,54.543],[8.699,54.559],[8.701,54.548],[8.693,54.523],[8.641,54.492],[8.596,54.514],[8.635,54.543]]],[[[7.904,54.18],[7.88,54.194],[7.904,54.18]]],[[[7.912,54.192],[7.933,54.19],[7.912,54.192]]]]}},{"type":"Feature","properties":{"name":"Greece","blocKey":"nato","blocLabel":"NATO","color":"#5b6fb0","certainty":"member","basis":"NATO member"},"geometry":{"type":"MultiPolygon","coordinates":[[[[20.965,40.849],[21.183,40.87],[21.295,40.861],[21.405,40.909],[21.51,40.901],[21.582,40.866],[21.685,40.928],[21.766,40.924],[21.784,40.964],[21.894,41.054],[21.909,41.097],[22.048,41.152],[22.103,41.122],[22.206,41.161],[22.303,41.146],[22.309,41.125],[22.38,41.132],[22.451,41.114],[22.59,41.125],[22.645,41.18],[22.705,41.14],[22.727,41.166],[22.751,41.315],[22.781,41.335],[23.157,41.316],[23.2,41.333],[23.224,41.379],[23.288,41.398],[23.326,41.369],[23.415,41.4],[23.513,41.398],[23.612,41.371],[23.672,41.403],[23.754,41.401],[23.777,41.429],[23.852,41.44],[23.895,41.464],[23.95,41.438],[24.001,41.464],[24.035,41.451],[24.052,41.463],[24.047,41.526],[24.116,41.533],[24.17,41.512],[24.182,41.537],[24.233,41.562],[24.286,41.54],[24.296,41.515],[24.439,41.528],[24.459,41.55],[24.51,41.562],[24.531,41.548],[24.58,41.441],[24.699,41.409],[24.774,41.348],[24.794,41.347],[24.803,41.393],[24.886,41.401],[25.102,41.337],[25.177,41.294],[25.22,41.25],[25.286,41.239],[25.505,41.281],[25.551,41.316],[25.68,41.297],[25.811,41.341],[25.882,41.304],[26.121,41.358],[26.176,41.432],[26.146,41.478],[26.163,41.529],[26.131,41.553],[26.115,41.617],[26.055,41.649],[26.048,41.689],[26.108,41.728],[26.226,41.75],[26.274,41.715],[26.36,41.715],[26.476,41.676],[26.464,41.649],[26.576,41.591],[26.595,41.612],[26.595,41.537],[26.636,41.4],[26.632,41.358],[26.61,41.331],[26.54,41.352],[26.412,41.266],[26.321,41.246],[26.336,41.229],[26.321,41.188],[26.336,41.153],[26.317,41.122],[26.339,41.114],[26.325,41.074],[26.348,41.041],[26.374,41.031],[26.368,41.008],[26.333,40.991],[26.359,40.965],[26.294,40.927],[26.304,40.909],[26.26,40.92],[26.239,40.886],[26.226,40.899],[26.206,40.865],[26.212,40.847],[26.158,40.812],[26.112,40.747],[26.082,40.736],[26.044,40.738],[26.027,40.796],[26.006,40.804],[26.054,40.816],[26.054,40.831],[26.012,40.824],[25.998,40.839],[25.998,40.817],[25.919,40.853],[25.538,40.87],[25.3,40.952],[25.266,40.927],[25.181,40.943],[25.134,40.963],[25.14,40.984],[25.17,40.996],[25.138,41.01],[25.039,41.006],[25.04,40.99],[24.992,40.968],[24.99,40.942],[24.892,40.921],[24.802,40.853],[24.766,40.865],[24.709,40.852],[24.663,40.88],[24.629,40.859],[24.567,40.952],[24.505,40.962],[24.464,40.941],[24.392,40.936],[24.313,40.88],[24.331,40.855],[24.306,40.842],[24.341,40.831],[24.11,40.728],[23.986,40.732],[23.842,40.783],[23.732,40.752],[23.697,40.721],[23.7,40.674],[23.756,40.646],[23.793,40.588],[23.847,40.56],[23.889,40.564],[23.915,40.539],[23.907,40.525],[23.823,40.507],[23.827,40.461],[23.868,40.414],[23.964,40.379],[24.002,40.386],[24.012,40.402],[23.991,40.448],[24.011,40.449],[24.086,40.366],[24.18,40.352],[24.204,40.317],[24.233,40.317],[24.383,40.179],[24.394,40.152],[24.361,40.132],[24.3,40.128],[24.286,40.161],[24.238,40.187],[24.169,40.275],[24.019,40.31],[23.937,40.365],[23.834,40.372],[23.76,40.349],[23.73,40.359],[23.694,40.309],[23.716,40.255],[23.779,40.203],[23.897,40.171],[23.991,40.119],[23.978,40.091],[24.005,40.067],[23.987,40.042],[24.012,40.044],[24.019,40.016],[23.988,39.99],[23.999,39.975],[23.97,39.968],[23.991,39.954],[23.92,39.956],[23.923,39.975],[23.901,39.971],[23.903,39.988],[23.845,40.024],[23.824,40.022],[23.827,40.009],[23.785,40.067],[23.793,40.094],[23.675,40.218],[23.438,40.279],[23.365,40.262],[23.34,40.228],[23.364,40.15],[23.401,40.144],[23.499,40.042],[23.67,39.986],[23.697,39.94],[23.748,39.93],[23.703,39.913],[23.616,39.923],[23.471,39.972],[23.361,39.961],[23.382,40.003],[23.306,40.104],[23.325,40.175],[23.299,40.235],[23.029,40.326],[22.964,40.379],[22.888,40.386],[22.89,40.418],[22.822,40.502],[22.942,40.517],[22.983,40.553],[22.942,40.587],[22.95,40.605],[22.91,40.645],[22.854,40.639],[22.851,40.593],[22.816,40.571],[22.759,40.568],[22.737,40.515],[22.674,40.527],[22.656,40.505],[22.675,40.496],[22.651,40.473],[22.603,40.481],[22.579,40.468],[22.604,40.444],[22.606,40.414],[22.661,40.369],[22.553,40.167],[22.571,40.054],[22.6,40.016],[22.708,39.961],[22.73,39.885],[22.85,39.791],[22.939,39.581],[23.097,39.502],[23.126,39.454],[23.271,39.323],[23.344,39.18],[23.301,39.151],[23.21,39.132],[23.23,39.118],[23.204,39.105],[23.115,39.088],[23.052,39.098],[23.081,39.147],[23.114,39.159],[23.101,39.105],[23.172,39.135],[23.181,39.159],[23.199,39.151],[23.217,39.18],[23.176,39.234],[23.169,39.269],[23.135,39.297],[23.021,39.318],[22.998,39.357],[22.936,39.361],[22.929,39.324],[22.943,39.303],[22.843,39.288],[22.826,39.272],[22.826,39.221],[22.854,39.159],[22.877,39.19],[22.902,39.18],[22.921,39.125],[22.936,39.111],[22.936,39.132],[22.961,39.119],[22.998,39.07],[22.998,39.049],[22.959,39.025],[22.964,39.009],[23.042,39.04],[23.073,39.036],[23.023,39.008],[22.985,38.954],[22.936,38.947],[22.943,38.933],[22.898,38.92],[22.847,38.926],[22.837,38.896],[22.792,38.878],[22.733,38.872],[22.718,38.89],[22.689,38.878],[22.622,38.914],[22.539,38.878],[22.525,38.885],[22.525,38.858],[22.573,38.864],[22.554,38.848],[22.583,38.832],[22.6,38.844],[22.593,38.83],[22.703,38.851],[22.778,38.782],[22.829,38.786],[22.867,38.755],[22.915,38.776],[22.945,38.758],[23.042,38.747],[23.105,38.638],[23.182,38.654],[23.196,38.666],[23.168,38.679],[23.187,38.686],[23.306,38.653],[23.331,38.63],[23.333,38.604],[23.293,38.579],[23.285,38.556],[23.307,38.569],[23.382,38.535],[23.34,38.522],[23.335,38.504],[23.519,38.491],[23.543,38.512],[23.567,38.501],[23.601,38.474],[23.573,38.453],[23.596,38.447],[23.594,38.426],[23.625,38.414],[23.673,38.356],[23.71,38.337],[23.782,38.344],[23.951,38.291],[24.069,38.205],[24.081,38.166],[24.059,38.131],[24.038,38.144],[23.989,38.123],[24.009,38.041],[24.033,38.008],[24.012,37.967],[24.012,37.925],[24.046,37.906],[24.012,37.892],[24.067,37.864],[24.053,37.823],[24.087,37.785],[24.082,37.753],[24.059,37.733],[24.073,37.727],[24.059,37.72],[24.072,37.69],[24.033,37.652],[23.95,37.677],[23.943,37.727],[23.923,37.721],[23.903,37.782],[23.889,37.774],[23.866,37.808],[23.813,37.83],[23.807,37.809],[23.779,37.802],[23.697,37.94],[23.628,37.933],[23.642,37.953],[23.561,37.973],[23.553,37.98],[23.598,38.021],[23.575,38.047],[23.45,38.021],[23.395,37.988],[23.429,37.98],[23.409,37.974],[23.227,37.974],[23.094,37.911],[23.015,37.925],[22.995,37.882],[23.013,37.848],[23.114,37.851],[23.182,37.809],[23.182,37.774],[23.128,37.76],[23.121,37.741],[23.176,37.72],[23.169,37.614],[23.337,37.535],[23.36,37.548],[23.359,37.574],[23.312,37.617],[23.399,37.638],[23.404,37.599],[23.374,37.556],[23.422,37.528],[23.395,37.515],[23.479,37.491],[23.526,37.46],[23.526,37.439],[23.447,37.415],[23.263,37.401],[23.23,37.375],[23.278,37.35],[23.186,37.341],[23.204,37.303],[23.169,37.3],[23.141,37.31],[23.162,37.323],[23.123,37.325],[23.114,37.336],[23.135,37.329],[23.122,37.346],[23.073,37.355],[23.073,37.401],[23.095,37.39],[23.114,37.426],[23.141,37.412],[23.132,37.449],[23.046,37.46],[23.059,37.467],[23.046,37.487],[23.005,37.46],[22.981,37.509],[22.922,37.54],[22.902,37.542],[22.922,37.528],[22.885,37.533],[22.854,37.515],[22.819,37.535],[22.826,37.549],[22.778,37.597],[22.726,37.566],[22.73,37.494],[22.765,37.432],[22.758,37.398],[22.819,37.344],[22.819,37.316],[22.907,37.194],[22.903,37.121],[22.956,37.124],[22.956,37.096],[22.982,37.083],[22.964,37.083],[23,37.033],[23.012,36.987],[22.991,36.987],[23.012,36.973],[23.012,36.939],[23.046,36.869],[23.093,36.818],[23.081,36.789],[23.114,36.781],[23.089,36.733],[23.052,36.747],[23.031,36.726],[23.032,36.693],[23.059,36.693],[23.034,36.675],[23.036,36.649],[23.081,36.579],[23.155,36.541],[23.135,36.508],[23.204,36.456],[23.196,36.433],[23.162,36.446],[23.139,36.434],[23.095,36.443],[23.066,36.473],[23.072,36.493],[23.051,36.522],[22.972,36.52],[22.929,36.596],[22.875,36.631],[22.884,36.654],[22.837,36.687],[22.815,36.671],[22.817,36.718],[22.787,36.793],[22.686,36.809],[22.577,36.783],[22.579,36.74],[22.546,36.721],[22.525,36.685],[22.55,36.678],[22.553,36.651],[22.534,36.671],[22.517,36.666],[22.526,36.612],[22.513,36.603],[22.505,36.624],[22.484,36.607],[22.487,36.525],[22.511,36.467],[22.491,36.391],[22.47,36.452],[22.408,36.487],[22.381,36.48],[22.355,36.512],[22.367,36.548],[22.388,36.556],[22.374,36.583],[22.388,36.603],[22.367,36.603],[22.371,36.643],[22.388,36.644],[22.368,36.656],[22.388,36.706],[22.359,36.702],[22.305,36.775],[22.292,36.82],[22.222,36.898],[22.2,36.906],[22.175,36.891],[22.138,36.917],[22.153,37.021],[22.048,37.035],[21.943,36.993],[21.922,36.863],[21.929,36.822],[21.97,36.795],[21.945,36.79],[21.936,36.766],[21.883,36.727],[21.823,36.809],[21.764,36.795],[21.707,36.818],[21.688,36.85],[21.688,36.891],[21.71,36.943],[21.688,36.965],[21.668,36.959],[21.682,36.973],[21.662,36.959],[21.655,36.995],[21.579,37.077],[21.57,37.116],[21.574,37.192],[21.682,37.284],[21.696,37.316],[21.675,37.396],[21.55,37.561],[21.402,37.655],[21.343,37.669],[21.324,37.665],[21.312,37.638],[21.299,37.673],[21.312,37.726],[21.285,37.785],[21.122,37.837],[21.106,37.878],[21.134,37.946],[21.164,37.93],[21.208,37.946],[21.326,38.021],[21.319,38.035],[21.284,38.015],[21.367,38.121],[21.374,38.221],[21.409,38.186],[21.401,38.215],[21.524,38.166],[21.622,38.155],[21.701,38.205],[21.764,38.296],[21.849,38.341],[21.956,38.337],[22.02,38.313],[22.049,38.275],[22.114,38.268],[22.143,38.249],[22.161,38.213],[22.219,38.188],[22.331,38.179],[22.415,38.138],[22.511,38.129],[22.68,38.067],[22.867,37.94],[22.946,37.946],[22.975,37.979],[22.887,38.034],[22.854,38.035],[22.875,38.049],[22.943,38.083],[23.069,38.059],[23.173,38.079],[23.217,38.103],[23.176,38.145],[23.223,38.159],[23.128,38.172],[23.149,38.186],[23.123,38.208],[23.067,38.183],[23.032,38.186],[23.052,38.193],[23.025,38.217],[22.952,38.225],[22.922,38.207],[22.951,38.21],[22.969,38.193],[22.909,38.193],[22.895,38.241],[22.881,38.227],[22.875,38.241],[22.806,38.227],[22.765,38.248],[22.799,38.282],[22.696,38.317],[22.675,38.344],[22.684,38.361],[22.646,38.39],[22.627,38.372],[22.646,38.362],[22.612,38.364],[22.587,38.337],[22.606,38.323],[22.6,38.303],[22.563,38.294],[22.468,38.421],[22.402,38.453],[22.408,38.416],[22.374,38.392],[22.399,38.376],[22.382,38.343],[22.225,38.36],[22.189,38.323],[22.133,38.373],[21.958,38.412],[21.879,38.378],[21.831,38.397],[21.782,38.364],[21.763,38.328],[21.716,38.358],[21.6,38.351],[21.518,38.296],[21.428,38.331],[21.49,38.309],[21.49,38.337],[21.476,38.344],[21.49,38.358],[21.47,38.358],[21.476,38.372],[21.422,38.364],[21.416,38.394],[21.377,38.399],[21.36,38.468],[21.323,38.496],[21.312,38.487],[21.353,38.433],[21.339,38.433],[21.337,38.396],[21.291,38.378],[21.291,38.364],[21.27,38.368],[21.272,38.354],[21.239,38.331],[21.19,38.341],[21.181,38.331],[21.2,38.323],[21.156,38.304],[21.14,38.337],[21.085,38.344],[21.106,38.353],[21.106,38.372],[21.093,38.364],[21.106,38.385],[21.114,38.374],[21.14,38.399],[21.087,38.41],[21.085,38.44],[21.107,38.425],[21.12,38.44],[21.106,38.433],[21.106,38.481],[21.079,38.488],[21.099,38.494],[21.085,38.502],[21.096,38.532],[21.031,38.511],[21.017,38.546],[21.025,38.608],[20.988,38.664],[20.914,38.686],[20.883,38.779],[20.86,38.804],[20.811,38.763],[20.804,38.773],[20.773,38.761],[20.729,38.81],[20.749,38.857],[20.805,38.868],[20.756,38.907],[20.77,38.959],[20.782,38.935],[20.817,38.921],[20.86,38.961],[20.867,38.926],[20.904,38.928],[20.921,38.954],[21.027,38.933],[21.026,38.898],[21.085,38.864],[21.102,38.911],[21.177,38.876],[21.14,38.941],[21.16,38.998],[21.085,39.063],[21.079,39.036],[21.037,39.022],[21.058,39.009],[20.954,39.034],[20.935,39.057],[20.948,39.07],[20.901,39.077],[20.867,39.053],[20.886,39.036],[20.845,39.037],[20.86,39.042],[20.858,39.059],[20.846,39.077],[20.826,39.07],[20.838,39.092],[20.822,39.114],[20.777,39.091],[20.792,39.081],[20.784,39.049],[20.757,39.022],[20.743,39.029],[20.745,39.015],[20.832,38.964],[20.766,38.978],[20.735,38.95],[20.702,38.998],[20.716,39.015],[20.687,39.072],[20.596,39.124],[20.479,39.225],[20.482,39.283],[20.394,39.297],[20.366,39.288],[20.325,39.304],[20.293,39.333],[20.291,39.365],[20.27,39.387],[20.236,39.399],[20.243,39.412],[20.216,39.44],[20.267,39.447],[20.216,39.495],[20.255,39.492],[20.264,39.509],[20.222,39.521],[20.222,39.509],[20.183,39.533],[20.134,39.53],[20.147,39.571],[20.175,39.577],[20.182,39.624],[20.089,39.673],[20,39.694],[20.089,39.683],[20.184,39.637],[20.212,39.667],[20.246,39.663],[20.249,39.685],[20.299,39.728],[20.276,39.76],[20.28,39.804],[20.372,39.784],[20.397,39.818],[20.318,39.918],[20.298,39.987],[20.376,39.994],[20.4,40.045],[20.433,40.064],[20.578,40.067],[20.648,40.094],[20.668,40.138],[20.66,40.179],[20.696,40.215],[20.699,40.278],[20.737,40.304],[20.77,40.363],[20.771,40.422],[20.809,40.437],[20.84,40.472],[20.912,40.46],[20.937,40.473],[20.958,40.515],[21.019,40.559],[21.035,40.659],[20.944,40.765],[20.967,40.802],[20.965,40.849]]],[[[24.128,34.855],[24.121,34.836],[24.135,34.815],[24.046,34.849],[24.081,34.869],[24.128,34.855]]],[[[26.976,35.431],[27.012,35.438],[27,35.425],[27.007,35.398],[26.877,35.349],[26.848,35.372],[26.9,35.425],[26.976,35.431]]],[[[26.321,35.315],[26.266,35.26],[26.299,35.186],[26.321,35.198],[26.285,35.151],[26.294,35.136],[26.278,35.1],[26.235,35.034],[26.147,35.002],[26.105,34.999],[26.082,35.02],[26.02,35.021],[25.985,35.039],[25.808,35.006],[25.601,35.014],[25.506,34.985],[25.348,34.992],[25.223,34.954],[25.019,34.932],[24.739,34.932],[24.755,34.958],[24.76,35.027],[24.743,35.077],[24.708,35.096],[24.565,35.106],[24.501,35.152],[24.464,35.15],[24.404,35.175],[24.402,35.191],[24.293,35.182],[24.218,35.191],[24.204,35.205],[24.085,35.205],[24.05,35.191],[23.988,35.233],[23.902,35.231],[23.827,35.253],[23.683,35.226],[23.587,35.239],[23.58,35.26],[23.518,35.294],[23.518,35.308],[23.553,35.321],[23.539,35.374],[23.573,35.435],[23.56,35.452],[23.578,35.493],[23.566,35.527],[23.58,35.576],[23.605,35.613],[23.62,35.524],[23.659,35.501],[23.718,35.513],[23.73,35.554],[23.711,35.649],[23.742,35.687],[23.779,35.672],[23.768,35.654],[23.779,35.576],[23.817,35.535],[24.025,35.521],[24.058,35.553],[24.094,35.554],[24.082,35.59],[24.115,35.601],[24.183,35.586],[24.203,35.542],[24.183,35.513],[24.081,35.515],[24.072,35.498],[24.187,35.452],[24.252,35.479],[24.265,35.37],[24.34,35.348],[24.428,35.37],[24.464,35.362],[24.721,35.427],[24.841,35.404],[24.896,35.425],[24.958,35.404],[24.971,35.425],[25.053,35.404],[25.055,35.355],[25.077,35.344],[25.376,35.343],[25.425,35.3],[25.454,35.294],[25.66,35.349],[25.766,35.336],[25.725,35.294],[25.729,35.265],[25.751,35.284],[25.759,35.26],[25.732,35.246],[25.713,35.183],[25.729,35.133],[25.795,35.115],[25.83,35.122],[25.897,35.185],[25.979,35.195],[26.061,35.233],[26.12,35.215],[26.108,35.205],[26.13,35.196],[26.179,35.207],[26.26,35.284],[26.294,35.288],[26.294,35.315],[26.321,35.315]]],[[[27.212,35.521],[27.233,35.504],[27.232,35.472],[27.181,35.469],[27.162,35.45],[27.166,35.423],[27.136,35.404],[27.143,35.42],[27.093,35.452],[27.109,35.466],[27.102,35.479],[27.119,35.483],[27.114,35.551],[27.068,35.589],[27.154,35.718],[27.157,35.801],[27.185,35.801],[27.221,35.829],[27.232,35.822],[27.212,35.777],[27.219,35.726],[27.157,35.634],[27.159,35.612],[27.221,35.551],[27.205,35.534],[27.212,35.521]]],[[[23.278,35.897],[23.331,35.865],[23.333,35.829],[23.296,35.86],[23.278,35.897]]],[[[23.012,36.308],[23.077,36.271],[23.104,36.237],[23.058,36.216],[23.052,36.145],[22.991,36.137],[22.909,36.206],[22.916,36.285],[22.9,36.328],[22.945,36.389],[23.012,36.308]]],[[[25.736,36.383],[25.768,36.402],[25.855,36.364],[25.847,36.35],[25.818,36.364],[25.746,36.358],[25.736,36.383]]],[[[28.24,36.433],[28.226,36.418],[28.236,36.373],[28.211,36.358],[28.163,36.238],[28.131,36.185],[28.103,36.185],[28.086,36.165],[28.062,36.117],[28.096,36.104],[28.076,36.076],[28.09,36.055],[27.993,36.062],[27.932,36.025],[27.827,35.914],[27.78,35.89],[27.733,35.915],[27.712,35.953],[27.754,36.037],[27.757,36.084],[27.709,36.127],[27.712,36.144],[27.684,36.158],[27.772,36.198],[27.803,36.27],[27.837,36.281],[27.9,36.34],[28.118,36.428],[28.184,36.424],[28.214,36.455],[28.24,36.433]]],[[[25.382,36.48],[25.479,36.424],[25.489,36.378],[25.465,36.342],[25.362,36.357],[25.409,36.364],[25.437,36.391],[25.422,36.451],[25.369,36.467],[25.382,36.48]]],[[[27.397,36.439],[27.387,36.421],[27.4,36.41],[27.438,36.418],[27.445,36.405],[27.416,36.38],[27.378,36.382],[27.363,36.425],[27.338,36.428],[27.315,36.411],[27.297,36.428],[27.297,36.465],[27.31,36.458],[27.356,36.48],[27.397,36.439]]],[[[26.362,36.638],[26.431,36.619],[26.466,36.583],[26.373,36.572],[26.349,36.541],[26.349,36.516],[26.301,36.513],[26.266,36.548],[26.261,36.588],[26.295,36.597],[26.342,36.569],[26.366,36.59],[26.404,36.59],[26.362,36.638]]],[[[27.87,36.59],[27.877,36.562],[27.863,36.555],[27.877,36.541],[27.843,36.528],[27.828,36.534],[27.849,36.548],[27.792,36.567],[27.808,36.576],[27.76,36.576],[27.788,36.617],[27.842,36.645],[27.863,36.638],[27.815,36.61],[27.836,36.603],[27.87,36.624],[27.87,36.59]]],[[[24.868,36.665],[24.948,36.624],[24.964,36.596],[24.923,36.602],[24.85,36.647],[24.841,36.665],[24.868,36.665]]],[[[25.146,36.72],[25.186,36.719],[25.183,36.706],[25.093,36.637],[25.067,36.638],[25.105,36.699],[25.146,36.72]]],[[[21.764,36.754],[21.78,36.748],[21.778,36.699],[21.764,36.72],[21.75,36.712],[21.764,36.754]]],[[[24.474,36.747],[24.533,36.768],[24.546,36.754],[24.538,36.681],[24.327,36.651],[24.327,36.699],[24.341,36.712],[24.327,36.72],[24.354,36.754],[24.395,36.736],[24.427,36.699],[24.461,36.699],[24.469,36.715],[24.427,36.734],[24.409,36.761],[24.42,36.771],[24.474,36.747]]],[[[24.642,36.789],[24.666,36.775],[24.659,36.751],[24.645,36.747],[24.608,36.781],[24.622,36.795],[24.642,36.789]]],[[[25.273,36.72],[25.252,36.727],[25.263,36.768],[25.307,36.795],[25.348,36.747],[25.409,36.712],[25.39,36.704],[25.395,36.679],[25.373,36.654],[25.273,36.72]]],[[[21.696,36.74],[21.701,36.791],[21.729,36.795],[21.696,36.74]]],[[[24.608,36.836],[24.573,36.782],[24.54,36.784],[24.521,36.817],[24.562,36.846],[24.608,36.836]]],[[[25.423,36.833],[25.478,36.871],[25.478,36.835],[25.434,36.823],[25.423,36.833]]],[[[27.281,36.908],[27.356,36.863],[27.214,36.824],[27.13,36.761],[27.048,36.775],[26.992,36.754],[26.976,36.741],[26.986,36.72],[26.966,36.706],[26.973,36.679],[26.918,36.716],[26.926,36.766],[26.959,36.781],[26.986,36.768],[27.061,36.839],[27.164,36.891],[27.281,36.908]]],[[[25.609,36.884],[25.65,36.912],[25.684,36.891],[25.674,36.879],[25.609,36.884]]],[[[26.006,36.939],[26.073,36.892],[26.006,36.891],[25.921,36.841],[25.88,36.795],[25.756,36.77],[25.739,36.795],[25.845,36.809],[25.863,36.836],[25.852,36.831],[25.845,36.85],[25.972,36.898],[25.951,36.918],[26.006,36.939]]],[[[25.081,36.953],[25.047,36.969],[25.026,37.008],[25.073,37.042],[25.088,37.042],[25.06,36.973],[25.081,36.953]]],[[[24.704,37.035],[24.766,36.949],[24.711,36.904],[24.669,36.978],[24.677,37],[24.642,37.028],[24.642,37.049],[24.704,37.035]]],[[[26.912,36.946],[26.954,37.028],[26.917,37.042],[26.886,37.076],[26.89,37.09],[26.986,37.049],[26.973,37.042],[27.007,37],[27.032,37.012],[27.044,36.996],[27.04,36.945],[26.993,36.953],[26.983,36.93],[26.945,36.926],[26.912,36.946]]],[[[25.807,37.103],[25.801,37.096],[25.781,37.124],[25.835,37.138],[25.837,37.102],[25.807,37.103]]],[[[25.28,37.049],[25.188,36.985],[25.103,37.013],[25.113,37.063],[25.156,37.09],[25.136,37.094],[25.15,37.111],[25.239,37.152],[25.224,37.134],[25.259,37.124],[25.273,37.138],[25.266,37.152],[25.293,37.152],[25.263,37.09],[25.28,37.069],[25.266,37.055],[25.28,37.049]]],[[[25.526,37.196],[25.575,37.179],[25.592,37.143],[25.581,37.018],[25.553,36.969],[25.45,36.918],[25.423,36.967],[25.389,36.987],[25.382,37.035],[25.342,37.083],[25.372,37.089],[25.495,37.189],[25.526,37.196]]],[[[24.444,37.179],[24.436,37.185],[24.468,37.202],[24.521,37.204],[24.532,37.13],[24.519,37.144],[24.498,37.11],[24.498,37.124],[24.464,37.124],[24.459,37.137],[24.423,37.124],[24.423,37.155],[24.444,37.179]]],[[[23.128,37.288],[23.158,37.271],[23.162,37.244],[23.131,37.244],[23.094,37.275],[23.128,37.288]]],[[[23.587,37.371],[23.548,37.35],[23.505,37.35],[23.497,37.32],[23.374,37.303],[23.464,37.357],[23.587,37.371]]],[[[24.368,37.412],[24.375,37.438],[24.436,37.487],[24.431,37.446],[24.483,37.412],[24.478,37.391],[24.453,37.383],[24.444,37.35],[24.368,37.31],[24.402,37.371],[24.388,37.385],[24.395,37.412],[24.368,37.412]]],[[[25.395,37.418],[25.307,37.412],[25.326,37.463],[25.307,37.473],[25.313,37.488],[25.348,37.508],[25.377,37.467],[25.395,37.494],[25.463,37.47],[25.457,37.446],[25.408,37.437],[25.395,37.418]]],[[[24.943,37.435],[24.964,37.402],[24.882,37.364],[24.889,37.398],[24.861,37.398],[24.882,37.426],[24.868,37.432],[24.898,37.449],[24.895,37.51],[24.93,37.508],[24.948,37.486],[24.958,37.46],[24.943,37.435]]],[[[23.477,37.556],[23.526,37.522],[23.481,37.51],[23.436,37.522],[23.475,37.541],[23.477,37.556]]],[[[25.091,37.583],[24.998,37.638],[24.981,37.67],[24.998,37.682],[25.058,37.677],[25.06,37.658],[25.088,37.645],[25.123,37.652],[25.149,37.631],[25.165,37.646],[25.246,37.624],[25.259,37.59],[25.216,37.533],[25.125,37.556],[25.091,37.583]]],[[[24.375,37.686],[24.403,37.656],[24.396,37.625],[24.313,37.538],[24.275,37.532],[24.289,37.645],[24.328,37.665],[24.33,37.684],[24.375,37.686]]],[[[26.362,37.686],[26.319,37.634],[26.231,37.571],[26.128,37.556],[26.058,37.519],[25.976,37.516],[25.98,37.549],[26.074,37.638],[26.197,37.632],[26.281,37.675],[26.362,37.686]]],[[[23.546,37.774],[23.563,37.768],[23.526,37.692],[23.484,37.679],[23.457,37.692],[23.468,37.715],[23.434,37.734],[23.424,37.762],[23.546,37.774]]],[[[27.048,37.727],[27.065,37.729],[27.061,37.707],[27.001,37.707],[26.91,37.678],[26.869,37.645],[26.797,37.645],[26.761,37.69],[26.708,37.714],[26.598,37.677],[26.58,37.741],[26.658,37.793],[26.806,37.815],[26.966,37.748],[26.945,37.789],[26.993,37.796],[26.994,37.784],[27.068,37.774],[27.034,37.761],[27.048,37.727]]],[[[20.901,37.792],[20.918,37.765],[20.987,37.73],[20.996,37.699],[20.954,37.724],[20.894,37.733],[20.844,37.702],[20.847,37.653],[20.815,37.652],[20.619,37.823],[20.619,37.864],[20.686,37.93],[20.709,37.925],[20.752,37.855],[20.85,37.836],[20.901,37.792]]],[[[24.992,37.768],[24.958,37.686],[24.916,37.72],[24.892,37.768],[24.865,37.774],[24.817,37.824],[24.8,37.816],[24.776,37.862],[24.739,37.892],[24.716,37.879],[24.718,37.899],[24.684,37.933],[24.696,37.936],[24.694,37.966],[24.779,38],[24.83,37.963],[24.848,37.915],[24.954,37.906],[24.964,37.897],[24.943,37.843],[24.985,37.816],[24.958,37.774],[24.992,37.768]]],[[[23.408,37.899],[23.402,37.912],[23.423,37.933],[23.469,37.932],[23.498,37.967],[23.46,37.953],[23.422,37.96],[23.457,37.974],[23.429,37.988],[23.47,37.98],[23.478,37.999],[23.518,37.999],[23.537,37.988],[23.546,37.953],[23.573,37.953],[23.539,37.94],[23.518,37.899],[23.501,37.906],[23.467,37.884],[23.408,37.899]]],[[[20.734,38.062],[20.615,38.12],[20.581,38.115],[20.565,38.09],[20.51,38.111],[20.469,38.193],[20.51,38.18],[20.445,38.276],[20.428,38.262],[20.425,38.175],[20.38,38.152],[20.345,38.182],[20.352,38.246],[20.392,38.3],[20.4,38.364],[20.407,38.344],[20.427,38.363],[20.479,38.309],[20.53,38.337],[20.531,38.392],[20.551,38.385],[20.538,38.474],[20.572,38.474],[20.626,38.352],[20.626,38.328],[20.599,38.303],[20.631,38.258],[20.682,38.282],[20.675,38.268],[20.694,38.265],[20.709,38.227],[20.751,38.197],[20.798,38.131],[20.808,38.1],[20.795,38.066],[20.734,38.062]]],[[[20.716,38.392],[20.757,38.372],[20.738,38.372],[20.764,38.323],[20.706,38.318],[20.648,38.406],[20.64,38.447],[20.615,38.467],[20.619,38.481],[20.636,38.473],[20.654,38.502],[20.672,38.498],[20.661,38.461],[20.709,38.447],[20.675,38.378],[20.716,38.372],[20.702,38.385],[20.716,38.392]]],[[[20.941,38.604],[20.908,38.549],[20.894,38.549],[20.941,38.604]]],[[[26.164,38.543],[26.144,38.493],[26.122,38.488],[26.154,38.467],[26.139,38.419],[26.164,38.303],[26.114,38.284],[26.102,38.262],[26.112,38.223],[26.04,38.2],[26.01,38.157],[25.965,38.172],[25.91,38.227],[25.89,38.221],[25.89,38.248],[25.866,38.246],[25.876,38.275],[25.964,38.303],[25.976,38.337],[25.992,38.344],[25.989,38.379],[25.951,38.406],[25.944,38.453],[25.89,38.474],[25.843,38.515],[25.833,38.544],[25.849,38.58],[26.016,38.602],[26.064,38.59],[26.108,38.543],[26.131,38.567],[26.164,38.543]]],[[[25.589,38.612],[25.623,38.579],[25.605,38.535],[25.561,38.535],[25.561,38.563],[25.523,38.597],[25.589,38.612]]],[[[20.585,38.618],[20.545,38.57],[20.562,38.691],[20.585,38.745],[20.633,38.817],[20.686,38.85],[20.718,38.823],[20.729,38.782],[20.729,38.731],[20.697,38.69],[20.706,38.68],[20.723,38.707],[20.716,38.627],[20.695,38.638],[20.702,38.618],[20.649,38.609],[20.648,38.584],[20.602,38.627],[20.585,38.618]]],[[[24.677,38.81],[24.683,38.784],[24.657,38.769],[24.614,38.773],[24.601,38.793],[24.567,38.763],[24.532,38.796],[24.574,38.81],[24.557,38.846],[24.505,38.844],[24.478,38.878],[24.436,38.878],[24.462,38.911],[24.461,38.968],[24.491,38.981],[24.561,38.944],[24.579,38.876],[24.677,38.81]]],[[[24.588,38.159],[24.58,38.084],[24.594,38.062],[24.567,37.988],[24.477,37.962],[24.43,38.021],[24.386,37.997],[24.402,37.98],[24.372,37.972],[24.314,38.029],[24.327,38.043],[24.286,38.086],[24.204,38.09],[24.211,38.124],[24.183,38.135],[24.211,38.166],[24.185,38.218],[24.157,38.23],[24.143,38.227],[24.149,38.213],[24.126,38.217],[24.163,38.268],[24.153,38.281],[24.109,38.256],[24.115,38.275],[24.101,38.275],[24.122,38.309],[24.025,38.331],[24.067,38.351],[24.042,38.402],[23.912,38.392],[23.844,38.406],[23.649,38.406],[23.614,38.461],[23.594,38.453],[23.636,38.501],[23.614,38.558],[23.505,38.597],[23.498,38.631],[23.446,38.677],[23.202,38.83],[23.144,38.851],[23.069,38.847],[23.036,38.874],[22.969,38.889],[22.956,38.878],[22.992,38.865],[22.982,38.845],[22.833,38.823],[22.834,38.845],[22.875,38.875],[23.036,38.926],[23.046,38.947],[23.087,38.954],[23.094,38.988],[23.127,39.006],[23.2,39.009],[23.299,39.042],[23.372,39.01],[23.385,38.968],[23.426,38.954],[23.451,38.875],[23.48,38.838],[23.594,38.789],[23.594,38.77],[23.662,38.755],[23.723,38.762],[23.754,38.719],[23.858,38.683],[23.948,38.669],[23.984,38.686],[24.073,38.679],[24.156,38.653],[24.126,38.635],[24.126,38.599],[24.231,38.522],[24.188,38.474],[24.184,38.44],[24.204,38.413],[24.185,38.408],[24.211,38.378],[24.215,38.336],[24.252,38.292],[24.252,38.228],[24.327,38.186],[24.344,38.159],[24.393,38.164],[24.478,38.139],[24.588,38.159]]],[[[23.436,39.146],[23.395,39.146],[23.399,39.164],[23.47,39.214],[23.513,39.179],[23.46,39.132],[23.436,39.146]]],[[[23.67,39.118],[23.621,39.156],[23.587,39.208],[23.601,39.214],[23.73,39.146],[23.727,39.131],[23.793,39.124],[23.76,39.091],[23.717,39.077],[23.658,39.098],[23.67,39.118]]],[[[20.14,39.242],[20.202,39.18],[20.169,39.183],[20.138,39.209],[20.125,39.236],[20.14,39.242]]],[[[23.937,39.221],[23.896,39.162],[23.834,39.146],[23.94,39.28],[23.957,39.289],[23.95,39.275],[23.972,39.272],[23.937,39.221]]],[[[26.612,39.049],[26.597,39.012],[26.539,39.019],[26.519,39.036],[26.527,39.083],[26.489,39.114],[26.437,39.104],[26.547,39.009],[26.547,38.988],[26.521,38.979],[26.424,38.967],[26.276,39.011],[26.166,39.022],[26.088,39.083],[26.16,39.098],[26.191,39.128],[26.226,39.132],[26.293,39.177],[26.28,39.196],[26.187,39.202],[26.097,39.106],[26.064,39.091],[25.889,39.145],[25.835,39.18],[25.855,39.221],[25.842,39.228],[25.859,39.259],[25.917,39.297],[25.936,39.277],[26.033,39.283],[26.047,39.303],[26.061,39.289],[26.163,39.324],[26.164,39.379],[26.362,39.379],[26.355,39.357],[26.417,39.33],[26.382,39.277],[26.54,39.166],[26.531,39.151],[26.612,39.049]]],[[[25.012,39.564],[25.047,39.545],[24.985,39.467],[24.977,39.538],[25.012,39.564]]],[[[20.092,39.434],[20.118,39.378],[20.106,39.365],[19.912,39.43],[19.928,39.447],[19.879,39.453],[19.866,39.469],[19.829,39.572],[19.749,39.62],[19.719,39.673],[19.681,39.68],[19.672,39.724],[19.653,39.715],[19.65,39.742],[19.626,39.748],[19.667,39.794],[19.799,39.803],[19.852,39.825],[19.934,39.783],[19.948,39.79],[19.934,39.741],[19.842,39.704],[19.839,39.68],[19.859,39.666],[19.845,39.653],[19.928,39.625],[19.924,39.604],[19.9,39.604],[19.937,39.473],[20.033,39.439],[20.082,39.447],[20.092,39.434]]],[[[25.45,40.036],[25.437,40.023],[25.45,39.988],[25.402,39.964],[25.386,39.944],[25.389,39.92],[25.348,39.906],[25.369,39.899],[25.34,39.874],[25.37,39.817],[25.349,39.788],[25.295,39.808],[25.29,39.831],[25.239,39.858],[25.28,39.889],[25.251,39.919],[25.197,39.893],[25.225,39.885],[25.194,39.874],[25.177,39.845],[25.202,39.841],[25.215,39.803],[25.143,39.817],[25.165,39.859],[25.136,39.838],[25.122,39.858],[25.047,39.838],[25.067,39.858],[25.047,39.879],[25.068,39.921],[25.033,39.995],[25.225,40.009],[25.261,39.991],[25.285,39.953],[25.348,39.982],[25.382,40.023],[25.45,40.036]]],[[[25.691,40.448],[25.683,40.423],[25.567,40.4],[25.444,40.482],[25.576,40.515],[25.672,40.487],[25.698,40.461],[25.691,40.448]]],[[[24.786,40.735],[24.759,40.723],[24.786,40.708],[24.766,40.67],[24.78,40.612],[24.756,40.62],[24.642,40.571],[24.587,40.622],[24.517,40.639],[24.512,40.667],[24.533,40.718],[24.642,40.804],[24.732,40.784],[24.744,40.759],[24.786,40.735]]],[[[23.884,36.844],[23.884,36.832],[23.884,36.844]]],[[[23.46,36.921],[23.464,36.904],[23.46,36.921]]],[[[27.566,36.245],[27.616,36.243],[27.619,36.228],[27.532,36.212],[27.519,36.217],[27.527,36.24],[27.566,36.245]]],[[[27.186,36.616],[27.206,36.587],[27.198,36.568],[27.13,36.57],[27.137,36.6],[27.186,36.616]]],[[[26.872,37.134],[26.887,37.106],[26.85,37.098],[26.838,37.112],[26.852,37.125],[26.817,37.12],[26.817,37.147],[26.773,37.183],[26.808,37.2],[26.85,37.187],[26.844,37.162],[26.872,37.134]]],[[[26.599,37.355],[26.606,37.34],[26.572,37.347],[26.549,37.327],[26.568,37.275],[26.546,37.277],[26.529,37.301],[26.536,37.373],[26.569,37.374],[26.599,37.355]]],[[[24.739,37.614],[24.741,37.596],[24.718,37.594],[24.66,37.607],[24.716,37.631],[24.733,37.632],[24.739,37.614]]],[[[20.945,38.652],[20.942,38.627],[20.871,38.583],[20.888,38.629],[20.945,38.652]]],[[[20.801,38.665],[20.76,38.627],[20.8,38.595],[20.737,38.652],[20.783,38.675],[20.801,38.665]]],[[[24.081,39.352],[24.094,39.33],[24.063,39.297],[24.045,39.341],[24.059,39.361],[24.07,39.346],[24.081,39.352]]]]}},{"type":"Feature","properties":{"name":"Hungary","blocKey":"nato","blocLabel":"NATO","color":"#5b6fb0","certainty":"member","basis":"NATO member"},"geometry":{"type":"Polygon","coordinates":[[[22.878,47.947],[22.836,47.902],[22.764,47.875],[22.752,47.828],[22.704,47.817],[22.638,47.772],[22.563,47.757],[22.454,47.787],[22.424,47.783],[22.396,47.736],[22.273,47.724],[22.208,47.674],[22.162,47.586],[22.1,47.571],[22.008,47.517],[21.989,47.493],[22.002,47.394],[21.982,47.366],[21.919,47.35],[21.862,47.297],[21.824,47.215],[21.82,47.173],[21.78,47.141],[21.764,47.105],[21.633,47.023],[21.671,46.993],[21.649,46.943],[21.59,46.909],[21.583,46.848],[21.537,46.835],[21.503,46.805],[21.47,46.743],[21.505,46.723],[21.502,46.704],[21.436,46.674],[21.396,46.626],[21.301,46.604],[21.291,46.547],[21.245,46.477],[21.281,46.416],[21.196,46.398],[21.169,46.363],[21.144,46.284],[21.099,46.276],[21.051,46.236],[20.82,46.272],[20.739,46.237],[20.745,46.192],[20.71,46.188],[20.699,46.156],[20.664,46.138],[20.6,46.13],[20.469,46.174],[20.444,46.147],[20.283,46.144],[20.243,46.108],[20.188,46.14],[20.138,46.136],[20.098,46.155],[20.035,46.143],[19.929,46.164],[19.79,46.129],[19.669,46.173],[19.55,46.164],[19.488,46.134],[19.499,46.109],[19.454,46.078],[19.379,46.034],[19.307,46.027],[19.263,45.981],[19.148,45.984],[19.088,46.019],[19.05,45.993],[19.049,45.963],[18.982,45.951],[18.982,45.922],[18.887,45.93],[18.828,45.906],[18.805,45.914],[18.776,45.883],[18.656,45.908],[18.573,45.817],[18.53,45.791],[18.482,45.791],[18.404,45.742],[18.367,45.758],[18.318,45.747],[18.211,45.785],[18.08,45.772],[17.89,45.792],[17.858,45.772],[17.809,45.814],[17.657,45.845],[17.646,45.892],[17.591,45.936],[17.512,45.954],[17.427,45.957],[17.406,45.944],[17.389,45.963],[17.345,45.956],[17.338,45.985],[17.327,45.972],[17.29,45.985],[17.317,45.998],[17.276,46.012],[17.249,46.08],[17.209,46.117],[17.101,46.128],[16.975,46.211],[16.889,46.292],[16.875,46.343],[16.838,46.382],[16.769,46.396],[16.755,46.382],[16.659,46.464],[16.594,46.483],[16.578,46.471],[16.515,46.502],[16.501,46.545],[16.368,46.643],[16.411,46.668],[16.405,46.687],[16.358,46.699],[16.357,46.716],[16.314,46.743],[16.298,46.776],[16.325,46.839],[16.272,46.864],[16.094,46.863],[16.224,46.941],[16.275,47.004],[16.416,46.989],[16.486,46.999],[16.468,47.018],[16.425,47.024],[16.493,47.049],[16.454,47.082],[16.51,47.138],[16.497,47.15],[16.434,47.146],[16.442,47.177],[16.413,47.187],[16.421,47.243],[16.473,47.277],[16.424,47.345],[16.434,47.397],[16.457,47.412],[16.482,47.392],[16.641,47.453],[16.637,47.493],[16.677,47.51],[16.689,47.538],[16.651,47.567],[16.656,47.586],[16.63,47.622],[16.408,47.661],[16.439,47.69],[16.455,47.682],[16.513,47.706],[16.531,47.743],[16.568,47.754],[16.69,47.73],[16.73,47.686],[16.797,47.675],[16.85,47.713],[16.865,47.687],[16.903,47.682],[17.075,47.708],[17.051,47.731],[17.041,47.801],[17.056,47.812],[17.004,47.863],[17.068,47.882],[17.087,47.923],[17.074,47.932],[17.096,47.956],[17.086,47.97],[17.185,48.02],[17.338,47.999],[17.472,47.889],[17.527,47.872],[17.573,47.83],[17.604,47.834],[17.677,47.789],[17.826,47.75],[18.236,47.754],[18.553,47.793],[18.693,47.778],[18.768,47.822],[18.816,47.833],[18.749,47.871],[18.755,47.952],[18.743,47.971],[18.794,47.993],[18.838,48.04],[18.996,48.066],[19.223,48.061],[19.293,48.088],[19.428,48.086],[19.482,48.111],[19.514,48.204],[19.623,48.227],[19.687,48.197],[19.757,48.2],[19.774,48.186],[19.776,48.15],[19.822,48.158],[19.884,48.13],[19.929,48.13],[20.105,48.203],[20.135,48.247],[20.171,48.244],[20.229,48.271],[20.272,48.252],[20.324,48.28],[20.421,48.429],[20.482,48.479],[20.482,48.526],[20.8,48.569],[20.946,48.519],[21.036,48.515],[21.109,48.489],[21.22,48.519],[21.262,48.503],[21.322,48.548],[21.425,48.561],[21.499,48.535],[21.522,48.5],[21.592,48.493],[21.613,48.44],[21.678,48.372],[21.759,48.334],[21.929,48.373],[22.078,48.376],[22.202,48.418],[22.272,48.403],[22.257,48.357],[22.299,48.349],[22.308,48.294],[22.357,48.243],[22.481,48.243],[22.556,48.177],[22.605,48.097],[22.746,48.116],[22.801,48.091],[22.855,48.047],[22.862,48.028],[22.832,47.979],[22.878,47.947]]]}},{"type":"Feature","properties":{"name":"Iceland","blocKey":"nato","blocLabel":"NATO","color":"#5b6fb0","certainty":"member","basis":"NATO member"},"geometry":{"type":"MultiPolygon","coordinates":[[[[-14.564,66.385],[-14.611,66.363],[-14.991,66.286],[-15.015,66.268],[-14.978,66.26],[-14.935,66.222],[-14.952,66.193],[-15.056,66.148],[-15.135,66.143],[-15.179,66.111],[-15.074,66.097],[-15.056,66.07],[-15.097,66.056],[-15.076,66.05],[-14.853,66.037],[-14.719,66.07],[-14.677,66.056],[-14.651,66.007],[-14.617,65.998],[-14.603,65.953],[-14.65,65.888],[-14.801,65.828],[-14.823,65.816],[-14.821,65.798],[-14.891,65.761],[-14.788,65.796],[-14.844,65.735],[-14.773,65.732],[-14.362,65.797],[-14.329,65.782],[-14.395,65.722],[-14.274,65.673],[-14.358,65.656],[-14.53,65.545],[-14.562,65.501],[-14.32,65.652],[-14.272,65.656],[-14.192,65.632],[-14.248,65.665],[-14.028,65.61],[-13.871,65.619],[-13.851,65.592],[-13.87,65.577],[-13.815,65.569],[-13.821,65.541],[-13.806,65.529],[-13.788,65.522],[-13.715,65.558],[-13.61,65.514],[-13.608,65.492],[-13.651,65.46],[-13.637,65.426],[-13.678,65.412],[-13.671,65.378],[-13.836,65.364],[-13.733,65.343],[-13.73,65.327],[-14.007,65.282],[-13.991,65.273],[-13.688,65.306],[-13.608,65.289],[-13.568,65.261],[-13.654,65.22],[-14.034,65.2],[-14.003,65.19],[-13.627,65.2],[-13.617,65.197],[-13.644,65.159],[-13.747,65.145],[-13.669,65.144],[-13.651,65.131],[-13.685,65.117],[-13.627,65.104],[-13.52,65.172],[-13.527,65.097],[-13.503,65.081],[-13.527,65.055],[-13.61,65.035],[-13.585,65.008],[-13.647,64.987],[-13.782,64.989],[-13.83,65.03],[-14.034,65.083],[-13.994,65.055],[-14.03,65.038],[-14.233,65.035],[-13.918,65.015],[-13.821,64.96],[-13.718,64.94],[-13.698,64.925],[-13.74,64.911],[-13.876,64.933],[-14.055,64.933],[-13.788,64.877],[-13.767,64.854],[-13.832,64.83],[-13.937,64.847],[-13.966,64.836],[-13.858,64.817],[-13.839,64.799],[-14.014,64.802],[-14.048,64.781],[-13.986,64.74],[-14.048,64.72],[-14.271,64.699],[-14.339,64.716],[-14.421,64.79],[-14.514,64.802],[-14.456,64.79],[-14.466,64.761],[-14.384,64.74],[-14.371,64.705],[-14.27,64.67],[-14.274,64.651],[-14.442,64.676],[-14.493,64.658],[-14.418,64.631],[-14.409,64.61],[-14.439,64.597],[-14.572,64.597],[-14.584,64.59],[-14.572,64.577],[-14.532,64.556],[-14.49,64.548],[-14.346,64.606],[-14.466,64.535],[-14.477,64.497],[-14.509,64.472],[-14.51,64.442],[-14.541,64.408],[-14.747,64.384],[-14.569,64.418],[-14.713,64.432],[-14.713,64.414],[-14.782,64.378],[-14.905,64.322],[-14.891,64.35],[-14.949,64.322],[-14.932,64.301],[-14.891,64.309],[-14.878,64.281],[-14.929,64.265],[-15.016,64.267],[-15.107,64.301],[-15.226,64.268],[-15.207,64.301],[-15.255,64.298],[-15.29,64.334],[-15.302,64.322],[-15.281,64.295],[-15.323,64.304],[-15.336,64.309],[-15.327,64.329],[-15.366,64.369],[-15.473,64.398],[-15.401,64.381],[-15.364,64.337],[-15.398,64.337],[-15.374,64.306],[-15.398,64.274],[-15.478,64.275],[-15.501,64.268],[-15.487,64.263],[-15.439,64.26],[-15.464,64.251],[-15.672,64.219],[-15.686,64.234],[-15.802,64.185],[-15.719,64.198],[-15.699,64.192],[-15.733,64.179],[-15.992,64.144],[-16.028,64.13],[-15.981,64.124],[-16.151,64.055],[-16.182,64.062],[-16.193,64.048],[-16.179,64.042],[-16.309,64.017],[-16.35,63.987],[-16.311,63.997],[-16.337,63.974],[-16.47,63.905],[-16.501,63.897],[-16.46,63.925],[-16.611,63.869],[-16.745,63.852],[-16.783,63.863],[-16.748,63.85],[-16.783,63.843],[-16.78,63.818],[-16.796,63.802],[-16.806,63.829],[-16.887,63.866],[-16.896,63.808],[-16.915,63.805],[-16.912,63.839],[-16.93,63.866],[-16.94,63.809],[-16.926,63.8],[-16.967,63.788],[-16.961,63.828],[-16.941,63.846],[-16.94,63.898],[-16.969,63.92],[-16.967,63.869],[-17.029,63.85],[-16.988,63.809],[-17.006,63.798],[-17.115,63.795],[-17.166,63.809],[-17.203,63.798],[-17.207,63.815],[-17.331,63.781],[-17.561,63.751],[-17.544,63.767],[-17.55,63.788],[-17.569,63.764],[-17.598,63.768],[-17.591,63.747],[-17.721,63.706],[-17.685,63.74],[-17.625,63.747],[-17.715,63.781],[-17.715,63.754],[-17.817,63.754],[-17.797,63.74],[-17.878,63.731],[-17.918,63.679],[-17.967,63.677],[-17.967,63.661],[-17.951,63.658],[-17.797,63.671],[-17.866,63.624],[-17.926,63.637],[-17.969,63.623],[-17.947,63.621],[-17.947,63.602],[-17.858,63.61],[-17.919,63.545],[-17.965,63.523],[-18.195,63.473],[-18.228,63.493],[-18.119,63.534],[-18.228,63.527],[-18.317,63.549],[-18.324,63.534],[-18.277,63.501],[-18.266,63.467],[-18.184,63.464],[-18.398,63.449],[-18.732,63.397],[-18.975,63.424],[-19.056,63.414],[-19.132,63.439],[-19.153,63.426],[-19.287,63.439],[-19.551,63.502],[-19.712,63.522],[-19.743,63.534],[-19.722,63.539],[-19.736,63.549],[-19.873,63.549],[-19.77,63.534],[-20.034,63.542],[-20.051,63.555],[-20.078,63.555],[-20.072,63.541],[-20.186,63.544],[-20.353,63.61],[-20.291,63.61],[-20.339,63.617],[-20.332,63.637],[-20.367,63.62],[-20.407,63.63],[-20.373,63.63],[-20.387,63.646],[-20.479,63.706],[-20.504,63.699],[-20.435,63.644],[-20.532,63.689],[-20.551,63.712],[-20.537,63.72],[-20.558,63.74],[-20.499,63.763],[-20.431,63.768],[-20.311,63.733],[-20.366,63.768],[-20.442,63.788],[-20.412,63.813],[-20.411,63.836],[-20.562,63.757],[-20.578,63.714],[-20.77,63.774],[-20.606,63.768],[-20.634,63.774],[-20.62,63.788],[-20.716,63.781],[-20.682,63.807],[-20.672,63.838],[-20.686,63.863],[-20.723,63.869],[-20.695,63.858],[-20.698,63.844],[-20.755,63.806],[-20.833,63.802],[-20.818,63.781],[-20.949,63.827],[-21.168,63.876],[-21.189,63.891],[-21.195,63.932],[-21.045,63.946],[-21.236,63.953],[-21.299,63.918],[-21.209,63.884],[-21.35,63.884],[-21.367,63.85],[-21.66,63.832],[-21.793,63.871],[-22.066,63.836],[-22.336,63.863],[-22.394,63.836],[-22.425,63.85],[-22.525,63.822],[-22.633,63.826],[-22.691,63.812],[-22.718,63.828],[-22.697,63.852],[-22.7,63.874],[-22.731,63.891],[-22.686,63.946],[-22.635,63.949],[-22.73,63.975],[-22.719,64.071],[-22.702,64.086],[-22.61,64.062],[-22.558,64.019],[-22.545,63.993],[-22.559,63.993],[-22.518,63.979],[-22.397,63.98],[-22.381,63.987],[-22.386,64.002],[-22.346,64.017],[-22.251,64.035],[-22.199,64.021],[-22.041,64.051],[-21.963,64.076],[-22.005,64.098],[-22.045,64.097],[-22.035,64.113],[-21.982,64.122],[-21.963,64.117],[-21.99,64.11],[-21.932,64.106],[-21.915,64.117],[-21.935,64.117],[-21.915,64.124],[-22.045,64.158],[-22.015,64.168],[-21.865,64.156],[-21.8,64.137],[-21.785,64.144],[-21.826,64.151],[-21.798,64.165],[-21.819,64.172],[-21.724,64.171],[-21.703,64.192],[-21.756,64.182],[-21.757,64.2],[-21.71,64.213],[-21.813,64.213],[-21.818,64.238],[-21.929,64.234],[-21.89,64.253],[-21.895,64.268],[-21.803,64.302],[-21.755,64.345],[-21.653,64.349],[-21.689,64.357],[-21.603,64.378],[-21.442,64.364],[-21.414,64.384],[-21.483,64.378],[-21.449,64.398],[-21.631,64.403],[-21.717,64.394],[-21.813,64.343],[-21.963,64.297],[-22.1,64.315],[-21.985,64.37],[-21.86,64.391],[-22.011,64.383],[-22.045,64.405],[-22.021,64.456],[-22,64.454],[-21.975,64.504],[-21.778,64.542],[-21.819,64.562],[-21.703,64.611],[-21.647,64.611],[-21.651,64.593],[-21.58,64.572],[-21.497,64.57],[-21.566,64.576],[-21.62,64.603],[-21.579,64.617],[-21.682,64.617],[-21.607,64.648],[-21.511,64.651],[-21.613,64.658],[-21.703,64.631],[-21.661,64.666],[-21.722,64.639],[-21.728,64.616],[-21.86,64.576],[-21.854,64.562],[-21.911,64.563],[-22.009,64.525],[-22.036,64.538],[-22.018,64.57],[-22.039,64.567],[-22.085,64.479],[-22.165,64.46],[-22.223,64.501],[-22.258,64.487],[-22.223,64.548],[-22.258,64.556],[-22.243,64.576],[-22.34,64.556],[-22.365,64.584],[-22.347,64.617],[-22.443,64.666],[-22.365,64.643],[-22.32,64.679],[-22.333,64.692],[-22.218,64.717],[-22.189,64.74],[-22.402,64.676],[-22.422,64.686],[-22.32,64.754],[-22.436,64.768],[-22.422,64.781],[-22.443,64.781],[-22.408,64.823],[-22.443,64.802],[-22.457,64.815],[-22.477,64.802],[-22.547,64.806],[-22.593,64.789],[-22.566,64.774],[-22.658,64.767],[-22.682,64.774],[-22.638,64.778],[-22.673,64.802],[-22.778,64.802],[-22.71,64.781],[-22.737,64.775],[-22.806,64.795],[-23.188,64.804],[-23.246,64.83],[-23.398,64.823],[-23.457,64.794],[-23.573,64.809],[-23.538,64.817],[-23.555,64.82],[-23.624,64.794],[-23.647,64.751],[-23.674,64.741],[-23.834,64.726],[-23.946,64.761],[-24.06,64.891],[-23.85,64.931],[-23.638,64.899],[-23.601,64.918],[-23.559,64.917],[-23.513,64.946],[-23.381,64.946],[-23.395,64.967],[-23.34,64.963],[-23.347,64.946],[-23.334,64.941],[-23.306,64.953],[-23.297,64.922],[-23.263,64.926],[-23.224,64.949],[-23.238,65.001],[-23.169,65.02],[-23.087,65.015],[-23.163,64.953],[-23.107,64.918],[-23.11,64.957],[-23.021,65.013],[-22.993,65.014],[-22.943,64.987],[-22.785,65.028],[-22.874,65.035],[-22.718,65.076],[-22.731,65.069],[-22.696,65.062],[-22.696,65.049],[-22.751,65.028],[-22.69,65.035],[-22.674,65.008],[-22.58,64.98],[-22.628,65.015],[-22.545,65.052],[-22.38,65.059],[-22.155,65.028],[-22.12,65.042],[-21.983,65.028],[-21.826,65.035],[-21.799,65.057],[-21.847,65.069],[-21.792,65.097],[-21.737,65.159],[-21.734,65.194],[-21.766,65.208],[-21.809,65.206],[-21.84,65.193],[-21.833,65.178],[-22.034,65.115],[-22.319,65.138],[-22.402,65.165],[-22.512,65.154],[-22.558,65.169],[-22.457,65.186],[-22.552,65.186],[-22.49,65.234],[-22.426,65.251],[-22.429,65.268],[-22.378,65.268],[-22.313,65.304],[-22.201,65.318],[-21.99,65.398],[-21.935,65.385],[-21.949,65.406],[-21.695,65.453],[-21.976,65.44],[-21.935,65.467],[-21.99,65.508],[-22.045,65.501],[-22.04,65.487],[-22.063,65.484],[-22.114,65.529],[-22.111,65.497],[-22.135,65.474],[-22.199,65.432],[-22.254,65.434],[-22.387,65.492],[-22.346,65.515],[-22.165,65.541],[-22.148,65.577],[-22.107,65.597],[-22.244,65.537],[-22.347,65.529],[-22.292,65.555],[-22.312,65.562],[-22.374,65.538],[-22.416,65.549],[-22.409,65.525],[-22.479,65.508],[-22.504,65.529],[-22.501,65.57],[-22.546,65.634],[-22.558,65.625],[-22.547,65.561],[-22.589,65.536],[-22.631,65.566],[-22.656,65.528],[-22.708,65.572],[-22.705,65.605],[-22.682,65.624],[-22.759,65.63],[-22.718,65.508],[-22.732,65.502],[-22.785,65.508],[-22.78,65.523],[-22.796,65.534],[-22.888,65.541],[-22.792,65.59],[-22.802,65.601],[-22.854,65.618],[-22.86,65.596],[-22.905,65.567],[-22.953,65.61],[-22.964,65.563],[-22.985,65.551],[-23.073,65.538],[-23.158,65.562],[-23.155,65.583],[-23.183,65.576],[-23.201,65.535],[-23.182,65.514],[-23.231,65.487],[-23.357,65.495],[-23.408,65.514],[-23.423,65.508],[-23.409,65.501],[-23.49,65.478],[-23.656,65.474],[-23.714,65.426],[-23.898,65.405],[-23.984,65.419],[-23.983,65.441],[-24.005,65.453],[-23.971,65.447],[-23.968,65.465],[-23.986,65.474],[-24.019,65.46],[-24.197,65.501],[-24.482,65.488],[-24.54,65.508],[-24.375,65.569],[-24.366,65.618],[-24.303,65.638],[-24.135,65.606],[-23.893,65.522],[-23.807,65.535],[-23.895,65.541],[-24.087,65.651],[-23.807,65.61],[-23.853,65.639],[-24.023,65.676],[-24.081,65.706],[-24.122,65.741],[-24.135,65.789],[-24.093,65.805],[-23.628,65.706],[-23.567,65.673],[-23.556,65.655],[-23.58,65.618],[-23.562,65.614],[-23.498,65.645],[-23.478,65.632],[-23.389,65.638],[-23.409,65.659],[-23.285,65.679],[-23.458,65.682],[-23.539,65.723],[-23.467,65.74],[-23.245,65.74],[-23.224,65.748],[-23.251,65.761],[-23.19,65.782],[-23.319,65.757],[-23.589,65.76],[-23.677,65.782],[-23.729,65.774],[-23.813,65.816],[-23.867,65.876],[-23.863,65.906],[-23.801,65.926],[-23.67,65.905],[-23.601,65.878],[-23.519,65.885],[-23.245,65.836],[-23.21,65.843],[-23.578,65.905],[-23.813,66.011],[-23.807,66.058],[-23.751,66.077],[-23.518,66.027],[-23.429,66.029],[-23.413,66],[-23.375,65.988],[-23.423,66.036],[-23.547,66.06],[-23.67,66.117],[-23.484,66.128],[-23.395,66.098],[-23.481,66.139],[-23.601,66.145],[-23.56,66.176],[-23.501,66.18],[-23.461,66.204],[-23.304,66.186],[-23.153,66.146],[-23.11,66.113],[-23.107,66.076],[-23.058,66.108],[-23.028,66.109],[-22.986,66.08],[-22.977,66.034],[-23.059,65.967],[-22.929,66.049],[-22.91,66.039],[-22.902,66.008],[-22.84,66.022],[-22.881,65.975],[-22.943,65.947],[-22.884,65.952],[-22.823,66.005],[-22.809,65.978],[-22.819,65.912],[-22.785,65.961],[-22.764,66.049],[-22.683,66.056],[-22.667,66.031],[-22.577,65.973],[-22.593,65.92],[-22.655,65.842],[-22.648,65.834],[-22.545,65.947],[-22.539,65.974],[-22.517,65.976],[-22.449,65.933],[-22.456,65.91],[-22.443,65.905],[-22.422,65.926],[-22.429,65.885],[-22.47,65.843],[-22.432,65.846],[-22.393,65.902],[-22.361,65.92],[-22.381,65.929],[-22.423,66.002],[-22.484,66.029],[-22.449,66.076],[-22.381,66.098],[-22.488,66.077],[-22.866,66.159],[-22.936,66.19],[-22.978,66.234],[-22.751,66.262],[-22.607,66.247],[-22.552,66.221],[-22.539,66.227],[-22.559,66.248],[-22.368,66.275],[-22.545,66.275],[-22.565,66.284],[-22.47,66.309],[-22.492,66.322],[-22.596,66.292],[-22.71,66.296],[-22.669,66.357],[-22.608,66.371],[-22.823,66.317],[-22.835,66.323],[-22.799,66.365],[-22.834,66.359],[-22.94,66.301],[-23.139,66.328],[-23.19,66.355],[-23.176,66.365],[-23.047,66.361],[-23.025,66.392],[-23.085,66.403],[-23.135,66.433],[-23.105,66.443],[-23.012,66.419],[-23.032,66.44],[-22.923,66.448],[-22.874,66.424],[-22.868,66.441],[-22.95,66.467],[-22.833,66.464],[-22.696,66.419],[-22.575,66.466],[-22.427,66.428],[-22.429,66.45],[-22.463,66.467],[-22.431,66.465],[-22.377,66.433],[-22.35,66.394],[-22.269,66.376],[-22.243,66.357],[-22.258,66.347],[-22.202,66.337],[-22.228,66.329],[-22.214,66.29],[-22.23,66.275],[-22.217,66.268],[-22.155,66.283],[-22.128,66.268],[-22.09,66.29],[-22.086,66.268],[-21.979,66.275],[-21.922,66.241],[-21.99,66.214],[-21.921,66.22],[-21.854,66.193],[-21.75,66.186],[-21.757,66.173],[-21.73,66.156],[-21.744,66.139],[-21.723,66.082],[-21.641,66.07],[-21.668,66.022],[-21.62,66.039],[-21.641,66.083],[-21.549,66.098],[-21.509,66.072],[-21.558,66.047],[-21.535,66.026],[-21.401,66.029],[-21.331,66.009],[-21.319,65.988],[-21.607,65.961],[-21.588,65.946],[-21.41,65.967],[-21.381,65.961],[-21.436,65.933],[-21.302,65.936],[-21.284,65.899],[-21.326,65.878],[-21.278,65.857],[-21.328,65.809],[-21.375,65.785],[-21.477,65.769],[-21.332,65.741],[-21.444,65.69],[-21.579,65.693],[-21.686,65.769],[-21.778,65.769],[-21.711,65.755],[-21.668,65.728],[-21.689,65.693],[-21.61,65.642],[-21.414,65.637],[-21.401,65.624],[-21.411,65.613],[-21.483,65.563],[-21.321,65.602],[-21.299,65.559],[-21.32,65.522],[-21.477,65.447],[-21.315,65.481],[-21.212,65.438],[-21.193,65.401],[-21.193,65.31],[-21.148,65.241],[-21.108,65.216],[-21.106,65.172],[-21.09,65.166],[-21.065,65.186],[-21.12,65.268],[-21.074,65.324],[-21.099,65.445],[-21.086,65.46],[-21.055,65.452],[-20.963,65.353],[-20.915,65.343],[-20.908,65.351],[-20.975,65.438],[-20.987,65.507],[-20.949,65.577],[-20.918,65.601],[-20.675,65.694],[-20.623,65.671],[-20.646,65.556],[-20.613,65.549],[-20.622,65.583],[-20.586,65.583],[-20.579,65.535],[-20.524,65.501],[-20.476,65.495],[-20.453,65.501],[-20.428,65.549],[-20.531,65.577],[-20.411,65.597],[-20.388,65.529],[-20.376,65.596],[-20.329,65.628],[-20.319,65.659],[-20.27,65.665],[-20.292,65.667],[-20.308,65.693],[-20.272,65.714],[-20.271,65.77],[-20.339,65.823],[-20.312,65.84],[-20.323,65.869],[-20.393,65.947],[-20.406,65.998],[-20.449,66.029],[-20.42,66.054],[-20.428,66.083],[-20.408,66.091],[-20.256,66.104],[-20.185,66.131],[-20.092,66.131],[-20.087,66.11],[-20.031,66.083],[-20.037,66.076],[-19.928,65.974],[-19.941,65.961],[-19.878,65.924],[-19.88,65.905],[-19.708,65.871],[-19.65,65.765],[-19.629,65.753],[-19.558,65.734],[-19.544,65.763],[-19.514,65.761],[-19.449,65.748],[-19.468,65.737],[-19.456,65.729],[-19.418,65.754],[-19.399,65.837],[-19.452,65.926],[-19.511,65.96],[-19.414,66.008],[-19.452,66.053],[-19.438,66.067],[-19.363,66.088],[-19.229,66.098],[-19.158,66.081],[-19.16,66.098],[-19.135,66.105],[-19.132,66.09],[-19.058,66.07],[-19.105,66.111],[-19.069,66.165],[-18.945,66.191],[-18.913,66.184],[-18.92,66.152],[-18.865,66.186],[-18.872,66.199],[-18.827,66.203],[-18.777,66.193],[-18.805,66.142],[-18.692,66.17],[-18.62,66.131],[-18.66,66.09],[-18.597,66.105],[-18.545,66.083],[-18.516,66.029],[-18.54,65.974],[-18.348,65.95],[-18.287,65.915],[-18.26,65.872],[-18.218,65.868],[-18.204,65.808],[-18.18,65.782],[-18.177,65.734],[-18.092,65.693],[-18.092,65.662],[-18.064,65.645],[-18.051,65.658],[-18.06,65.694],[-18.109,65.732],[-18.098,65.782],[-18.07,65.796],[-18.068,65.831],[-18.1,65.899],[-18.152,65.925],[-18.173,65.912],[-18.218,65.932],[-18.223,65.967],[-18.297,66.015],[-18.29,66.029],[-18.317,66.057],[-18.329,66.104],[-18.324,66.151],[-18.297,66.18],[-18.194,66.18],[-18.054,66.15],[-17.913,66.152],[-17.885,66.117],[-17.816,66.113],[-17.713,66.06],[-17.673,66.007],[-17.624,65.987],[-17.55,65.912],[-17.546,65.931],[-17.578,65.974],[-17.495,65.988],[-17.611,65.994],[-17.452,65.995],[-17.413,65.961],[-17.419,65.994],[-17.365,66.049],[-17.352,66.097],[-17.261,66.13],[-17.265,66.169],[-17.156,66.204],[-17.146,66.221],[-16.992,66.2],[-16.933,66.139],[-16.947,66.117],[-16.923,66.111],[-16.884,66.135],[-16.758,66.15],[-16.721,66.145],[-16.783,66.131],[-16.752,66.113],[-16.701,66.145],[-16.63,66.101],[-16.597,66.098],[-16.656,66.128],[-16.686,66.166],[-16.531,66.199],[-16.624,66.166],[-16.516,66.18],[-16.426,66.145],[-16.487,66.19],[-16.473,66.218],[-16.44,66.234],[-16.422,66.287],[-16.515,66.367],[-16.508,66.385],[-16.522,66.385],[-16.508,66.399],[-16.529,66.419],[-16.508,66.426],[-16.573,66.481],[-16.543,66.507],[-16.522,66.509],[-16.501,66.487],[-16.487,66.511],[-16.43,66.52],[-16.431,66.492],[-16.412,66.481],[-16.419,66.501],[-16.365,66.515],[-16.31,66.495],[-16.33,66.487],[-16.313,66.481],[-16.269,66.487],[-16.236,66.518],[-16.215,66.502],[-16.166,66.536],[-16.081,66.526],[-16.023,66.537],[-15.891,66.495],[-15.933,66.475],[-15.94,66.46],[-15.926,66.454],[-15.946,66.446],[-15.926,66.433],[-15.938,66.424],[-15.83,66.426],[-15.837,66.406],[-15.707,66.396],[-15.68,66.344],[-15.775,66.289],[-15.761,66.275],[-15.691,66.266],[-15.699,66.234],[-15.529,66.227],[-15.51,66.202],[-15.38,66.15],[-15.357,66.159],[-15.371,66.166],[-15.332,66.198],[-15.331,66.261],[-15.109,66.278],[-15.097,66.303],[-15.026,66.322],[-14.991,66.361],[-14.925,66.385],[-14.84,66.392],[-14.754,66.371],[-14.564,66.385]]],[[[-17.751,63.718],[-17.743,63.703],[-17.765,63.682],[-17.769,63.699],[-17.823,63.691],[-17.751,63.718]]],[[[-18.009,66.564],[-17.98,66.539],[-18.017,66.545],[-18.009,66.564]]],[[[-20.262,63.445],[-20.253,63.43],[-20.287,63.406],[-20.303,63.446],[-20.262,63.445]]],[[[-18.38,66.012],[-18.357,65.982],[-18.397,65.989],[-18.414,66.024],[-18.38,66.012]]]]}},{"type":"Feature","properties":{"name":"Italy","blocKey":"nato","blocLabel":"NATO","color":"#5b6fb0","certainty":"member","basis":"NATO member"},"geometry":{"type":"MultiPolygon","coordinates":[[[[7.022,45.925],[7.09,45.881],[7.154,45.877],[7.287,45.913],[7.394,45.916],[7.541,45.984],[7.643,45.966],[7.706,45.926],[7.844,45.919],[7.884,45.974],[7.998,46.011],[8.025,46.091],[8.111,46.127],[8.132,46.159],[8.13,46.196],[8.073,46.254],[8.087,46.272],[8.193,46.309],[8.282,46.37],[8.297,46.388],[8.287,46.405],[8.316,46.434],[8.399,46.452],[8.428,46.449],[8.446,46.412],[8.423,46.276],[8.438,46.235],[8.51,46.208],[8.602,46.123],[8.677,46.096],[8.724,46.11],[8.809,46.09],[8.834,46.066],[8.768,45.983],[8.871,45.947],[8.912,45.883],[8.9,45.826],[8.94,45.835],[9.002,45.821],[9.063,45.899],[9.011,45.927],[8.981,45.964],[9.016,45.993],[9.002,46.039],[9.059,46.062],[9.091,46.138],[9.163,46.172],[9.181,46.204],[9.225,46.231],[9.275,46.331],[9.261,46.417],[9.238,46.437],[9.282,46.497],[9.351,46.498],[9.385,46.466],[9.435,46.498],[9.444,46.375],[9.483,46.357],[9.536,46.299],[9.674,46.292],[9.708,46.312],[9.72,46.351],[9.768,46.339],[9.918,46.371],[9.964,46.356],[9.978,46.298],[10.032,46.26],[10.043,46.22],[10.076,46.22],[10.146,46.243],[10.159,46.262],[10.092,46.329],[10.141,46.403],[10.026,46.446],[10.044,46.467],[10.028,46.484],[10.033,46.533],[10.071,46.564],[10.088,46.604],[10.192,46.627],[10.234,46.618],[10.235,46.575],[10.295,46.551],[10.444,46.538],[10.466,46.578],[10.459,46.624],[10.396,46.639],[10.369,46.672],[10.394,46.701],[10.4,46.736],[10.429,46.756],[10.417,46.799],[10.445,46.823],[10.454,46.864],[10.528,46.843],[10.647,46.864],[10.739,46.83],[10.749,46.819],[10.717,46.795],[10.723,46.786],[10.834,46.78],[10.87,46.764],[10.997,46.769],[11.053,46.815],[11.092,46.912],[11.174,46.964],[11.314,46.987],[11.411,46.97],[11.472,47.007],[11.524,46.988],[11.596,47],[11.684,46.992],[11.735,46.971],[11.9,47.028],[12.015,47.04],[12.181,47.085],[12.204,47.08],[12.204,47.053],[12.111,46.993],[12.142,46.928],[12.127,46.909],[12.267,46.868],[12.269,46.789],[12.343,46.765],[12.37,46.711],[12.405,46.69],[12.547,46.652],[12.74,46.643],[12.83,46.61],[13.146,46.585],[13.231,46.552],[13.478,46.564],[13.507,46.547],[13.701,46.52],[13.677,46.452],[13.6,46.443],[13.53,46.388],[13.434,46.354],[13.365,46.29],[13.41,46.208],[13.437,46.211],[13.423,46.229],[13.468,46.223],[13.559,46.184],[13.637,46.18],[13.645,46.162],[13.616,46.125],[13.505,46.066],[13.482,46.045],[13.49,46.026],[13.462,46.006],[13.509,45.967],[13.606,45.985],[13.623,45.966],[13.569,45.865],[13.566,45.83],[13.581,45.809],[13.779,45.743],[13.858,45.649],[13.895,45.632],[13.848,45.585],[13.712,45.593],[13.73,45.613],[13.808,45.614],[13.739,45.649],[13.758,45.655],[13.754,45.672],[13.726,45.704],[13.629,45.773],[13.574,45.79],[13.551,45.792],[13.524,45.76],[13.528,45.741],[13.555,45.737],[13.402,45.675],[13.377,45.683],[13.431,45.707],[13.423,45.724],[13.369,45.745],[13.255,45.756],[13.216,45.779],[13.15,45.752],[13.119,45.772],[13.108,45.758],[13.123,45.737],[13.081,45.728],[13.075,45.697],[13.15,45.704],[13.085,45.642],[12.944,45.629],[12.781,45.554],[12.424,45.438],[12.41,45.436],[12.431,45.484],[12.451,45.498],[12.472,45.486],[12.465,45.504],[12.515,45.493],[12.521,45.519],[12.582,45.553],[12.537,45.536],[12.507,45.573],[12.442,45.53],[12.451,45.512],[12.404,45.518],[12.397,45.539],[12.384,45.523],[12.424,45.498],[12.35,45.505],[12.31,45.489],[12.253,45.436],[12.246,45.411],[12.259,45.395],[12.245,45.361],[12.224,45.354],[12.232,45.341],[12.216,45.316],[12.154,45.313],[12.149,45.292],[12.181,45.258],[12.199,45.275],[12.197,45.3],[12.217,45.294],[12.225,45.251],[12.211,45.243],[12.23,45.204],[12.266,45.197],[12.307,45.231],[12.298,45.215],[12.321,45.172],[12.328,45.101],[12.307,45.108],[12.307,45.128],[12.297,45.089],[12.341,45.081],[12.376,45.039],[12.355,45.025],[12.369,45.011],[12.387,45.039],[12.369,45.066],[12.486,44.977],[12.499,44.984],[12.486,44.991],[12.503,44.991],[12.534,44.97],[12.513,44.922],[12.499,44.921],[12.487,44.862],[12.445,44.821],[12.424,44.855],[12.438,44.901],[12.407,44.891],[12.392,44.859],[12.417,44.851],[12.397,44.833],[12.424,44.821],[12.416,44.803],[12.376,44.792],[12.303,44.843],[12.266,44.827],[12.28,44.821],[12.247,44.712],[12.286,44.603],[12.284,44.488],[12.318,44.361],[12.369,44.251],[12.479,44.139],[12.574,44.086],[12.692,43.991],[12.804,43.967],[12.929,43.916],[13.253,43.703],[13.473,43.612],[13.516,43.632],[13.579,43.573],[13.616,43.56],[13.617,43.531],[13.835,43.127],[13.945,42.798],[14.075,42.599],[14.221,42.47],[14.387,42.373],[14.429,42.322],[14.56,42.226],[14.709,42.175],[14.741,42.085],[14.871,42.032],[14.994,42.011],[15.045,41.969],[15.165,41.928],[15.446,41.907],[15.611,41.928],[15.774,41.921],[16.027,41.944],[16.14,41.92],[16.161,41.893],[16.179,41.893],[16.184,41.78],[15.9,41.615],[15.896,41.536],[15.961,41.459],[16.521,41.25],[16.594,41.207],[17.057,41.082],[17.276,40.98],[17.348,40.912],[17.476,40.83],[17.748,40.748],[17.844,40.694],[17.956,40.67],[17.955,40.647],[18.007,40.651],[18.043,40.602],[18.037,40.557],[18.12,40.505],[18.238,40.458],[18.437,40.268],[18.516,40.139],[18.516,40.104],[18.484,40.055],[18.434,40.023],[18.411,39.979],[18.393,39.916],[18.389,39.817],[18.368,39.797],[18.338,39.8],[18.282,39.833],[18.211,39.839],[18.072,39.912],[17.995,39.995],[18.02,40.01],[18.016,40.036],[17.967,40.057],[18.003,40.074],[18.011,40.096],[17.926,40.176],[17.9,40.249],[17.913,40.255],[17.863,40.286],[17.512,40.304],[17.399,40.331],[17.2,40.42],[17.243,40.441],[17.248,40.457],[17.228,40.474],[17.296,40.473],[17.323,40.498],[17.262,40.489],[17.269,40.496],[17.247,40.503],[17.19,40.482],[17.156,40.512],[17.05,40.519],[16.976,40.493],[16.912,40.445],[16.783,40.302],[16.731,40.201],[16.605,40.084],[16.599,40.034],[16.632,39.966],[16.542,39.885],[16.492,39.805],[16.49,39.775],[16.529,39.722],[16.516,39.69],[16.546,39.661],[16.625,39.625],[16.782,39.612],[16.846,39.553],[17.011,39.486],[17.089,39.423],[17.159,39.406],[17.122,39.338],[17.115,39.269],[17.146,39.211],[17.125,39.091],[17.158,39.04],[17.206,39.029],[17.172,39.005],[17.172,38.961],[17.104,38.899],[17.095,38.919],[17.022,38.906],[16.957,38.94],[16.839,38.918],[16.728,38.879],[16.586,38.798],[16.535,38.7],[16.549,38.69],[16.577,38.529],[16.57,38.43],[16.508,38.372],[16.306,38.277],[16.169,38.143],[16.125,38.005],[16.077,37.94],[16.001,37.919],[15.942,37.933],[15.761,37.925],[15.684,37.954],[15.635,38.009],[15.658,38.043],[15.624,38.092],[15.648,38.143],[15.633,38.22],[15.651,38.241],[15.786,38.278],[15.813,38.301],[15.918,38.517],[15.9,38.578],[15.844,38.618],[15.837,38.649],[16.003,38.725],[16.153,38.731],[16.201,38.776],[16.222,38.857],[16.215,38.919],[16.154,38.955],[16.083,39.075],[16.034,39.345],[15.995,39.439],[15.933,39.514],[15.876,39.551],[15.806,39.696],[15.77,39.83],[15.774,39.891],[15.624,40.078],[15.535,40.078],[15.41,39.994],[15.343,40.004],[15.314,40.034],[15.261,40.029],[15.279,40.048],[15.263,40.074],[15.127,40.17],[15.047,40.169],[15.003,40.21],[14.911,40.242],[14.907,40.259],[14.939,40.307],[14.932,40.334],[14.994,40.358],[14.998,40.398],[14.889,40.573],[14.782,40.67],[14.752,40.677],[14.69,40.649],[14.626,40.649],[14.544,40.614],[14.487,40.633],[14.343,40.571],[14.33,40.584],[14.338,40.624],[14.387,40.637],[14.476,40.695],[14.474,40.73],[14.443,40.755],[14.394,40.762],[14.294,40.839],[14.224,40.831],[14.203,40.801],[14.083,40.831],[14.083,40.784],[14.048,40.79],[14.052,40.838],[14.021,40.922],[13.965,40.996],[13.918,41.024],[13.911,41.065],[13.852,41.147],[13.722,41.252],[13.594,41.253],[13.564,41.238],[13.575,41.208],[13.544,41.207],[13.514,41.23],[13.5,41.222],[13.324,41.295],[13.286,41.296],[13.187,41.278],[13.115,41.251],[13.091,41.227],[13.045,41.228],[12.98,41.331],[12.894,41.399],[12.842,41.418],[12.749,41.424],[12.654,41.466],[12.635,41.447],[12.448,41.631],[12.327,41.711],[12.239,41.736],[12.17,41.88],[12.039,41.965],[12.02,41.993],[11.917,42.038],[11.827,42.034],[11.75,42.128],[11.658,42.279],[11.539,42.349],[11.377,42.407],[11.211,42.419],[11.184,42.366],[11.107,42.391],[11.087,42.418],[11.099,42.443],[11.164,42.44],[11.188,42.48],[11.187,42.521],[11.158,42.564],[11.129,42.558],[11.078,42.632],[11.006,42.668],[10.99,42.71],[10.944,42.743],[10.731,42.804],[10.765,42.835],[10.778,42.895],[10.764,42.918],[10.632,42.958],[10.539,42.949],[10.547,42.935],[10.519,42.925],[10.5,42.94],[10.478,42.99],[10.517,43.024],[10.547,43.147],[10.528,43.247],[10.437,43.389],[10.317,43.493],[10.252,43.847],[10.181,43.955],[10.091,44.025],[9.989,44.06],[9.963,44.045],[9.845,44.109],[9.82,44.093],[9.848,44.072],[9.833,44.052],[9.846,44.046],[9.832,44.042],[9.82,44.063],[9.683,44.137],[9.621,44.148],[9.484,44.244],[9.437,44.239],[9.375,44.272],[9.368,44.294],[9.231,44.354],[9.211,44.305],[9.147,44.329],[9.13,44.363],[9.102,44.374],[8.762,44.432],[8.466,44.304],[8.445,44.284],[8.435,44.24],[8.412,44.227],[8.408,44.194],[8.257,44.128],[8.233,44.104],[8.216,44.045],[8.153,43.983],[8.168,43.956],[8.068,43.897],[7.96,43.853],[7.786,43.822],[7.737,43.798],[7.502,43.792],[7.478,43.866],[7.631,43.994],[7.653,44.04],[7.69,44.067],[7.692,44.085],[7.642,44.144],[7.656,44.176],[7.341,44.124],[7.145,44.207],[6.973,44.249],[6.87,44.363],[6.877,44.414],[6.918,44.436],[6.861,44.475],[6.836,44.534],[6.946,44.625],[6.934,44.647],[6.96,44.683],[7.055,44.685],[6.998,44.794],[7.005,44.828],[6.933,44.862],[6.847,44.859],[6.745,44.908],[6.728,44.929],[6.723,45.013],[6.652,45.036],[6.637,45.074],[6.603,45.103],[6.736,45.157],[6.844,45.13],[6.877,45.141],[6.873,45.166],[6.914,45.17],[6.959,45.21],[7.03,45.228],[7.055,45.214],[7.108,45.259],[7.093,45.324],[7.161,45.411],[7.097,45.435],[7.072,45.47],[6.983,45.511],[6.953,45.594],[6.963,45.641],[6.816,45.697],[6.796,45.718],[6.782,45.777],[6.801,45.826],[6.843,45.839],[6.864,45.827],[6.873,45.845],[6.949,45.858],[7.022,45.925]],[[12.429,43.892],[12.46,43.895],[12.478,43.917],[12.492,43.956],[12.482,43.983],[12.396,43.948],[12.386,43.925],[12.429,43.892]],[[12.453,41.903],[12.453,41.903]]],[[[12,36.836],[12.052,36.79],[12.053,36.768],[12.031,36.741],[11.961,36.765],[11.925,36.812],[11.922,36.828],[11.946,36.842],[11.987,36.824],[12,36.836]]],[[[12.273,37.94],[12.314,37.946],[12.369,37.925],[12.358,37.914],[12.3,37.919],[12.273,37.94]]],[[[15.529,38.303],[15.648,38.267],[15.57,38.227],[15.56,38.2],[15.576,38.2],[15.5,38.085],[15.213,37.761],[15.22,37.707],[15.164,37.568],[15.092,37.477],[15.104,37.33],[15.252,37.258],[15.261,37.234],[15.245,37.246],[15.22,37.22],[15.222,37.237],[15.205,37.245],[15.183,37.207],[15.216,37.155],[15.248,37.159],[15.229,37.15],[15.247,37.118],[15.303,37.101],[15.303,37.062],[15.288,37.069],[15.284,37.048],[15.321,37.04],[15.332,37.012],[15.309,37.018],[15.268,37],[15.268,36.973],[15.175,36.944],[15.158,36.924],[15.094,36.8],[15.134,36.675],[15.094,36.655],[15.007,36.703],[14.982,36.689],[14.882,36.731],[14.781,36.699],[14.685,36.726],[14.659,36.754],[14.582,36.781],[14.487,36.793],[14.395,36.945],[14.279,37.044],[14.126,37.112],[13.894,37.101],[13.833,37.14],[13.716,37.171],[13.569,37.274],[13.453,37.299],[13.278,37.394],[13.253,37.432],[13.174,37.487],[13.026,37.493],[13,37.535],[12.943,37.569],[12.659,37.565],[12.578,37.652],[12.506,37.666],[12.427,37.797],[12.465,37.823],[12.479,37.881],[12.464,37.913],[12.503,37.997],[12.493,38.021],[12.576,38.072],[12.608,38.062],[12.662,38.116],[12.705,38.111],[12.725,38.126],[12.72,38.175],[12.732,38.193],[12.761,38.181],[12.818,38.078],[12.901,38.028],[13.061,38.083],[13.071,38.096],[13.055,38.142],[13.101,38.19],[13.207,38.176],[13.239,38.207],[13.318,38.221],[13.372,38.173],[13.391,38.103],[13.514,38.111],[13.541,38.094],[13.547,38.056],[13.651,38.001],[13.791,37.974],[14.021,38.049],[14.083,38.024],[14.273,38.015],[14.432,38.049],[14.464,38.037],[14.512,38.044],[14.635,38.081],[14.734,38.158],[14.907,38.188],[14.945,38.182],[14.97,38.159],[15.049,38.152],[15.088,38.128],[15.177,38.156],[15.241,38.241],[15.237,38.265],[15.245,38.217],[15.292,38.207],[15.4,38.233],[15.529,38.303]]],[[[14.966,38.433],[15.007,38.378],[14.987,38.364],[14.948,38.396],[14.966,38.433]]],[[[14.908,38.474],[14.901,38.499],[14.925,38.522],[14.958,38.522],[14.979,38.488],[14.953,38.481],[14.966,38.453],[14.908,38.474]]],[[[14.863,38.549],[14.794,38.572],[14.867,38.581],[14.877,38.57],[14.863,38.549]]],[[[8.456,39.074],[8.484,39.07],[8.459,39.05],[8.437,38.967],[8.41,38.962],[8.349,39.062],[8.346,39.098],[8.36,39.118],[8.445,39.103],[8.456,39.074]]],[[[8.306,39.193],[8.306,39.105],[8.255,39.107],[8.257,39.124],[8.225,39.157],[8.23,39.173],[8.306,39.193]]],[[[13.945,40.702],[13.89,40.694],[13.849,40.715],[13.87,40.749],[13.863,40.762],[13.966,40.735],[13.966,40.715],[13.945,40.702]]],[[[8.275,41.057],[8.251,41.044],[8.246,40.994],[8.21,40.996],[8.229,41.042],[8.276,41.07],[8.278,41.106],[8.302,41.105],[8.326,41.126],[8.345,41.086],[8.332,41.065],[8.275,41.057]]],[[[9.792,40.557],[9.826,40.53],[9.8,40.456],[9.762,40.391],[9.712,40.366],[9.626,40.263],[9.631,40.196],[9.655,40.145],[9.732,40.084],[9.687,39.961],[9.697,39.934],[9.718,39.934],[9.684,39.894],[9.697,39.852],[9.67,39.794],[9.676,39.718],[9.651,39.652],[9.653,39.567],[9.628,39.502],[9.645,39.484],[9.602,39.356],[9.604,39.326],[9.635,39.297],[9.607,39.289],[9.568,39.238],[9.58,39.187],[9.566,39.149],[9.523,39.125],[9.519,39.105],[9.496,39.134],[9.443,39.124],[9.292,39.221],[9.216,39.228],[9.166,39.187],[9.137,39.194],[9.073,39.249],[9.014,39.264],[9.038,39.227],[9.08,39.225],[9.018,39.146],[9.019,39.104],[9.045,39.051],[9.026,38.995],[9.005,38.995],[8.853,38.878],[8.805,38.906],[8.805,38.885],[8.767,38.92],[8.717,38.933],[8.669,38.911],[8.641,38.864],[8.643,38.89],[8.6,38.899],[8.615,38.948],[8.603,38.965],[8.58,38.961],[8.56,39.057],[8.504,39.063],[8.518,39.083],[8.504,39.091],[8.483,39.08],[8.465,39.119],[8.442,39.118],[8.435,39.166],[8.41,39.169],[8.373,39.222],[8.432,39.302],[8.417,39.339],[8.374,39.379],[8.405,39.427],[8.387,39.47],[8.463,39.577],[8.444,39.757],[8.469,39.755],[8.517,39.702],[8.566,39.701],[8.504,39.722],[8.545,39.783],[8.518,39.763],[8.549,39.807],[8.555,39.853],[8.523,39.899],[8.463,39.914],[8.435,39.899],[8.463,39.899],[8.435,39.858],[8.438,39.877],[8.395,39.913],[8.407,40.022],[8.377,40.034],[8.469,40.062],[8.49,40.104],[8.463,40.163],[8.476,40.292],[8.441,40.331],[8.386,40.352],[8.395,40.424],[8.38,40.469],[8.332,40.511],[8.312,40.578],[8.292,40.595],[8.216,40.571],[8.196,40.578],[8.216,40.612],[8.193,40.617],[8.162,40.564],[8.147,40.593],[8.141,40.625],[8.174,40.642],[8.197,40.691],[8.134,40.729],[8.215,40.881],[8.21,40.914],[8.179,40.928],[8.193,40.964],[8.21,40.975],[8.229,40.963],[8.233,40.91],[8.31,40.851],[8.521,40.827],[8.598,40.853],[8.641,40.896],[8.709,40.921],[8.764,40.914],[8.823,40.947],[8.881,41.024],[8.923,41.037],[9.006,41.122],[9.142,41.153],[9.163,41.184],[9.171,41.243],[9.231,41.263],[9.268,41.237],[9.278,41.195],[9.285,41.222],[9.285,41.195],[9.313,41.201],[9.333,41.188],[9.335,41.212],[9.388,41.181],[9.422,41.181],[9.409,41.16],[9.443,41.133],[9.443,41.092],[9.469,41.146],[9.524,41.15],[9.525,41.133],[9.56,41.126],[9.562,41.097],[9.546,41.078],[9.539,41.092],[9.512,41.016],[9.532,41.016],[9.525,41.031],[9.543,41.037],[9.553,41.009],[9.616,41.02],[9.663,41.003],[9.651,40.991],[9.588,40.996],[9.571,40.935],[9.504,40.927],[9.573,40.906],[9.642,40.921],[9.614,40.893],[9.656,40.876],[9.663,40.858],[9.683,40.865],[9.724,40.845],[9.681,40.83],[9.69,40.811],[9.658,40.8],[9.704,40.759],[9.744,40.68],[9.757,40.595],[9.792,40.557]]],[[[10.896,42.387],[10.94,42.331],[10.923,42.319],[10.862,42.366],[10.883,42.392],[10.896,42.387]]],[[[10.443,42.845],[10.43,42.788],[10.389,42.763],[10.425,42.741],[10.431,42.722],[10.416,42.709],[10.338,42.765],[10.314,42.743],[10.305,42.76],[10.265,42.745],[10.245,42.757],[10.23,42.735],[10.147,42.737],[10.107,42.757],[10.101,42.784],[10.133,42.812],[10.266,42.804],[10.272,42.827],[10.327,42.826],[10.322,42.812],[10.347,42.806],[10.412,42.873],[10.443,42.845]]],[[[9.84,43.065],[9.855,43.044],[9.842,43.025],[9.801,43.008],[9.785,43.028],[9.807,43.066],[9.84,43.065]]],[[[12.352,45.405],[12.389,45.434],[12.431,45.416],[12.376,45.423],[12.321,45.348],[12.352,45.405]]],[[[12.86,35.872],[12.873,35.852],[12.846,35.863],[12.86,35.872]]],[[[14.346,38.535],[14.357,38.551],[14.346,38.535]]],[[[14.576,38.577],[14.585,38.557],[14.552,38.562],[14.542,38.587],[14.576,38.577]]],[[[13.169,38.717],[13.197,38.708],[13.153,38.695],[13.169,38.717]]],[[[15.228,38.81],[15.237,38.796],[15.217,38.773],[15.187,38.789],[15.228,38.81]]],[[[13.419,40.796],[13.432,40.801],[13.419,40.796]]],[[[12.622,35.51],[12.611,35.489],[12.526,35.517],[12.622,35.51]]],[[[12.072,37.968],[12.079,37.95],[12.065,37.951],[12.03,37.984],[12.054,37.992],[12.072,37.968]]],[[[9.475,41.236],[9.464,41.173],[9.437,41.186],[9.46,41.242],[9.475,41.236]]],[[[9.431,41.225],[9.395,41.211],[9.373,41.23],[9.414,41.262],[9.431,41.225]]],[[[10.297,42.345],[10.316,42.341],[10.313,42.324],[10.294,42.328],[10.297,42.345]]],[[[10.092,42.596],[10.086,42.572],[10.05,42.582],[10.079,42.614],[10.092,42.596]]],[[[12.33,45.459],[12.364,45.45],[12.362,45.438],[12.321,45.43],[12.33,45.459]]]]}},{"type":"Feature","properties":{"name":"Latvia","blocKey":"nato","blocLabel":"NATO","color":"#5b6fb0","certainty":"member","basis":"NATO member"},"geometry":{"type":"Polygon","coordinates":[[[27.353,57.528],[27.528,57.528],[27.511,57.43],[27.641,57.389],[27.84,57.291],[27.841,57.211],[27.824,57.159],[27.682,57.104],[27.745,57.068],[27.751,57.042],[27.715,56.957],[27.628,56.844],[27.661,56.839],[27.786,56.871],[27.831,56.864],[27.914,56.82],[27.919,56.806],[27.865,56.743],[27.981,56.687],[28.011,56.588],[28.126,56.548],[28.132,56.536],[28.093,56.502],[28.164,56.438],[28.167,56.37],[28.217,56.271],[28.149,56.142],[28.111,56.157],[27.927,56.109],[27.881,56.064],[27.781,56.016],[27.744,55.96],[27.645,55.923],[27.593,55.794],[27.439,55.799],[27.35,55.831],[27.263,55.787],[27.151,55.832],[26.981,55.827],[26.9,55.779],[26.823,55.706],[26.743,55.683],[26.64,55.696],[26.595,55.667],[26.481,55.678],[26.28,55.743],[26.179,55.85],[25.697,56.088],[25.662,56.141],[25.109,56.183],[25.073,56.198],[24.973,56.301],[24.91,56.422],[24.871,56.443],[24.846,56.405],[24.806,56.409],[24.679,56.377],[24.539,56.288],[24.481,56.269],[24.414,56.266],[24.319,56.299],[24.139,56.257],[23.981,56.312],[23.858,56.334],[23.725,56.329],[23.707,56.354],[23.482,56.33],[23.288,56.373],[23.173,56.358],[23.113,56.311],[23.062,56.304],[23.017,56.324],[22.957,56.402],[22.925,56.412],[22.666,56.349],[22.605,56.379],[22.512,56.396],[22.215,56.39],[22.094,56.417],[21.684,56.31],[21.596,56.308],[21.419,56.237],[21.328,56.224],[21.23,56.163],[21.19,56.084],[21.053,56.073],[21.029,56.147],[20.973,56.232],[20.983,56.301],[20.969,56.37],[21.003,56.435],[21,56.511],[21.024,56.51],[21.045,56.462],[21.031,56.448],[21.045,56.421],[21.031,56.408],[21.062,56.387],[21.08,56.403],[21.058,56.504],[20.992,56.549],[21.058,56.689],[21.065,56.774],[21.053,56.829],[21.065,56.846],[21.223,56.908],[21.382,57.009],[21.414,57.073],[21.401,57.151],[21.415,57.271],[21.434,57.306],[21.48,57.334],[21.518,57.388],[21.73,57.574],[21.999,57.6],[22.484,57.742],[22.61,57.755],[22.591,57.706],[22.591,57.645],[22.656,57.586],[23.031,57.394],[23.13,57.371],[23.199,57.224],[23.222,57.207],[23.261,57.099],[23.34,57.059],[23.509,57.031],[23.585,56.979],[23.695,56.967],[23.953,57.013],[24.036,57.069],[24.211,57.124],[24.379,57.23],[24.401,57.258],[24.406,57.344],[24.375,57.529],[24.359,57.55],[24.375,57.613],[24.358,57.685],[24.3,57.744],[24.286,57.833],[24.306,57.868],[24.378,57.859],[24.442,57.908],[24.534,57.945],[24.685,57.948],[24.734,57.992],[24.817,57.977],[24.873,58],[24.949,58.006],[25.094,58.067],[25.167,58.059],[25.217,57.985],[25.284,58.008],[25.25,58.051],[25.251,58.068],[25.282,58.073],[25.325,58.035],[25.397,58.023],[25.457,57.984],[25.542,57.963],[25.558,57.934],[25.602,57.912],[25.73,57.923],[25.793,57.856],[26.015,57.843],[26.025,57.774],[26.169,57.704],[26.297,57.599],[26.431,57.562],[26.5,57.516],[26.542,57.528],[26.59,57.52],[26.667,57.565],[26.796,57.571],[26.873,57.627],[26.981,57.609],[27.085,57.549],[27.32,57.516],[27.353,57.528]]]}},{"type":"Feature","properties":{"name":"Lithuania","blocKey":"nato","blocLabel":"NATO","color":"#5b6fb0","certainty":"member","basis":"NATO member"},"geometry":{"type":"MultiPolygon","coordinates":[[[[26.595,55.667],[26.605,55.59],[26.532,55.516],[26.543,55.46],[26.499,55.428],[26.45,55.327],[26.525,55.308],[26.603,55.317],[26.769,55.3],[26.801,55.273],[26.766,55.247],[26.657,55.215],[26.601,55.121],[26.473,55.146],[26.429,55.128],[26.264,55.14],[26.233,55.112],[26.225,55.055],[26.139,54.969],[25.87,54.939],[25.847,54.906],[25.783,54.87],[25.778,54.805],[25.735,54.789],[25.721,54.767],[25.708,54.663],[25.74,54.608],[25.74,54.569],[25.631,54.508],[25.613,54.422],[25.53,54.346],[25.529,54.321],[25.564,54.303],[25.696,54.321],[25.719,54.282],[25.739,54.283],[25.789,54.236],[25.772,54.218],[25.763,54.156],[25.654,54.129],[25.516,54.145],[25.486,54.175],[25.529,54.196],[25.502,54.222],[25.554,54.231],[25.459,54.299],[25.37,54.248],[25.206,54.257],[25.157,54.176],[25.072,54.132],[24.902,54.15],[24.822,54.135],[24.818,54.11],[24.782,54.093],[24.821,54.02],[24.819,53.993],[24.789,53.97],[24.706,53.964],[24.667,53.994],[24.529,53.958],[24.378,53.887],[24.257,53.894],[24.229,53.932],[24.17,53.959],[24.045,53.931],[23.92,53.948],[23.828,53.92],[23.787,53.928],[23.627,53.898],[23.486,53.939],[23.487,53.956],[23.459,53.982],[23.496,54.022],[23.474,54.113],[23.449,54.155],[23.391,54.18],[23.354,54.217],[23.117,54.303],[23.05,54.295],[23.032,54.31],[23.042,54.341],[22.99,54.353],[22.963,54.382],[22.838,54.401],[22.767,54.356],[22.707,54.419],[22.68,54.453],[22.675,54.492],[22.682,54.57],[22.708,54.636],[22.701,54.68],[22.727,54.705],[22.725,54.723],[22.833,54.779],[22.848,54.814],[22.821,54.885],[22.749,54.91],[22.752,54.931],[22.716,54.951],[22.633,54.958],[22.565,55.068],[22.436,55.058],[22.251,55.071],[22.077,55.029],[22.028,55.044],[22.003,55.093],[21.943,55.078],[21.751,55.128],[21.605,55.192],[21.504,55.194],[21.375,55.29],[21.268,55.249],[21.264,55.284],[21.291,55.297],[21.259,55.336],[21.257,55.369],[21.183,55.346],[21.248,55.418],[21.223,55.52],[21.199,55.538],[21.195,55.585],[21.147,55.678],[21.074,55.745],[21.061,55.789],[21.045,55.874],[21.058,55.952],[21.053,56.073],[21.19,56.084],[21.23,56.163],[21.328,56.224],[21.419,56.237],[21.596,56.308],[21.684,56.31],[22.094,56.417],[22.215,56.39],[22.512,56.396],[22.605,56.379],[22.666,56.349],[22.925,56.412],[22.957,56.402],[23.017,56.324],[23.062,56.304],[23.113,56.311],[23.173,56.358],[23.288,56.373],[23.482,56.33],[23.707,56.354],[23.725,56.329],[23.858,56.334],[23.981,56.312],[24.139,56.257],[24.319,56.299],[24.414,56.266],[24.481,56.269],[24.539,56.288],[24.679,56.377],[24.806,56.409],[24.846,56.405],[24.871,56.443],[24.91,56.422],[24.973,56.301],[25.073,56.198],[25.109,56.183],[25.662,56.141],[25.697,56.088],[26.179,55.85],[26.28,55.743],[26.481,55.678],[26.595,55.667]]],[[[20.989,55.273],[20.925,55.283],[21,55.357],[21.082,55.498],[21.099,55.599],[21.085,55.723],[21.117,55.7],[21.132,55.656],[21.12,55.489],[21.087,55.441],[21.106,55.421],[21.038,55.329],[20.989,55.291],[20.989,55.273]]]]}},{"type":"Feature","properties":{"name":"Luxembourg","blocKey":"nato","blocLabel":"NATO","color":"#5b6fb0","certainty":"member","basis":"NATO member"},"geometry":{"type":"Polygon","coordinates":[[[6.117,50.12],[6.096,50.049],[6.154,49.951],[6.162,49.942],[6.173,49.956],[6.223,49.887],[6.287,49.861],[6.303,49.835],[6.334,49.84],[6.397,49.809],[6.503,49.796],[6.486,49.734],[6.5,49.712],[6.403,49.656],[6.418,49.639],[6.351,49.567],[6.345,49.455],[6.194,49.499],[6.136,49.495],[6.143,49.486],[6.107,49.483],[6.078,49.452],[5.961,49.441],[5.928,49.482],[5.84,49.5],[5.791,49.538],[5.837,49.561],[5.847,49.577],[5.83,49.583],[5.885,49.644],[5.846,49.667],[5.85,49.714],[5.805,49.722],[5.778,49.773],[5.728,49.8],[5.732,49.86],[5.758,49.858],[5.719,49.891],[5.764,49.947],[5.813,49.978],[5.803,50.002],[5.836,50.019],[5.838,50.047],[5.864,50.067],[5.872,50.097],[5.941,50.128],[5.962,50.166],[5.998,50.175],[6.039,50.148],[6.084,50.159],[6.117,50.12]]]}},{"type":"Feature","properties":{"name":"Montenegro","blocKey":"nato","blocLabel":"NATO","color":"#5b6fb0","certainty":"member","basis":"NATO member"},"geometry":{"type":"Polygon","coordinates":[[[18.496,42.416],[18.493,42.442],[18.437,42.493],[18.437,42.559],[18.492,42.565],[18.487,42.59],[18.538,42.618],[18.55,42.668],[18.454,42.793],[18.444,42.834],[18.473,42.863],[18.434,42.954],[18.483,43.015],[18.639,43.02],[18.621,43.123],[18.645,43.18],[18.688,43.224],[18.664,43.233],[18.834,43.324],[18.821,43.341],[18.923,43.347],[18.957,43.326],[18.992,43.267],[19.025,43.299],[19.07,43.309],[19.01,43.411],[18.968,43.448],[18.946,43.444],[18.951,43.464],[18.906,43.491],[18.977,43.546],[19,43.548],[19.055,43.507],[19.096,43.513],[19.123,43.536],[19.195,43.533],[19.175,43.51],[19.192,43.455],[19.372,43.384],[19.512,43.241],[19.598,43.176],[19.663,43.159],[19.714,43.166],[19.761,43.109],[19.805,43.09],[19.872,43.09],[19.929,43.114],[19.96,43.079],[20.117,42.977],[20.223,42.958],[20.354,42.891],[20.345,42.827],[20.218,42.803],[20.208,42.763],[20.183,42.743],[20.076,42.773],[20.027,42.743],[20.036,42.708],[20.104,42.653],[20.076,42.603],[20.077,42.56],[20.065,42.547],[20.039,42.558],[19.982,42.511],[19.908,42.506],[19.801,42.468],[19.752,42.493],[19.734,42.524],[19.746,42.599],[19.722,42.646],[19.676,42.647],[19.622,42.605],[19.588,42.533],[19.417,42.374],[19.4,42.326],[19.275,42.191],[19.282,42.165],[19.372,42.104],[19.351,42.028],[19.371,41.987],[19.346,41.962],[19.365,41.852],[19.31,41.895],[19.17,41.938],[19.138,41.985],[19.139,42.042],[19.083,42.081],[19.084,42.11],[19.049,42.14],[19.011,42.14],[18.913,42.222],[18.886,42.284],[18.854,42.29],[18.831,42.278],[18.818,42.291],[18.779,42.271],[18.715,42.325],[18.678,42.386],[18.659,42.387],[18.653,42.366],[18.617,42.368],[18.571,42.393],[18.578,42.4],[18.545,42.424],[18.563,42.439],[18.7,42.393],[18.707,42.421],[18.684,42.459],[18.687,42.483],[18.654,42.452],[18.502,42.456],[18.521,42.438],[18.513,42.409],[18.53,42.4],[18.496,42.416]]]}},{"type":"Feature","properties":{"name":"Netherlands","blocKey":"nato","blocLabel":"NATO","color":"#5b6fb0","certainty":"member","basis":"NATO member"},"geometry":{"type":"MultiPolygon","coordinates":[[[[7.195,53.245],[7.195,53.185],[7.172,53.138],[7.193,52.998],[7.162,52.933],[7.062,52.824],[7.037,52.647],[7.018,52.626],[6.865,52.642],[6.737,52.635],[6.702,52.619],[6.704,52.583],[6.744,52.56],[6.672,52.542],[6.695,52.476],[6.715,52.462],[6.9,52.432],[6.973,52.451],[7.048,52.365],[7.012,52.285],[7.026,52.231],[6.885,52.16],[6.831,52.113],[6.75,52.103],[6.673,52.05],[6.675,52.035],[6.778,52.001],[6.809,51.98],[6.811,51.961],[6.717,51.899],[6.628,51.898],[6.463,51.848],[6.378,51.86],[6.382,51.828],[6.345,51.821],[6.342,51.837],[6.287,51.846],[6.265,51.866],[6.225,51.863],[6.127,51.897],[6.093,51.885],[6.156,51.842],[6.084,51.854],[5.931,51.816],[5.964,51.777],[5.939,51.732],[6.012,51.716],[6.022,51.71],[6.009,51.681],[6.099,51.644],[6.086,51.596],[6.193,51.509],[6.205,51.458],[6.194,51.345],[6.148,51.318],[6.057,51.212],[6.061,51.171],[6.084,51.163],[6.134,51.184],[6.157,51.179],[6.126,51.165],[6.147,51.152],[5.983,51.075],[5.938,51.031],[5.88,51.052],[5.852,51.043],[5.875,50.965],[6.004,50.974],[6,50.929],[6.064,50.908],[6.057,50.853],[6.009,50.84],[5.998,50.801],[5.969,50.795],[5.995,50.75],[5.793,50.752],[5.752,50.773],[5.707,50.754],[5.688,50.761],[5.7,50.796],[5.624,50.83],[5.622,50.853],[5.722,50.912],[5.764,50.959],[5.722,50.959],[5.778,51.024],[5.764,51.035],[5.771,51.058],[5.799,51.061],[5.805,51.097],[5.846,51.103],[5.823,51.119],[5.841,51.139],[5.829,51.156],[5.781,51.152],[5.731,51.184],[5.659,51.179],[5.568,51.208],[5.546,51.22],[5.535,51.262],[5.493,51.287],[5.389,51.259],[5.215,51.259],[5.215,51.294],[5.197,51.308],[5.123,51.313],[5.068,51.375],[5.08,51.439],[5.028,51.477],[4.957,51.411],[4.91,51.392],[4.762,51.413],[4.779,51.426],[4.823,51.414],[4.824,51.476],[4.779,51.495],[4.731,51.486],[4.63,51.418],[4.541,51.42],[4.522,51.429],[4.525,51.476],[4.483,51.474],[4.377,51.443],[4.389,51.435],[4.38,51.41],[4.416,51.374],[4.392,51.35],[4.261,51.369],[4.235,51.419],[4.201,51.405],[4.111,51.407],[3.999,51.453],[3.957,51.456],[3.902,51.405],[3.827,51.391],[3.69,51.454],[3.61,51.445],[3.535,51.459],[3.451,51.53],[3.458,51.555],[3.56,51.595],[3.851,51.611],[3.906,51.569],[3.872,51.549],[4.016,51.531],[4.057,51.508],[4.105,51.446],[4.283,51.448],[4.297,51.471],[4.268,51.508],[4.091,51.535],[3.988,51.59],[4.068,51.611],[4.157,51.608],[4.207,51.59],[4.19,51.617],[4.136,51.62],[4.113,51.639],[4.113,51.671],[4.177,51.686],[4.072,51.717],[4.034,51.784],[3.981,51.81],[3.872,51.788],[3.862,51.816],[3.963,51.847],[4.048,51.834],[4.078,51.844],[4.032,51.882],[4.043,51.909],[4.016,51.988],[4.142,52.006],[4.285,52.113],[4.508,52.336],[4.597,52.507],[4.669,52.797],[4.712,52.863],[4.745,52.968],[4.817,52.968],[4.809,52.93],[4.874,52.904],[5.078,52.954],[5.313,53.083],[5.379,53.097],[5.447,53.221],[5.592,53.303],[5.981,53.406],[6.274,53.413],[6.312,53.399],[6.494,53.439],[6.73,53.461],[6.829,53.451],[6.867,53.434],[6.901,53.352],[7.02,53.306],[7.085,53.31],[7.073,53.296],[7.081,53.267],[7.195,53.245]]],[[[3.349,51.375],[3.541,51.417],[3.756,51.35],[3.834,51.343],[3.956,51.372],[3.984,51.41],[4.122,51.359],[4.157,51.358],[4.18,51.377],[4.221,51.368],[4.208,51.331],[4.119,51.272],[3.949,51.211],[3.809,51.205],[3.781,51.22],[3.776,51.255],[3.61,51.29],[3.514,51.281],[3.501,51.24],[3.392,51.247],[3.353,51.289],[3.349,51.375]]],[[[-68.212,12.228],[-68.19,12.205],[-68.211,12.19],[-68.205,12.118],[-68.239,12.105],[-68.228,12.051],[-68.254,12.024],[-68.281,12.072],[-68.282,12.16],[-68.303,12.203],[-68.392,12.228],[-68.417,12.257],[-68.4,12.304],[-68.377,12.31],[-68.332,12.269],[-68.212,12.228]]],[[[-62.997,17.526],[-62.945,17.485],[-62.959,17.465],[-62.981,17.468],[-62.997,17.526]]],[[[4.037,51.686],[4.097,51.67],[4.099,51.654],[4.073,51.637],[3.978,51.623],[3.902,51.642],[3.886,51.668],[3.809,51.7],[3.765,51.678],[3.687,51.693],[3.689,51.725],[3.814,51.748],[3.962,51.738],[4.037,51.686]]],[[[4.893,53.111],[4.913,53.105],[4.893,53.076],[4.796,53],[4.727,53.003],[4.708,53.028],[4.734,53.084],[4.854,53.188],[4.89,53.181],[4.91,53.135],[4.893,53.111]]],[[[4.879,53.221],[4.987,53.29],[5.054,53.314],[5.105,53.31],[5.036,53.292],[4.91,53.212],[4.879,53.221]]],[[[5.424,53.43],[5.585,53.454],[5.562,53.434],[5.475,53.427],[5.482,53.413],[5.469,53.409],[5.208,53.353],[5.168,53.368],[5.179,53.385],[5.25,53.406],[5.424,53.43]]],[[[5.674,53.468],[5.914,53.474],[5.955,53.461],[5.679,53.43],[5.636,53.449],[5.642,53.463],[5.674,53.468]]],[[[6.212,53.509],[6.311,53.514],[6.339,53.502],[6.153,53.469],[6.133,53.454],[6.123,53.482],[6.212,53.509]]],[[[6.441,53.557],[6.51,53.544],[6.441,53.557]]],[[[-63.238,17.647],[-63.224,17.629],[-63.238,17.615],[-63.251,17.624],[-63.238,17.647]]]]}},{"type":"Feature","properties":{"name":"North Macedonia","blocKey":"nato","blocLabel":"NATO","color":"#5b6fb0","certainty":"member","basis":"NATO member"},"geometry":{"type":"Polygon","coordinates":[[[20.567,41.873],[20.602,41.85],[20.643,41.874],[20.681,41.844],[20.703,41.85],[20.75,41.907],[20.743,41.993],[20.765,42.064],[20.785,42.082],[21.004,42.142],[21.098,42.196],[21.164,42.167],[21.238,42.097],[21.289,42.09],[21.301,42.101],[21.295,42.149],[21.354,42.216],[21.43,42.216],[21.42,42.24],[21.436,42.247],[21.468,42.235],[21.482,42.248],[21.677,42.235],[21.817,42.305],[21.884,42.31],[21.929,42.335],[22.061,42.301],[22.269,42.37],[22.277,42.341],[22.345,42.313],[22.481,42.193],[22.531,42.129],[22.718,42.044],[22.781,42.043],[22.799,42.021],[22.838,42.019],[22.881,41.873],[22.901,41.86],[22.94,41.777],[22.991,41.761],[23.01,41.716],[22.933,41.612],[22.955,41.432],[22.937,41.411],[22.941,41.35],[22.917,41.336],[22.781,41.335],[22.751,41.315],[22.727,41.166],[22.705,41.14],[22.645,41.18],[22.59,41.125],[22.451,41.114],[22.38,41.132],[22.309,41.125],[22.303,41.146],[22.206,41.161],[22.103,41.122],[22.048,41.152],[21.909,41.097],[21.894,41.054],[21.784,40.964],[21.766,40.924],[21.685,40.928],[21.582,40.866],[21.51,40.901],[21.405,40.909],[21.295,40.861],[21.183,40.87],[20.965,40.849],[20.957,40.895],[20.94,40.907],[20.837,40.924],[20.766,40.894],[20.717,40.913],[20.654,41.075],[20.577,41.094],[20.565,41.147],[20.5,41.236],[20.482,41.341],[20.523,41.357],[20.54,41.401],[20.491,41.436],[20.484,41.465],[20.452,41.494],[20.444,41.55],[20.507,41.562],[20.535,41.585],[20.5,41.734],[20.551,41.794],[20.542,41.862],[20.567,41.873]]]}},{"type":"Feature","properties":{"name":"Norway","blocKey":"nato","blocLabel":"NATO","color":"#5b6fb0","certainty":"member","basis":"NATO member"},"geometry":{"type":"MultiPolygon","coordinates":[[[[20.623,69.036],[20.102,69.022],[20.341,68.91],[20.357,68.805],[20.339,68.765],[20.237,68.659],[20.152,68.607],[19.962,68.541],[20.246,68.477],[19.971,68.351],[19.038,68.506],[18.645,68.501],[18.436,68.574],[18.162,68.53],[18.136,68.396],[18.189,68.199],[18.167,68.158],[17.921,67.973],[17.321,68.105],[17.22,68.04],[16.783,67.897],[16.587,67.626],[16.429,67.534],[16.2,67.508],[16.127,67.423],[16.438,67.2],[16.416,67.053],[16.039,66.888],[15.669,66.599],[15.426,66.491],[15.482,66.341],[15.482,66.275],[15.053,66.153],[14.541,66.125],[14.649,65.802],[14.561,65.701],[14.51,65.465],[14.514,65.318],[14.38,65.24],[14.311,65.084],[13.643,64.584],[13.94,64.491],[14.097,64.465],[14.116,64.441],[14.161,64.205],[14.148,64.169],[13.964,64.01],[13.234,64.091],[12.982,64.059],[12.682,63.956],[12.293,63.657],[12.17,63.598],[12.22,63.474],[11.992,63.289],[12.223,63.001],[12.093,62.907],[12.156,62.734],[12.091,62.586],[12.314,62.286],[12.317,62.234],[12.162,61.725],[12.416,61.582],[12.614,61.547],[12.877,61.371],[12.888,61.35],[12.84,61.227],[12.739,61.142],[12.704,61.046],[12.512,61.049],[12.253,61.002],[12.377,60.754],[12.483,60.657],[12.594,60.515],[12.613,60.455],[12.605,60.419],[12.578,60.376],[12.492,60.312],[12.525,60.162],[12.483,60.081],[12.291,59.959],[12.144,59.898],[11.942,59.902],[11.85,59.872],[11.843,59.838],[11.902,59.785],[11.897,59.714],[11.828,59.66],[11.675,59.607],[11.677,59.559],[11.784,59.361],[11.812,59.25],[11.776,59.203],[11.745,59.092],[11.664,58.92],[11.612,58.893],[11.547,58.885],[11.452,58.896],[11.453,58.96],[11.389,59.081],[11.345,59.111],[11.182,59.116],[11.175,59.141],[11.207,59.146],[11.179,59.165],[11.176,59.197],[11.136,59.183],[11.153,59.163],[11.136,59.142],[11.088,59.176],[11.099,59.134],[11.032,59.128],[11.04,59.144],[10.998,59.172],[10.948,59.183],[10.936,59.183],[10.944,59.149],[10.916,59.142],[10.902,59.197],[10.823,59.164],[10.802,59.189],[10.779,59.189],[10.773,59.252],[10.738,59.217],[10.744,59.268],[10.779,59.313],[10.735,59.334],[10.701,59.307],[10.674,59.316],[10.643,59.375],[10.66,59.4],[10.592,59.431],[10.645,59.493],[10.663,59.489],[10.649,59.444],[10.662,59.438],[10.685,59.45],[10.69,59.481],[10.651,59.526],[10.656,59.595],[10.626,59.637],[10.615,59.697],[10.598,59.685],[10.56,59.726],[10.615,59.834],[10.656,59.857],[10.718,59.738],[10.758,59.85],[10.753,59.889],[10.689,59.912],[10.666,59.889],[10.529,59.882],[10.475,59.85],[10.499,59.834],[10.485,59.789],[10.502,59.709],[10.54,59.675],[10.583,59.662],[10.615,59.608],[10.593,59.57],[10.543,59.536],[10.484,59.514],[10.437,59.518],[10.424,59.534],[10.427,59.607],[10.398,59.688],[10.267,59.74],[10.224,59.724],[10.379,59.658],[10.395,59.611],[10.381,59.535],[10.364,59.526],[10.237,59.56],[10.369,59.455],[10.478,59.43],[10.445,59.349],[10.514,59.303],[10.47,59.248],[10.361,59.271],[10.362,59.22],[10.33,59.21],[10.314,59.128],[10.29,59.135],[10.307,59.06],[10.272,59.114],[10.262,59.039],[10.224,59.114],[10.211,59.067],[10.232,59.04],[10.207,59.016],[10.115,59.005],[10.162,59.028],[10.163,59.052],[10.059,59.018],[10.017,59.034],[10.033,58.993],[10.015,58.973],[9.957,58.957],[9.846,58.956],[9.812,58.963],[9.845,58.989],[9.782,59.051],[9.766,59.052],[9.758,59.032],[9.688,59.091],[9.683,59.046],[9.669,59.051],[9.628,59.108],[9.64,59.118],[9.631,59.131],[9.601,59.116],[9.539,59.121],[9.621,59.075],[9.654,59.037],[9.727,59.015],[9.724,58.984],[9.703,58.998],[9.656,58.984],[9.69,58.957],[9.594,58.943],[9.608,58.929],[9.576,58.921],[9.47,58.929],[9.524,58.9],[9.456,58.898],[9.45,58.882],[9.374,58.895],[9.36,58.882],[9.402,58.888],[9.385,58.867],[9.319,58.866],[9.299,58.882],[9.271,58.833],[9.313,58.826],[9.38,58.844],[9.45,58.833],[9.367,58.792],[9.409,58.792],[9.306,58.739],[9.071,58.741],[9.063,58.724],[9.144,58.71],[9.169,58.716],[9.101,58.738],[9.215,58.722],[9.216,58.703],[9.187,58.692],[9.059,58.683],[9.183,58.686],[9.201,58.672],[9.19,58.665],[9.034,58.595],[8.991,58.6],[8.971,58.587],[8.913,58.607],[8.949,58.58],[8.95,58.547],[8.909,58.501],[8.754,58.428],[8.707,58.379],[8.642,58.364],[8.607,58.333],[8.579,58.347],[8.513,58.293],[8.518,58.271],[8.501,58.257],[8.409,58.272],[8.406,58.244],[8.354,58.245],[8.244,58.203],[8.272,58.196],[8.227,58.163],[8.223,58.135],[8.202,58.123],[8.158,58.144],[8.123,58.102],[8.053,58.113],[8.025,58.141],[8.08,58.162],[8.03,58.225],[8.004,58.223],[8.028,58.183],[8.007,58.144],[7.934,58.109],[7.956,58.093],[7.696,58.059],[7.664,58.067],[7.661,58.045],[7.627,58.052],[7.629,58.031],[7.615,58.022],[7.579,58.045],[7.579,58.018],[7.391,58.018],[7.268,58.036],[7.25,58.059],[7.175,58.031],[7.156,58.05],[7.083,58.037],[7.076,58.007],[7.007,57.993],[6.999,58.031],[7.088,58.071],[7.116,58.059],[7.147,58.1],[6.935,58.045],[6.996,58.1],[6.98,58.105],[6.901,58.052],[6.908,58.1],[6.866,58.08],[6.804,58.1],[6.95,58.121],[6.989,58.141],[6.874,58.135],[6.778,58.182],[6.808,58.121],[6.731,58.12],[6.716,58.135],[6.727,58.145],[6.722,58.189],[6.688,58.121],[6.783,58.065],[6.619,58.068],[6.531,58.121],[6.568,58.132],[6.597,58.177],[6.675,58.182],[6.654,58.189],[6.675,58.207],[6.846,58.271],[6.803,58.27],[6.681,58.223],[6.634,58.275],[6.656,58.303],[6.695,58.292],[6.709,58.313],[6.687,58.327],[6.62,58.319],[6.626,58.245],[6.562,58.243],[6.348,58.286],[6.01,58.385],[5.978,58.414],[5.955,58.477],[5.797,58.489],[5.778,58.521],[5.704,58.521],[5.646,58.549],[5.652,58.563],[5.572,58.628],[5.478,58.755],[5.527,58.784],[5.54,58.815],[5.531,58.869],[5.573,58.894],[5.537,58.956],[5.617,58.907],[5.626,58.926],[5.551,58.971],[5.592,58.977],[5.579,58.989],[5.523,58.991],[5.551,59.039],[5.716,58.977],[5.701,58.919],[5.716,58.867],[5.736,58.929],[5.818,58.936],[5.822,58.963],[5.854,58.965],[5.92,58.945],[5.97,58.904],[6.093,58.847],[6.229,58.84],[6.119,58.854],[6.065,58.885],[6.064,58.914],[6.126,58.962],[6.626,59.053],[6.352,59.033],[6.16,58.998],[6.034,58.905],[5.975,58.963],[5.984,58.984],[6.051,58.998],[6.009,59.026],[5.934,59.018],[5.875,59.066],[5.873,59.087],[5.891,59.104],[6.126,59.148],[6.009,59.149],[6.064,59.207],[6.171,59.261],[6.252,59.277],[6.324,59.315],[6.462,59.32],[6.314,59.323],[6.154,59.268],[6.112,59.275],[6.085,59.307],[6.236,59.313],[6.227,59.33],[6.199,59.352],[6.198,59.335],[6.172,59.321],[6.147,59.34],[6.123,59.32],[6.092,59.32],[6.058,59.354],[6.037,59.327],[5.995,59.334],[6.042,59.384],[6.174,59.444],[6.189,59.43],[6.243,59.511],[6.544,59.56],[6.505,59.571],[6.336,59.554],[6.236,59.526],[6.279,59.572],[6.289,59.629],[6.312,59.656],[6.286,59.649],[6.237,59.55],[6.153,59.459],[6.027,59.402],[5.983,59.43],[5.989,59.416],[5.969,59.402],[5.995,59.381],[5.924,59.356],[5.886,59.402],[5.886,59.447],[6.153,59.477],[6.104,59.493],[6.025,59.474],[5.902,59.479],[5.807,59.539],[5.777,59.526],[5.803,59.495],[5.798,59.463],[5.748,59.446],[5.708,59.471],[5.714,59.447],[5.696,59.429],[5.646,59.409],[5.784,59.429],[5.853,59.385],[5.86,59.351],[5.705,59.34],[5.678,59.31],[5.612,59.293],[5.619,59.317],[5.646,59.334],[5.587,59.416],[5.561,59.409],[5.585,59.395],[5.568,59.316],[5.505,59.278],[5.475,59.279],[5.436,59.308],[5.424,59.33],[5.441,59.37],[5.433,59.405],[5.404,59.379],[5.399,59.297],[5.373,59.307],[5.348,59.416],[5.333,59.412],[5.331,59.354],[5.297,59.345],[5.231,59.424],[5.202,59.43],[5.182,59.511],[5.243,59.526],[5.202,59.546],[5.238,59.56],[5.304,59.628],[5.344,59.648],[5.386,59.649],[5.413,59.595],[5.427,59.636],[5.4,59.67],[5.489,59.738],[5.482,59.724],[5.506,59.693],[5.48,59.621],[5.488,59.575],[5.451,59.546],[5.417,59.543],[5.417,59.505],[5.516,59.539],[5.54,59.598],[5.524,59.618],[5.564,59.677],[5.722,59.663],[5.731,59.648],[5.716,59.608],[5.754,59.61],[5.767,59.646],[5.789,59.656],[5.879,59.656],[5.879,59.677],[5.789,59.66],[5.746,59.676],[5.814,59.729],[5.886,59.738],[5.903,59.765],[5.986,59.736],[6.038,59.745],[6.215,59.827],[6.292,59.84],[6.312,59.854],[6.244,59.844],[6.002,59.759],[5.934,59.779],[5.961,59.817],[5.969,59.861],[5.934,59.841],[5.914,59.791],[5.832,59.772],[5.715,59.832],[5.722,59.861],[5.681,59.841],[5.646,59.854],[5.743,59.882],[5.74,59.91],[5.772,59.931],[5.972,59.96],[5.983,59.981],[5.948,59.998],[6.01,60.057],[6.098,60.092],[6.291,60.122],[6.266,60.128],[6.257,60.163],[6.201,60.125],[6.105,60.107],[6.108,60.134],[6.075,60.198],[6.142,60.215],[6.209,60.277],[6.202,60.3],[6.277,60.313],[6.352,60.368],[6.442,60.389],[6.503,60.431],[6.64,60.416],[6.572,60.331],[6.578,60.307],[6.531,60.262],[6.51,60.135],[6.524,60.081],[6.529,60.164],[6.582,60.238],[6.572,60.273],[6.654,60.382],[6.701,60.399],[6.748,60.446],[6.803,60.473],[6.942,60.492],[7.079,60.479],[7.106,60.506],[6.901,60.506],[7.017,60.588],[6.988,60.59],[6.913,60.553],[6.856,60.503],[6.772,60.485],[6.656,60.433],[6.592,60.444],[6.602,60.465],[6.695,60.519],[6.648,60.513],[6.562,60.463],[6.371,60.425],[6.297,60.389],[6.225,60.412],[6.178,60.471],[6.185,60.44],[6.239,60.379],[6.119,60.368],[6.189,60.355],[6.14,60.307],[6.161,60.286],[6.14,60.254],[6.105,60.245],[6.037,60.27],[5.996,60.265],[5.915,60.169],[5.861,60.163],[5.852,60.15],[5.873,60.088],[5.856,60.024],[5.784,60.005],[5.791,60.019],[5.772,60.024],[5.756,59.991],[5.739,59.994],[5.681,60.04],[5.689,60.061],[5.776,60.065],[5.798,60.094],[5.721,60.084],[5.7,60.104],[5.729,60.132],[5.708,60.176],[5.791,60.211],[5.681,60.191],[5.654,60.176],[5.646,60.15],[5.593,60.139],[5.544,60.163],[5.574,60.177],[5.564,60.204],[5.708,60.232],[5.598,60.232],[5.633,60.273],[5.572,60.238],[5.667,60.355],[5.719,60.37],[5.737,60.392],[5.64,60.348],[5.633,60.368],[5.527,60.217],[5.438,60.172],[5.41,60.131],[5.352,60.156],[5.372,60.17],[5.304,60.191],[5.352,60.217],[5.223,60.211],[5.31,60.266],[5.171,60.279],[5.171,60.317],[5.228,60.321],[5.141,60.351],[5.178,60.389],[5.298,60.396],[5.25,60.431],[5.263,60.451],[5.237,60.474],[5.238,60.489],[5.306,60.528],[5.476,60.435],[5.573,60.415],[5.654,60.431],[5.65,60.448],[5.714,60.484],[5.711,60.603],[5.743,60.657],[5.723,60.668],[5.75,60.718],[5.664,60.704],[5.695,60.752],[5.676,60.758],[5.592,60.698],[5.533,60.698],[5.527,60.629],[5.443,60.615],[5.3,60.561],[5.223,60.574],[5.085,60.663],[5.228,60.621],[5.085,60.711],[5.146,60.704],[5.126,60.724],[5.033,60.742],[4.985,60.78],[4.927,60.8],[4.981,60.809],[5.28,60.722],[5.304,60.712],[5.31,60.676],[5.348,60.64],[5.372,60.636],[5.352,60.663],[5.434,60.629],[5.371,60.674],[5.379,60.684],[5.434,60.663],[5.413,60.704],[5.372,60.718],[5.355,60.745],[5.284,60.748],[5.236,60.776],[5.352,60.813],[5.338,60.84],[5.356,60.853],[5.537,60.876],[5.48,60.885],[5.471,60.896],[5.496,60.91],[5.472,60.907],[5.327,60.868],[5.293,60.823],[5.188,60.828],[5.168,60.855],[5.164,60.831],[5.131,60.812],[5.118,60.827],[5.133,60.835],[5.047,60.844],[5.009,60.927],[4.982,60.951],[5.012,60.965],[5.077,60.95],[5.082,60.889],[5.101,60.878],[5.099,60.951],[5.143,60.972],[5.14,60.992],[5.078,60.971],[5.013,60.982],[5.004,61.016],[5.016,61.047],[5.069,61.074],[5.135,61.077],[5.312,61.032],[5.434,61.027],[5.448,60.995],[5.467,61.007],[5.46,61.05],[5.527,61.075],[5.64,61.06],[5.602,61.088],[5.674,61.088],[5.774,61.114],[5.791,61.105],[5.781,61.064],[5.864,61.118],[6.098,61.122],[6.258,61.094],[6.266,61.059],[6.243,61.047],[6.359,61.068],[6.37,61.056],[6.339,61.012],[6.356,61.011],[6.438,61.081],[6.546,61.104],[6.601,61.175],[6.648,61.157],[6.837,61.139],[6.856,61.128],[6.868,61.09],[6.956,61.088],[7.01,61.009],[6.874,60.937],[6.965,60.966],[7.051,60.965],[7.13,60.927],[7.106,60.862],[7.157,60.897],[7.172,60.924],[7.161,60.951],[7.094,60.964],[7.014,61.052],[7,61.093],[7.166,61.11],[7.223,61.14],[7.436,61.101],[7.346,61.143],[7.36,61.152],[7.454,61.193],[7.606,61.198],[7.695,61.232],[7.388,61.198],[7.359,61.206],[7.336,61.274],[7.312,61.287],[7.314,61.308],[7.356,61.326],[7.381,61.378],[7.468,61.438],[7.536,61.457],[7.572,61.485],[7.346,61.389],[7.264,61.396],[7.309,61.364],[7.305,61.348],[7.24,61.297],[7.298,61.261],[7.323,61.205],[7.36,61.191],[7.305,61.163],[7.214,61.184],[7.161,61.17],[7.137,61.146],[6.953,61.112],[6.917,61.136],[7.004,61.184],[6.894,61.163],[6.558,61.225],[6.695,61.345],[6.716,61.391],[6.702,61.403],[6.603,61.279],[6.565,61.266],[6.527,61.287],[6.501,61.268],[6.537,61.204],[6.465,61.208],[6.498,61.192],[6.506,61.147],[6.434,61.115],[6.283,61.125],[6.204,61.149],[6.174,61.184],[6.13,61.159],[6.014,61.149],[5.961,61.163],[6.037,61.204],[5.941,61.17],[5.804,61.156],[5.783,61.165],[5.783,61.197],[5.75,61.156],[5.557,61.136],[5.424,61.08],[5.334,61.097],[5.298,61.129],[5.26,61.11],[5.194,61.105],[5.16,61.129],[5.17,61.14],[5.228,61.143],[5.059,61.158],[5.044,61.163],[5.059,61.188],[5.223,61.163],[5.215,61.184],[5.25,61.184],[5.168,61.221],[4.989,61.225],[5.064,61.246],[5.013,61.237],[4.983,61.257],[4.955,61.253],[4.98,61.275],[5.159,61.311],[5.178,61.339],[5.202,61.343],[5.279,61.321],[5.321,61.252],[5.337,61.269],[5.321,61.317],[5.256,61.348],[5.441,61.367],[5.633,61.362],[5.555,61.378],[5.164,61.356],[5.058,61.323],[5.006,61.347],[4.999,61.377],[5.044,61.403],[5.063,61.375],[5.078,61.383],[5.078,61.41],[5.118,61.416],[5.112,61.431],[5.071,61.417],[4.948,61.416],[5.057,61.444],[5.163,61.451],[5.188,61.465],[5.181,61.472],[5.311,61.449],[5.338,61.465],[5.519,61.43],[5.667,61.485],[5.736,61.485],[5.77,61.455],[5.804,61.458],[5.722,61.499],[5.638,61.494],[5.575,61.465],[5.461,61.453],[5.438,61.46],[5.441,61.479],[5.29,61.48],[5.178,61.51],[5.139,61.524],[5.14,61.554],[5.358,61.561],[5.146,61.595],[5.427,61.589],[5.27,61.616],[5.341,61.643],[5.229,61.629],[4.968,61.636],[4.94,61.678],[4.968,61.698],[4.963,61.717],[4.989,61.726],[4.974,61.739],[4.988,61.747],[5.054,61.75],[5.126,61.718],[5.168,61.726],[5.126,61.752],[5.19,61.769],[5.064,61.76],[5.079,61.774],[5.244,61.817],[5.27,61.828],[5.256,61.835],[5.338,61.842],[5.29,61.862],[5.395,61.911],[5.676,61.887],[5.743,61.848],[5.641,61.835],[5.619,61.815],[5.941,61.845],[5.899,61.739],[5.942,61.769],[5.973,61.831],[5.992,61.835],[6.099,61.779],[6.181,61.767],[6.058,61.835],[6.291,61.835],[6.384,61.807],[6.474,61.805],[6.521,61.814],[6.59,61.871],[6.667,61.873],[6.778,61.841],[6.819,61.876],[6.771,61.87],[6.678,61.897],[6.556,61.878],[6.51,61.835],[6.476,61.825],[6.259,61.856],[6.095,61.848],[6.037,61.87],[5.886,61.883],[5.804,61.856],[5.729,61.897],[5.933,61.903],[5.961,61.917],[5.517,61.938],[5.45,61.925],[5.427,61.938],[5.277,61.91],[5.194,61.912],[5.156,61.896],[5.099,61.917],[5.14,61.971],[5.228,61.958],[5.302,62.003],[5.31,62.027],[5.4,62.02],[5.209,62.102],[5.109,62.109],[5.092,62.123],[5.126,62.13],[5.071,62.164],[5.092,62.171],[5.085,62.191],[5.146,62.191],[5.17,62.215],[5.275,62.169],[5.27,62.136],[5.318,62.107],[5.451,62.062],[5.462,62.007],[5.536,62.079],[5.592,62.068],[5.565,62.09],[5.391,62.123],[5.421,62.176],[5.454,62.191],[5.622,62.165],[5.661,62.121],[5.75,62.089],[5.668,62.144],[5.667,62.171],[5.786,62.18],[5.857,62.204],[5.906,62.191],[5.925,62.164],[5.921,62.12],[5.853,62.051],[5.845,62.02],[5.937,62.087],[5.955,62.14],[6.044,62.099],[6.051,62.068],[6.208,62.081],[6.367,62.061],[6.089,62.109],[5.983,62.184],[5.929,62.199],[5.926,62.225],[6.064,62.205],[5.992,62.218],[5.948,62.246],[5.978,62.28],[6.083,62.322],[6.311,62.372],[6.393,62.28],[6.46,62.248],[6.55,62.171],[6.557,62.138],[6.531,62.109],[6.592,62.136],[6.581,62.16],[6.418,62.311],[6.39,62.365],[6.4,62.387],[6.5,62.399],[6.565,62.356],[6.544,62.411],[6.709,62.452],[6.879,62.418],[6.874,62.356],[6.989,62.273],[7.005,62.194],[6.943,62.137],[6.956,62.102],[7.021,62.091],[7.14,62.117],[7.188,62.102],[7.15,62.131],[7.03,62.1],[6.979,62.113],[6.973,62.129],[7.037,62.184],[7.028,62.266],[7.113,62.28],[7.209,62.251],[7.311,62.282],[7.415,62.232],[7.374,62.273],[7.293,62.298],[7.161,62.287],[6.957,62.325],[6.914,62.37],[6.976,62.377],[6.852,62.454],[6.757,62.465],[6.791,62.478],[6.69,62.478],[6.398,62.425],[6.305,62.459],[6.243,62.451],[6.223,62.459],[6.25,62.468],[6.339,62.472],[6.454,62.502],[6.675,62.493],[6.614,62.52],[6.476,62.513],[6.565,62.527],[6.533,62.537],[6.263,62.527],[6.271,62.555],[6.249,62.575],[6.266,62.593],[6.32,62.609],[6.537,62.616],[6.583,62.599],[6.613,62.561],[6.622,62.62],[6.647,62.609],[6.756,62.655],[6.918,62.575],[6.908,62.603],[6.928,62.623],[6.887,62.644],[6.932,62.655],[7.092,62.651],[7.038,62.623],[7.052,62.61],[7.097,62.612],[7.127,62.534],[7.154,62.575],[7.133,62.599],[7.157,62.629],[7.365,62.593],[7.43,62.548],[7.517,62.541],[7.542,62.504],[7.573,62.55],[7.778,62.575],[7.745,62.586],[7.463,62.575],[7.423,62.598],[7.418,62.633],[7.477,62.64],[7.5,62.62],[7.497,62.588],[7.52,62.585],[7.533,62.613],[7.51,62.649],[7.523,62.674],[7.836,62.732],[8.019,62.734],[8.147,62.692],[8.129,62.718],[8.045,62.76],[8.073,62.78],[7.646,62.729],[7.489,62.687],[7.385,62.688],[7.36,62.698],[7.404,62.712],[7.367,62.733],[7.472,62.767],[7.681,62.794],[7.61,62.796],[7.313,62.744],[6.97,62.726],[6.949,62.733],[6.983,62.753],[6.956,62.77],[7.01,62.815],[7.06,62.826],[7.216,62.815],[7.133,62.849],[7.017,62.842],[6.948,62.905],[6.88,62.911],[6.91,62.929],[7.238,63.015],[7.271,63.014],[7.421,62.951],[7.442,62.918],[7.501,62.911],[7.668,62.979],[7.78,62.973],[7.748,62.942],[7.668,62.918],[7.694,62.912],[7.974,62.977],[8.087,62.945],[8.113,62.918],[8.154,62.815],[8.319,62.777],[8.415,62.726],[8.513,62.707],[8.538,62.688],[8.545,62.657],[8.567,62.682],[8.544,62.721],[8.184,62.848],[8.171,62.892],[8.21,62.911],[8.175,62.921],[8.147,62.951],[8.001,63.007],[7.983,63.027],[7.943,63.02],[7.97,63.007],[7.877,63.01],[7.997,63.092],[8.087,63.11],[8.134,63.08],[8.128,63.05],[8.16,63.026],[8.33,62.973],[8.34,62.959],[8.309,62.945],[8.336,62.912],[8.329,62.881],[8.389,62.89],[8.523,62.844],[8.539,62.852],[8.524,62.871],[8.454,62.883],[8.429,62.897],[8.451,62.896],[8.574,62.875],[8.703,62.822],[8.62,62.878],[8.48,62.907],[8.416,62.959],[8.669,62.979],[8.545,62.979],[8.522,62.989],[8.586,63.02],[8.554,63.023],[8.488,62.994],[8.374,62.973],[8.32,63],[8.47,63.02],[8.435,63.031],[8.239,63.025],[8.223,63.033],[8.229,63.063],[8.166,63.115],[8.22,63.134],[8.292,63.096],[8.285,63.076],[8.326,63.089],[8.32,63.11],[8.236,63.151],[8.544,63.132],[8.641,63.11],[8.576,63.144],[8.566,63.161],[8.579,63.175],[8.943,63.212],[8.624,63.201],[8.573,63.253],[8.476,63.294],[8.702,63.324],[8.764,63.349],[8.711,63.351],[8.639,63.392],[8.672,63.421],[8.718,63.408],[8.823,63.429],[8.881,63.398],[8.891,63.421],[8.997,63.418],[8.967,63.433],[9.018,63.467],[9.115,63.418],[9.149,63.376],[9.103,63.343],[9.093,63.294],[9.143,63.331],[9.265,63.363],[9.435,63.38],[9.477,63.404],[9.218,63.372],[9.168,63.402],[9.183,63.435],[9.484,63.483],[9.333,63.467],[9.258,63.5],[9.292,63.459],[9.21,63.459],[9.167,63.467],[9.149,63.486],[9.162,63.507],[9.244,63.514],[9.237,63.534],[9.302,63.531],[9.368,63.563],[9.388,63.562],[9.378,63.53],[9.403,63.518],[9.495,63.577],[9.573,63.541],[9.546,63.581],[9.491,63.589],[9.699,63.644],[9.8,63.563],[9.814,63.532],[9.806,63.514],[9.899,63.477],[9.961,63.428],[9.928,63.377],[9.833,63.329],[10.013,63.362],[10.099,63.325],[10.242,63.326],[10.259,63.267],[10.28,63.318],[10.245,63.344],[10.056,63.373],[10.041,63.406],[10.094,63.439],[10.3,63.467],[10.373,63.442],[10.447,63.457],[10.577,63.431],[10.69,63.452],[10.798,63.417],[10.83,63.441],[10.908,63.456],[10.916,63.467],[10.778,63.487],[10.759,63.517],[10.781,63.539],[10.923,63.555],[10.857,63.569],[10.923,63.602],[10.656,63.549],[10.735,63.613],[10.864,63.652],[10.905,63.684],[11.033,63.719],[11.12,63.704],[11.184,63.72],[11.266,63.774],[11.458,63.79],[11.46,63.812],[11.424,63.822],[11.438,63.836],[11.415,63.85],[11.277,63.867],[11.097,63.858],[11.102,63.894],[11.177,63.909],[11.223,63.945],[11.437,63.983],[11.487,64.007],[11.498,64.021],[11.254,64.038],[11.24,64.061],[11.362,64.117],[11.3,64.107],[11.225,64.072],[11.175,64.007],[10.963,63.948],[10.871,63.897],[10.689,63.86],[10.574,63.809],[10.935,63.898],[11.056,63.861],[11.074,63.836],[11.007,63.813],[10.978,63.768],[10.91,63.731],[10.672,63.687],[10.602,63.636],[10.402,63.576],[10.241,63.562],[10.08,63.508],[9.98,63.493],[9.918,63.515],[9.888,63.575],[9.902,63.589],[9.833,63.602],[9.811,63.627],[9.833,63.644],[9.792,63.665],[9.806,63.678],[9.799,63.692],[10,63.724],[10.101,63.768],[10.005,63.747],[10.039,63.774],[10.03,63.784],[9.544,63.666],[9.568,63.707],[9.553,63.726],[9.778,63.768],[9.581,63.759],[9.546,63.774],[9.663,63.819],[9.874,63.863],[9.792,63.884],[9.892,63.903],[9.926,63.884],[10.116,63.941],[10.197,63.938],[10.142,63.966],[9.943,63.918],[9.973,63.942],[10.128,63.987],[9.936,63.959],[9.984,63.993],[9.998,64.036],[10.018,64.035],[10.026,64.062],[9.998,64.11],[10.036,64.115],[10.108,64.09],[10.192,64.101],[10.218,64.124],[10.108,64.117],[10.134,64.138],[10.17,64.137],[10.156,64.158],[10.197,64.158],[10.178,64.167],[10.17,64.199],[10.222,64.193],[10.231,64.206],[10.297,64.21],[10.375,64.185],[10.365,64.207],[10.245,64.234],[10.259,64.246],[10.334,64.26],[10.327,64.274],[10.397,64.264],[10.391,64.288],[10.491,64.295],[10.45,64.313],[10.45,64.35],[10.471,64.357],[10.559,64.329],[10.505,64.37],[10.598,64.346],[10.649,64.357],[10.607,64.366],[10.553,64.405],[10.464,64.405],[10.497,64.429],[10.628,64.398],[10.585,64.434],[10.605,64.452],[10.666,64.418],[10.732,64.416],[10.815,64.37],[10.855,64.378],[10.799,64.401],[10.787,64.411],[10.805,64.421],[10.775,64.442],[10.68,64.439],[10.656,64.452],[10.704,64.473],[10.753,64.466],[10.762,64.48],[10.841,64.466],[10.8,64.507],[10.825,64.511],[10.892,64.475],[10.916,64.493],[10.957,64.487],[10.923,64.507],[10.964,64.507],[10.95,64.52],[10.957,64.552],[10.916,64.576],[10.957,64.603],[11.06,64.576],[11.076,64.524],[11.178,64.479],[11.163,64.446],[11.27,64.453],[11.342,64.432],[11.225,64.322],[11.389,64.405],[11.362,64.411],[11.41,64.452],[11.443,64.439],[11.656,64.48],[11.438,64.466],[11.461,64.511],[11.54,64.521],[11.506,64.548],[11.574,64.556],[11.547,64.542],[11.57,64.537],[11.78,64.597],[11.636,64.583],[11.629,64.624],[11.611,64.629],[11.553,64.603],[11.595,64.597],[11.577,64.575],[11.517,64.573],[11.421,64.636],[11.396,64.686],[11.424,64.696],[11.396,64.707],[11.48,64.72],[11.532,64.745],[11.616,64.74],[11.553,64.768],[11.842,64.795],[11.643,64.823],[11.787,64.836],[11.787,64.858],[11.649,64.843],[11.745,64.884],[11.992,64.93],[12.064,64.96],[12.225,64.939],[12.144,64.969],[12.053,64.973],[11.912,64.949],[11.739,64.891],[11.617,64.87],[11.622,64.843],[11.478,64.811],[11.403,64.76],[11.261,64.734],[11.239,64.74],[11.351,64.768],[11.43,64.816],[11.346,64.805],[11.302,64.822],[11.232,64.823],[11.253,64.838],[11.524,64.863],[11.697,64.912],[11.602,64.891],[11.245,64.858],[11.267,64.87],[11.423,64.925],[11.554,64.899],[11.595,64.925],[11.534,64.905],[11.477,64.933],[11.495,64.941],[11.56,64.953],[11.636,64.946],[11.616,64.96],[11.629,64.966],[11.663,64.953],[11.82,64.981],[11.835,64.987],[11.805,64.999],[11.814,65.018],[11.979,65.069],[12.012,65.055],[12.015,65.03],[12.054,65.066],[12.076,65.039],[12.137,65.047],[12.177,65.015],[12.173,64.998],[12.194,64.995],[12.211,65.015],[12.187,65.034],[12.193,65.05],[12.369,65.09],[12.472,65.089],[12.507,65.121],[12.636,65.131],[12.602,65.137],[12.617,65.15],[12.677,65.159],[12.791,65.214],[12.807,65.242],[12.931,65.312],[12.932,65.333],[12.668,65.196],[12.503,65.145],[12.369,65.152],[12.382,65.177],[12.471,65.183],[12.499,65.2],[12.451,65.206],[12.438,65.227],[12.355,65.227],[12.408,65.247],[12.712,65.254],[12.516,65.268],[12.458,65.254],[12.465,65.268],[12.436,65.273],[12.345,65.268],[12.276,65.232],[12.245,65.234],[12.342,65.303],[12.451,65.314],[12.479,65.337],[12.41,65.322],[12.419,65.335],[12.499,65.371],[12.516,65.357],[12.601,65.355],[12.657,65.326],[12.692,65.33],[12.663,65.355],[12.547,65.364],[12.527,65.406],[12.479,65.447],[12.549,65.447],[12.574,65.419],[12.602,65.432],[12.712,65.371],[12.629,65.432],[12.65,65.45],[12.78,65.46],[12.608,65.46],[12.657,65.481],[12.597,65.489],[12.565,65.514],[12.616,65.529],[12.579,65.55],[12.574,65.59],[12.514,65.512],[12.465,65.522],[12.526,65.562],[12.534,65.583],[12.438,65.529],[12.404,65.535],[12.396,65.552],[12.417,65.597],[12.355,65.604],[12.349,65.638],[12.364,65.652],[12.495,65.733],[12.555,65.729],[12.581,65.713],[12.588,65.69],[12.636,65.686],[12.608,65.651],[12.741,65.63],[12.787,65.638],[12.758,65.655],[12.684,65.661],[12.65,65.71],[12.586,65.728],[12.558,65.754],[12.645,65.808],[12.718,65.789],[12.705,65.802],[12.711,65.827],[12.694,65.836],[12.612,65.835],[12.642,65.892],[12.682,65.927],[12.789,65.965],[12.848,65.967],[12.966,65.926],[13.04,65.926],[13.068,65.898],[13.12,65.892],[13.157,65.851],[13.176,65.856],[13.123,65.943],[12.978,65.96],[12.924,65.994],[12.963,66.01],[12.952,66.036],[12.971,66.053],[13.04,66.083],[12.712,66.042],[12.726,66.056],[12.67,66.063],[12.752,66.105],[12.869,66.134],[13.09,66.146],[13.104,66.162],[13.306,66.218],[13.527,66.24],[13.577,66.219],[13.493,66.186],[13.582,66.186],[13.534,66.139],[13.536,66.111],[13.64,66.157],[13.76,66.166],[13.822,66.147],[13.835,66.159],[13.822,66.172],[13.61,66.186],[13.641,66.221],[13.758,66.242],[13.808,66.234],[13.76,66.199],[13.788,66.201],[13.837,66.222],[13.973,66.238],[14.01,66.271],[14.113,66.302],[14.144,66.334],[14.131,66.343],[13.964,66.305],[13.907,66.268],[13.754,66.296],[13.699,66.253],[13.62,66.241],[13.575,66.262],[13.623,66.275],[13.575,66.289],[13.503,66.259],[13.287,66.241],[13.205,66.205],[13.04,66.18],[13.032,66.198],[13.163,66.259],[13.321,66.3],[13.534,66.309],[13.403,66.317],[13.452,66.337],[13.365,66.338],[13.311,66.374],[13.338,66.328],[13.227,66.297],[13.137,66.303],[13.158,66.318],[13.15,66.33],[13.037,66.32],[13,66.357],[13.141,66.386],[13.171,66.412],[13.157,66.437],[13.103,66.454],[13.164,66.467],[12.972,66.522],[13.103,66.543],[13.209,66.514],[13.225,66.454],[13.362,66.456],[13.397,66.467],[13.267,66.467],[13.288,66.51],[13.26,66.522],[13.489,66.55],[13.671,66.515],[13.623,66.539],[13.459,66.564],[13.601,66.607],[13.726,66.605],[13.688,66.616],[13.503,66.607],[13.423,66.563],[13.239,66.548],[13.205,66.556],[13.25,66.614],[13.403,66.625],[13.251,66.633],[13.171,66.652],[13.191,66.667],[13.349,66.646],[13.452,66.659],[13.547,66.638],[13.48,66.675],[13.225,66.714],[13.256,66.724],[13.493,66.714],[13.528,66.694],[13.693,66.691],[13.719,66.7],[13.698,66.714],[13.851,66.717],[13.89,66.735],[13.712,66.735],[13.575,66.714],[13.543,66.739],[13.589,66.762],[13.718,66.751],[13.753,66.762],[13.543,66.771],[13.507,66.782],[13.542,66.803],[13.993,66.79],[13.688,66.835],[13.678,66.851],[13.698,66.858],[13.644,66.868],[13.631,66.9],[13.521,66.906],[13.544,66.922],[13.59,66.938],[13.744,66.937],[13.78,66.946],[13.76,66.968],[13.839,66.964],[13.938,66.995],[13.973,66.995],[13.958,66.974],[13.89,66.954],[13.935,66.922],[13.959,66.927],[13.932,66.933],[14.044,66.981],[14.014,67.023],[14.06,67.061],[14.109,66.991],[14.152,66.972],[14.227,66.984],[14.269,67.024],[14.271,67.043],[14.246,67.05],[14.272,67.06],[14.53,67.048],[14.568,67.018],[14.596,67.043],[14.581,67.058],[14.267,67.084],[14.336,67.125],[14.328,67.147],[14.363,67.16],[14.452,67.166],[14.416,67.129],[14.423,67.109],[14.473,67.139],[14.459,67.153],[14.677,67.16],[14.743,67.118],[14.747,67.145],[14.723,67.161],[14.514,67.18],[14.604,67.204],[14.652,67.185],[14.781,67.214],[14.979,67.214],[14.925,67.201],[14.933,67.18],[14.891,67.153],[14.994,67.099],[15.008,67.102],[15.004,67.115],[14.932,67.153],[15.02,67.204],[15.095,67.213],[15.13,67.196],[15.219,67.192],[15.383,67.157],[15.395,67.142],[15.377,67.098],[15.501,67.07],[15.439,67.098],[15.439,67.119],[15.48,67.153],[15.377,67.201],[15.455,67.214],[15.74,67.173],[15.693,67.207],[15.706,67.214],[15.606,67.203],[15.408,67.236],[15.287,67.206],[15.261,67.214],[15.329,67.226],[15.342,67.242],[15.063,67.248],[15.138,67.27],[15.165,67.31],[15.014,67.292],[14.99,67.27],[14.775,67.27],[14.835,67.255],[14.674,67.217],[14.617,67.214],[14.695,67.248],[14.699,67.276],[14.682,67.278],[14.576,67.252],[14.328,67.242],[14.411,67.27],[14.602,67.377],[14.605,67.394],[14.576,67.399],[14.617,67.406],[14.623,67.421],[14.8,67.422],[14.822,67.406],[14.795,67.386],[14.825,67.378],[15.049,67.447],[14.822,67.447],[14.843,67.461],[14.784,67.462],[14.769,67.481],[14.727,67.489],[14.794,67.525],[15.059,67.577],[15.159,67.536],[15.107,67.53],[15.008,67.564],[14.987,67.55],[15.055,67.516],[15.01,67.487],[14.829,67.475],[15.017,67.469],[15.176,67.521],[15.213,67.489],[15.151,67.481],[15.172,67.467],[15.138,67.42],[15.217,67.45],[15.241,67.479],[15.429,67.483],[15.473,67.461],[15.542,67.379],[15.549,67.351],[15.645,67.303],[15.604,67.28],[15.658,67.276],[15.7,67.303],[15.621,67.334],[15.585,67.396],[15.514,67.427],[15.583,67.461],[15.529,67.467],[15.598,67.51],[15.786,67.551],[15.898,67.557],[15.868,67.573],[15.668,67.552],[15.499,67.51],[15.239,67.529],[15.228,67.559],[15.261,67.577],[15.241,67.584],[15.276,67.594],[15.411,67.583],[15.436,67.56],[15.466,67.577],[15.419,67.605],[15.439,67.612],[15.407,67.631],[15.37,67.625],[15.384,67.612],[15.359,67.605],[15.275,67.625],[15.194,67.609],[15.179,67.618],[15.196,67.645],[15.337,67.687],[15.275,67.694],[15.301,67.72],[15.542,67.674],[15.514,67.694],[15.658,67.68],[15.548,67.711],[15.487,67.699],[15.405,67.735],[15.597,67.749],[15.8,67.679],[15.837,67.694],[15.782,67.708],[15.789,67.728],[15.631,67.762],[15.693,67.796],[15.595,67.774],[15.411,67.796],[15.446,67.832],[15.433,67.861],[15.405,67.824],[15.369,67.865],[15.357,67.851],[15.384,67.804],[15.182,67.715],[14.836,67.643],[14.727,67.659],[14.877,67.7],[14.781,67.715],[14.793,67.729],[15.117,67.742],[15.015,67.747],[14.994,67.769],[15.035,67.783],[14.829,67.762],[14.843,67.769],[14.831,67.792],[14.779,67.785],[14.754,67.804],[14.773,67.816],[15.103,67.851],[15.076,67.862],[14.85,67.845],[14.899,67.873],[14.999,67.895],[15.192,67.886],[15.233,67.872],[15.201,67.86],[15.199,67.831],[15.302,67.89],[15.483,67.918],[15.543,67.917],[15.503,67.875],[15.533,67.852],[15.535,67.89],[15.604,67.931],[15.752,67.952],[15.821,67.938],[15.841,67.901],[15.86,67.9],[15.886,67.939],[15.945,67.966],[15.969,68.009],[16.063,68.009],[15.85,68.037],[15.898,68.067],[15.865,68.068],[15.789,68.034],[15.602,68.038],[15.545,68.075],[15.384,68.023],[15.439,68.009],[15.398,67.995],[15.357,67.996],[15.282,68.037],[15.463,68.124],[15.508,68.132],[15.504,68.105],[15.529,68.091],[15.538,68.112],[15.583,68.112],[15.63,68.135],[15.644,68.169],[15.666,68.167],[15.658,68.153],[15.734,68.14],[15.7,68.126],[15.737,68.103],[15.71,68.085],[15.617,68.091],[15.628,68.053],[15.666,68.05],[15.657,68.067],[15.669,68.072],[15.844,68.096],[15.925,68.132],[15.872,68.17],[15.871,68.187],[15.942,68.186],[15.95,68.239],[15.98,68.25],[16.038,68.243],[16.063,68.201],[16.028,68.181],[16.042,68.162],[16.097,68.173],[16.104,68.16],[16.07,68.112],[16.09,68.074],[16.084,68.057],[16.042,68.03],[16.193,67.982],[16.211,67.959],[16.22,67.893],[16.237,67.884],[16.485,67.798],[16.515,67.804],[16.46,67.818],[16.444,67.832],[16.453,67.851],[16.269,67.889],[16.255,67.9],[16.275,67.927],[16.275,67.975],[16.207,68.003],[16.274,68.006],[16.413,67.906],[16.467,67.9],[16.446,67.927],[16.467,67.94],[16.396,67.959],[16.334,68.002],[16.38,68.009],[16.452,67.963],[16.542,67.961],[16.463,67.978],[16.501,68.016],[16.365,68.03],[16.389,68.059],[16.464,68.094],[16.663,68.051],[16.689,68.071],[16.577,68.085],[16.501,68.119],[16.346,68.082],[16.289,68.091],[16.303,68.112],[16.241,68.132],[16.32,68.126],[16.36,68.144],[16.402,68.137],[16.413,68.146],[16.399,68.153],[16.416,68.159],[16.473,68.153],[16.413,68.187],[16.59,68.167],[16.467,68.201],[16.453,68.228],[16.406,68.208],[16.172,68.204],[16.162,68.211],[16.183,68.221],[16.356,68.239],[16.103,68.283],[16.172,68.318],[16.282,68.307],[16.317,68.283],[16.388,68.284],[16.508,68.255],[16.56,68.233],[16.563,68.194],[16.803,68.132],[16.731,68.177],[16.612,68.219],[16.593,68.239],[16.604,68.256],[16.567,68.276],[16.412,68.299],[16.318,68.329],[16.264,68.324],[16.241,68.332],[16.282,68.345],[16.22,68.351],[16.423,68.389],[16.695,68.405],[16.87,68.373],[16.879,68.355],[16.824,68.324],[17.127,68.373],[17.183,68.338],[17.197,68.3],[17.224,68.284],[17.331,68.256],[17.31,68.232],[17.331,68.208],[17.319,68.17],[17.334,68.167],[17.364,68.184],[17.352,68.226],[17.42,68.236],[17.39,68.267],[17.223,68.34],[17.206,68.373],[17.256,68.393],[17.248,68.406],[17.328,68.408],[17.577,68.359],[17.365,68.413],[17.395,68.423],[17.54,68.428],[17.709,68.412],[17.817,68.385],[17.872,68.393],[17.612,68.451],[17.468,68.448],[17.547,68.53],[17.365,68.503],[17.26,68.455],[17.047,68.434],[17.002,68.448],[17.081,68.458],[17.092,68.481],[16.988,68.51],[16.849,68.449],[16.535,68.438],[16.501,68.451],[16.465,68.51],[16.542,68.544],[16.621,68.534],[16.628,68.551],[16.573,68.569],[16.563,68.592],[16.597,68.63],[16.961,68.705],[16.993,68.708],[17.081,68.664],[17.084,68.646],[17.149,68.632],[17.187,68.639],[17.18,68.648],[17.1,68.67],[17.101,68.691],[17.25,68.724],[17.37,68.711],[17.46,68.667],[17.577,68.674],[17.679,68.66],[17.621,68.681],[17.494,68.69],[17.403,68.744],[17.374,68.75],[17.324,68.732],[17.234,68.756],[17.461,68.815],[17.565,68.789],[17.722,68.778],[17.783,68.749],[17.783,68.778],[17.739,68.791],[17.468,68.831],[17.707,68.893],[17.769,68.872],[17.851,68.873],[17.826,68.894],[17.707,68.914],[17.721,68.934],[17.426,68.899],[17.48,68.948],[17.534,68.961],[17.53,68.987],[17.488,68.996],[17.679,69.092],[17.632,69.106],[17.659,69.117],[17.869,69.121],[17.959,69.149],[18.152,69.154],[18.071,69.178],[18.105,69.229],[17.989,69.235],[18.016,69.304],[18.139,69.353],[18.131,69.369],[18.18,69.408],[18.152,69.448],[18.158,69.46],[18.301,69.487],[18.382,69.431],[18.365,69.392],[18.487,69.382],[18.509,69.356],[18.496,69.29],[18.516,69.276],[18.502,69.235],[18.533,69.278],[18.538,69.348],[18.565,69.365],[18.602,69.3],[18.692,69.263],[18.703,69.263],[18.703,69.288],[18.674,69.304],[18.735,69.324],[18.824,69.325],[19.005,69.286],[19.014,69.299],[18.955,69.328],[18.665,69.369],[18.607,69.39],[18.578,69.431],[18.455,69.454],[18.489,69.482],[18.469,69.504],[18.474,69.516],[18.853,69.552],[18.864,69.522],[18.844,69.503],[18.894,69.498],[18.935,69.446],[19.01,69.428],[19.014,69.397],[19.146,69.353],[19.347,69.344],[19.379,69.322],[19.351,69.29],[19.285,69.276],[19.215,69.282],[19.167,69.267],[19.178,69.253],[19.251,69.274],[19.272,69.252],[19.249,69.243],[19.301,69.224],[19.379,69.243],[19.477,69.221],[19.509,69.229],[19.449,69.26],[19.441,69.284],[19.455,69.318],[19.43,69.342],[19.325,69.384],[19.119,69.386],[19.078,69.435],[19.001,69.464],[18.993,69.483],[19.006,69.506],[19.069,69.533],[19.195,69.55],[19.263,69.523],[19.229,69.568],[19.053,69.552],[19.016,69.534],[18.958,69.561],[18.944,69.615],[19.085,69.693],[19.098,69.736],[19.201,69.753],[19.249,69.777],[19.444,69.777],[19.737,69.813],[19.784,69.804],[19.731,69.757],[19.729,69.723],[19.674,69.682],[19.727,69.642],[19.63,69.52],[19.626,69.496],[19.65,69.46],[19.582,69.437],[19.53,69.4],[19.688,69.445],[19.725,69.516],[19.708,69.531],[19.757,69.6],[19.743,69.613],[19.929,69.605],[20.06,69.579],[20.113,69.585],[20.032,69.588],[19.858,69.627],[19.824,69.682],[19.824,69.712],[19.878,69.744],[19.872,69.763],[19.945,69.794],[19.989,69.839],[20.009,69.835],[19.969,69.763],[20.007,69.769],[20.168,69.942],[20.171,69.88],[20.207,69.859],[20.208,69.932],[20.293,69.971],[20.425,69.877],[20.319,69.682],[20.383,69.635],[20.383,69.599],[20.274,69.561],[20.304,69.544],[20.27,69.517],[20.278,69.485],[20.242,69.46],[20.216,69.469],[20.169,69.394],[19.982,69.339],[20.003,69.325],[19.917,69.269],[19.948,69.263],[20.07,69.336],[20.277,69.392],[20.354,69.468],[20.441,69.523],[20.452,69.556],[20.482,69.578],[20.647,69.521],[20.853,69.496],[20.718,69.528],[20.648,69.585],[20.492,69.627],[20.488,69.648],[20.542,69.705],[20.535,69.73],[20.482,69.763],[20.643,69.773],[20.785,69.802],[20.825,69.842],[20.792,69.88],[21.093,69.948],[20.894,69.853],[20.955,69.846],[20.969,69.832],[20.941,69.819],[21.021,69.788],[21.051,69.798],[20.996,69.825],[21.069,69.843],[21.058,69.86],[21.17,69.876],[21.189,69.87],[21.181,69.855],[21.127,69.811],[21.179,69.819],[21.223,69.845],[21.209,69.907],[21.326,69.907],[21.209,69.935],[21.225,69.975],[21.29,70.021],[21.393,70.029],[21.558,69.989],[21.57,69.965],[21.606,69.955],[21.579,69.928],[21.609,69.912],[21.758,69.883],[21.905,69.825],[21.957,69.778],[22.052,69.75],[21.977,69.75],[22,69.74],[22.086,69.74],[22.098,69.75],[22.059,69.77],[22.056,69.794],[21.916,69.839],[22.018,69.845],[22.012,69.86],[21.93,69.879],[21.914,69.945],[21.929,69.983],[22.024,69.986],[22.035,69.979],[22.025,69.955],[22.052,69.938],[22.052,70.017],[22.114,70.03],[21.866,70.012],[21.798,70.037],[21.839,70.055],[22.005,70.061],[22.083,70.097],[22.099,70.12],[21.958,70.085],[21.839,70.092],[21.805,70.071],[21.719,70.061],[21.613,70.099],[21.482,70.099],[21.437,70.15],[21.497,70.175],[21.312,70.168],[21.209,70.208],[21.27,70.239],[21.439,70.269],[21.445,70.238],[21.49,70.208],[21.518,70.305],[21.553,70.321],[21.586,70.312],[21.589,70.287],[21.613,70.27],[21.709,70.25],[21.874,70.147],[21.86,70.202],[21.895,70.208],[21.827,70.227],[21.806,70.257],[21.987,70.323],[22.032,70.318],[21.984,70.284],[22.105,70.304],[22.117,70.233],[22.153,70.247],[22.141,70.284],[22.306,70.287],[22.315,70.273],[22.258,70.23],[22.292,70.168],[22.237,70.14],[22.275,70.135],[22.405,70.147],[22.559,70.127],[22.507,70.147],[22.326,70.168],[22.374,70.25],[22.401,70.258],[22.587,70.242],[22.604,70.218],[22.967,70.207],[22.971,70.189],[22.837,70.12],[22.553,70.086],[22.435,70.089],[22.285,70.044],[22.867,70.106],[23.019,70.147],[22.998,70.082],[23.02,70.038],[23.128,70.034],[23.12,69.999],[23.149,69.976],[23.094,69.955],[23.125,69.944],[23.314,69.997],[23.339,69.978],[23.31,69.95],[23.33,69.948],[23.467,69.986],[23.539,70.024],[23.297,70.04],[23.176,70.092],[23.358,70.115],[23.402,70.14],[23.299,70.168],[23.403,70.181],[23.422,70.195],[23.281,70.198],[23.244,70.216],[23.532,70.244],[23.47,70.256],[23.292,70.244],[23.313,70.257],[23.614,70.305],[23.512,70.298],[23.546,70.325],[23.464,70.318],[23.513,70.366],[23.751,70.449],[23.84,70.497],[23.918,70.509],[24.186,70.494],[24.35,70.456],[24.355,70.472],[24.231,70.524],[24.103,70.541],[24.264,70.606],[24.282,70.658],[24.352,70.691],[24.478,70.683],[24.647,70.618],[24.723,70.621],[24.739,70.644],[24.725,70.665],[24.662,70.688],[24.642,70.703],[24.656,70.709],[24.532,70.75],[24.292,70.764],[24.245,70.784],[24.268,70.8],[24.269,70.838],[24.396,70.867],[24.409,70.846],[24.466,70.834],[24.464,70.818],[24.635,70.78],[24.65,70.799],[24.601,70.825],[24.613,70.859],[24.71,70.859],[24.725,70.873],[24.608,70.894],[24.629,70.908],[24.574,70.935],[24.656,70.95],[24.588,70.963],[24.637,70.976],[24.783,70.966],[24.86,70.928],[24.82,70.908],[24.985,70.914],[24.968,70.93],[24.988,70.958],[24.971,70.963],[25.033,70.971],[25.063,70.958],[25.053,70.928],[24.989,70.891],[24.916,70.873],[24.971,70.876],[25.067,70.853],[25.076,70.884],[25.154,70.92],[25.242,70.862],[25.266,70.825],[25.246,70.791],[25.295,70.813],[25.342,70.812],[25.392,70.884],[25.397,70.901],[25.342,70.953],[25.365,70.976],[25.536,70.923],[25.512,70.887],[25.423,70.86],[25.442,70.841],[25.512,70.87],[25.553,70.853],[25.589,70.881],[25.663,70.895],[25.706,70.896],[25.756,70.86],[25.791,70.881],[25.882,70.896],[25.926,70.864],[25.753,70.784],[25.629,70.764],[25.657,70.736],[25.62,70.712],[25.447,70.662],[25.354,70.607],[25.101,70.523],[25.074,70.503],[25.246,70.528],[25.287,70.511],[25.243,70.487],[25.06,70.49],[25.098,70.471],[25.243,70.478],[25.287,70.456],[25.252,70.448],[25.257,70.386],[25.198,70.4],[25.081,70.359],[25.136,70.353],[25.105,70.336],[25.122,70.318],[25.187,70.339],[25.209,70.317],[24.98,70.229],[24.97,70.177],[24.947,70.158],[24.943,70.102],[24.963,70.08],[25.037,70.064],[25.033,70.092],[25.006,70.119],[25.012,70.134],[25.095,70.154],[25.074,70.127],[25.136,70.127],[25.081,70.106],[25.114,70.082],[25.229,70.092],[25.253,70.101],[25.324,70.182],[25.395,70.2],[25.451,70.249],[25.54,70.298],[25.423,70.325],[25.441,70.342],[25.656,70.441],[25.869,70.564],[25.991,70.607],[26.071,70.712],[26.136,70.723],[26.164,70.758],[26.374,70.868],[26.614,70.949],[26.691,70.956],[26.678,70.942],[26.725,70.928],[26.73,70.888],[26.664,70.849],[26.68,70.827],[26.746,70.832],[26.692,70.773],[26.691,70.736],[26.64,70.707],[26.342,70.648],[26.375,70.638],[26.537,70.662],[26.657,70.641],[26.602,70.559],[26.606,70.544],[26.561,70.518],[26.581,70.477],[26.521,70.448],[26.513,70.432],[26.527,70.408],[26.506,70.363],[26.554,70.353],[26.595,70.38],[26.65,70.38],[26.634,70.413],[26.753,70.427],[26.799,70.455],[26.812,70.48],[26.945,70.483],[26.931,70.466],[26.948,70.462],[27.102,70.47],[26.976,70.527],[26.966,70.538],[27.007,70.559],[26.973,70.565],[26.992,70.583],[27.081,70.613],[27.267,70.585],[27.1,70.641],[27.157,70.681],[27.081,70.703],[27.111,70.729],[27.329,70.743],[27.342,70.758],[27.28,70.775],[27.324,70.824],[27.63,70.805],[27.48,70.825],[27.534,70.846],[27.453,70.879],[27.391,70.876],[27.387,70.892],[27.41,70.914],[27.335,70.884],[27.191,70.895],[27.123,70.922],[27.134,70.95],[27.171,70.967],[27.349,70.942],[27.308,70.973],[27.232,70.997],[27.222,71.019],[27.253,71.026],[27.476,71.007],[27.509,70.969],[27.554,70.955],[27.576,70.969],[27.564,70.994],[27.583,71.017],[27.533,71.029],[27.525,71.074],[27.569,71.097],[27.642,71.095],[27.65,71.127],[27.716,71.104],[27.725,71.09],[27.698,71.066],[27.722,71.06],[27.877,71.038],[28.043,71.071],[28.081,71.041],[28.191,71.086],[28.261,71.056],[28.199,71.017],[28.219,71.017],[28.185,70.997],[28.24,71.011],[28.205,70.983],[28.233,70.977],[28.343,71.004],[28.491,71],[28.549,70.973],[28.483,70.889],[28.369,70.887],[28.445,70.866],[28.343,70.846],[28.363,70.825],[28.225,70.832],[28.301,70.812],[28.266,70.795],[28.18,70.783],[28.023,70.793],[27.999,70.816],[27.951,70.798],[27.76,70.791],[27.828,70.771],[27.774,70.744],[27.9,70.768],[28.007,70.743],[28.131,70.736],[28.072,70.703],[27.933,70.687],[27.65,70.606],[27.795,70.614],[28.154,70.678],[28.253,70.716],[28.283,70.718],[28.301,70.703],[28.288,70.654],[28.233,70.615],[27.849,70.483],[27.884,70.428],[27.915,70.473],[27.945,70.489],[27.98,70.497],[27.938,70.47],[28.185,70.503],[28.052,70.46],[28.05,70.443],[28.131,70.47],[28.104,70.454],[28.127,70.442],[28.253,70.51],[28.335,70.518],[28.161,70.383],[28.173,70.333],[28.158,70.247],[28.178,70.182],[28.167,70.135],[28.1,70.088],[28.014,70.071],[28.066,70.063],[28.184,70.116],[28.225,70.174],[28.199,70.216],[28.191,70.284],[28.225,70.346],[28.233,70.399],[28.321,70.439],[28.329,70.47],[28.39,70.493],[28.459,70.49],[28.469,70.455],[28.507,70.449],[28.5,70.483],[28.555,70.511],[28.459,70.518],[28.397,70.548],[28.402,70.559],[28.517,70.678],[28.62,70.678],[28.526,70.722],[28.555,70.75],[28.795,70.873],[29.083,70.881],[29.102,70.869],[29.062,70.86],[29.221,70.855],[29.261,70.84],[29.282,70.805],[29.405,70.784],[29.295,70.744],[29.418,70.736],[29.322,70.723],[29.364,70.709],[29.281,70.681],[29.295,70.675],[29.281,70.661],[29.306,70.653],[29.392,70.697],[29.746,70.743],[29.779,70.727],[29.782,70.689],[29.679,70.62],[29.823,70.634],[29.959,70.705],[30.07,70.716],[30.207,70.681],[30.097,70.648],[30.241,70.634],[30.347,70.596],[30.125,70.552],[30.165,70.531],[30.001,70.538],[30.163,70.525],[30.502,70.559],[30.582,70.542],[30.599,70.53],[30.562,70.518],[30.732,70.468],[30.741,70.442],[30.787,70.421],[30.812,70.415],[30.926,70.456],[30.947,70.45],[31.063,70.367],[31.019,70.34],[31.022,70.325],[31.077,70.284],[30.934,70.264],[30.549,70.249],[30.515,70.239],[30.515,70.216],[30.489,70.203],[30.375,70.186],[30.357,70.161],[30.384,70.154],[30.355,70.13],[30.119,70.085],[30.159,70.071],[29.22,70.12],[28.654,70.182],[28.597,70.161],[28.754,70.168],[28.69,70.134],[28.61,70.12],[28.629,70.107],[28.733,70.099],[28.786,70.111],[28.85,70.092],[28.733,70.086],[28.924,70.074],[28.993,70.056],[29.138,70.058],[29.124,70.044],[29.193,70.037],[29.13,70.017],[29.158,70.009],[29.343,70.017],[29.686,69.97],[29.44,69.901],[29.364,69.86],[29.436,69.862],[29.535,69.914],[29.604,69.901],[29.741,69.907],[29.741,69.866],[29.775,69.839],[29.737,69.803],[29.649,69.772],[29.59,69.722],[29.508,69.709],[29.543,69.708],[29.487,69.661],[29.68,69.735],[29.902,69.736],[30.03,69.776],[30.063,69.77],[30.001,69.726],[29.937,69.706],[29.939,69.688],[29.952,69.705],[30.071,69.74],[30.115,69.706],[30.186,69.688],[30.111,69.756],[30.207,69.77],[30.209,69.784],[30.159,69.811],[30.165,69.88],[30.289,69.887],[30.324,69.867],[30.269,69.845],[30.372,69.848],[30.403,69.831],[30.41,69.702],[30.388,69.68],[30.337,69.674],[30.36,69.667],[30.444,69.678],[30.447,69.733],[30.467,69.747],[30.451,69.81],[30.699,69.809],[30.721,69.798],[30.7,69.783],[30.717,69.77],[30.841,69.806],[30.844,69.766],[30.877,69.738],[30.884,69.702],[30.928,69.672],[30.927,69.578],[30.898,69.544],[30.755,69.521],[30.512,69.536],[30.231,69.637],[30.119,69.635],[30.209,69.609],[30.232,69.558],[30.211,69.528],[30.155,69.506],[30.123,69.442],[29.948,69.366],[29.751,69.357],[29.604,69.315],[29.377,69.302],[29.335,69.277],[29.302,69.201],[29.221,69.098],[29.12,69.047],[28.954,69.027],[28.828,69.091],[28.852,69.204],[29.229,69.377],[29.345,69.464],[29.203,69.586],[29.131,69.674],[28.405,69.802],[28.38,69.822],[28.381,69.856],[28.167,69.894],[27.927,70.053],[27.867,70.075],[27.792,70.059],[27.613,70.062],[27.563,70.024],[27.335,69.969],[27.323,69.96],[27.352,69.949],[27.312,69.929],[27.1,69.902],[26.865,69.938],[26.534,69.925],[26.436,69.874],[26.448,69.856],[26.419,69.836],[26.317,69.795],[26.198,69.715],[26.032,69.697],[25.969,69.663],[25.964,69.643],[26.005,69.611],[26.004,69.587],[25.96,69.549],[25.887,69.521],[25.906,69.502],[25.886,69.479],[25.887,69.455],[25.841,69.418],[25.877,69.371],[25.787,69.313],[25.737,69.218],[25.734,69.191],[25.771,69.135],[25.75,69.059],[25.766,69.031],[25.801,69.013],[25.796,68.993],[25.754,68.978],[25.726,68.942],[25.628,68.874],[25.434,68.884],[25.201,68.813],[25.15,68.765],[25.132,68.648],[24.952,68.605],[24.927,68.57],[24.879,68.555],[24.754,68.638],[24.663,68.666],[24.332,68.709],[24.187,68.745],[24.131,68.776],[23.929,68.816],[23.787,68.8],[23.735,68.715],[23.482,68.686],[23.198,68.618],[23.071,68.681],[22.852,68.676],[22.57,68.727],[22.409,68.713],[22.371,68.823],[22.277,68.857],[22.2,68.908],[22.161,68.956],[22.023,69.012],[21.639,69.271],[21.314,69.291],[21.098,69.239],[21.034,69.181],[21.156,69.088],[21.072,69.037],[20.744,69.104],[20.623,69.036]]],[[[14.872,68.223],[14.796,68.246],[14.887,68.301],[14.94,68.302],[14.953,68.277],[14.872,68.223]]],[[[14.199,68.315],[14.241,68.314],[14.268,68.283],[14.242,68.257],[14.201,68.249],[14.143,68.274],[14.146,68.296],[14.059,68.297],[14.04,68.313],[14.079,68.315],[14.066,68.332],[14.117,68.337],[14.199,68.315]]],[[[14.028,68.263],[14.087,68.283],[14.159,68.255],[14.111,68.207],[14.062,68.201],[14.034,68.181],[13.91,68.168],[13.876,68.181],[13.842,68.16],[13.774,68.16],[13.842,68.132],[13.826,68.107],[13.774,68.102],[13.75,68.123],[13.723,68.123],[13.698,68.098],[13.719,68.078],[13.644,68.071],[13.623,68.085],[13.625,68.108],[13.559,68.12],[13.541,68.102],[13.565,68.082],[13.527,68.043],[13.457,68.071],[13.486,68.107],[13.589,68.16],[13.563,68.164],[13.479,68.132],[13.513,68.16],[13.479,68.167],[13.528,68.173],[13.479,68.187],[13.516,68.21],[13.616,68.227],[13.5,68.242],[13.637,68.294],[13.791,68.268],[13.874,68.326],[13.919,68.341],[13.983,68.337],[14.008,68.294],[13.967,68.27],[14.028,68.263]]],[[[14.763,68.495],[14.717,68.491],[14.704,68.513],[14.604,68.559],[14.669,68.587],[15,68.555],[14.991,68.531],[14.892,68.495],[14.763,68.495]]],[[[5.277,59.299],[5.318,59.257],[5.297,59.169],[5.209,59.143],[5.166,59.196],[5.165,59.273],[5.179,59.292],[5.228,59.286],[5.174,59.334],[5.209,59.375],[5.188,59.384],[5.186,59.415],[5.209,59.416],[5.28,59.33],[5.277,59.299]]],[[[5.307,59.759],[5.345,59.71],[5.291,59.684],[5.27,59.683],[5.31,59.703],[5.289,59.75],[5.27,59.752],[5.273,59.735],[5.261,59.734],[5.226,59.755],[5.194,59.745],[5.194,59.714],[5.154,59.67],[5.16,59.655],[5.209,59.683],[5.188,59.656],[5.202,59.615],[5.153,59.592],[5.115,59.636],[5.117,59.686],[5.188,59.759],[5.125,59.762],[5.118,59.779],[5.09,59.762],[5.071,59.783],[5.099,59.827],[5.146,59.827],[5.105,59.868],[5.154,59.875],[5.168,59.85],[5.22,59.827],[5.227,59.807],[5.26,59.803],[5.307,59.759]]],[[[5.489,59.861],[5.498,59.803],[5.422,59.759],[5.39,59.759],[5.358,59.772],[5.4,59.771],[5.402,59.787],[5.378,59.793],[5.352,59.778],[5.314,59.789],[5.256,59.875],[5.25,59.909],[5.298,59.951],[5.275,59.96],[5.283,59.967],[5.326,59.977],[5.421,59.938],[5.489,59.861]]],[[[5.619,60.074],[5.657,60.079],[5.66,60.066],[5.653,60.001],[5.605,59.962],[5.64,59.916],[5.572,59.923],[5.508,59.899],[5.477,59.963],[5.454,59.951],[5.41,59.958],[5.362,59.995],[5.449,60.005],[5.44,60.032],[5.462,60.053],[5.595,60.06],[5.619,60.074]]],[[[5.112,60.201],[5.057,60.194],[5.036,60.238],[5.023,60.245],[5.017,60.221],[4.993,60.225],[4.948,60.259],[4.941,60.291],[5.023,60.286],[5.037,60.313],[5.02,60.308],[4.971,60.333],[4.961,60.368],[4.972,60.384],[4.949,60.439],[4.977,60.441],[5.002,60.4],[5.094,60.32],[5.098,60.298],[5.083,60.286],[5.05,60.286],[5.099,60.251],[5.112,60.201]]],[[[4.978,60.524],[4.961,60.56],[5.026,60.523],[5.15,60.501],[5.194,60.471],[5.204,60.432],[5.125,60.402],[5.116,60.428],[5.133,60.444],[5.064,60.465],[5.078,60.478],[5.063,60.477],[5.054,60.502],[5.006,60.498],[4.978,60.524]]],[[[5.688,60.677],[5.681,60.482],[5.625,60.467],[5.609,60.444],[5.502,60.437],[5.324,60.547],[5.409,60.558],[5.57,60.625],[5.608,60.688],[5.688,60.677]]],[[[4.961,61.177],[4.985,61.105],[4.894,61.056],[4.858,61.101],[4.803,61.047],[4.795,61.154],[4.831,61.163],[4.851,61.129],[4.863,61.122],[4.872,61.136],[4.845,61.197],[4.873,61.195],[4.895,61.137],[4.9,61.17],[4.934,61.177],[4.92,61.191],[4.961,61.177]]],[[[4.865,61.889],[4.953,61.897],[5.223,61.848],[5.177,61.826],[5.118,61.821],[5.139,61.837],[5.126,61.856],[5.053,61.809],[4.916,61.781],[4.89,61.785],[4.871,61.813],[4.9,61.807],[4.927,61.828],[4.803,61.842],[4.865,61.873],[4.865,61.889]]],[[[5.736,62.28],[5.801,62.277],[5.784,62.243],[5.798,62.232],[5.778,62.207],[5.701,62.191],[5.547,62.193],[5.502,62.226],[5.606,62.226],[5.518,62.243],[5.557,62.26],[5.544,62.273],[5.563,62.291],[5.696,62.302],[5.736,62.28]]],[[[5.989,62.396],[6,62.366],[6.079,62.342],[5.874,62.255],[5.811,62.246],[5.852,62.28],[5.832,62.287],[5.841,62.313],[5.804,62.362],[5.816,62.386],[5.917,62.43],[5.989,62.396]]],[[[6.263,62.424],[6.321,62.423],[6.333,62.411],[6.318,62.404],[6.165,62.397],[6.091,62.402],[6.023,62.437],[6.202,62.445],[6.263,62.424]]],[[[6.853,62.746],[6.904,62.733],[6.919,62.717],[6.914,62.698],[6.672,62.656],[6.647,62.678],[6.681,62.698],[6.685,62.73],[6.744,62.723],[6.853,62.746]]],[[[6.832,62.842],[6.924,62.857],[6.942,62.826],[6.88,62.808],[6.904,62.79],[6.887,62.775],[6.77,62.817],[6.804,62.822],[6.778,62.84],[6.79,62.858],[6.832,62.842]]],[[[7.778,63.082],[7.887,63.1],[7.915,63.082],[7.873,63.045],[7.778,63.02],[7.681,63.055],[7.726,63.094],[7.778,63.082]]],[[[7.64,63.055],[7.706,63.007],[7.624,62.99],[7.527,62.946],[7.49,62.945],[7.367,62.997],[7.436,63.02],[7.417,63.036],[7.436,63.048],[7.401,63.061],[7.49,63.068],[7.476,63.055],[7.527,63.047],[7.565,63.02],[7.575,63.044],[7.563,63.051],[7.606,63.078],[7.585,63.117],[7.648,63.11],[7.64,63.055]]],[[[8.113,63.239],[8.156,63.211],[8.188,63.157],[8.02,63.138],[7.977,63.143],[7.928,63.178],[8.078,63.241],[8.113,63.239]]],[[[8.484,63.247],[8.575,63.2],[8.566,63.178],[8.423,63.161],[8.345,63.176],[8.264,63.233],[8.288,63.277],[8.326,63.26],[8.354,63.267],[8.396,63.227],[8.408,63.239],[8.401,63.272],[8.429,63.288],[8.484,63.247]]],[[[7.915,63.342],[7.997,63.342],[7.806,63.371],[7.778,63.411],[7.924,63.437],[8.004,63.473],[8.101,63.464],[8.124,63.426],[8.182,63.39],[8.087,63.329],[7.977,63.315],[7.915,63.342]]],[[[9.139,63.568],[9.176,63.562],[9.107,63.533],[8.859,63.487],[8.718,63.484],[8.504,63.434],[8.39,63.434],[8.333,63.459],[8.299,63.446],[8.278,63.467],[8.317,63.513],[8.413,63.558],[8.723,63.568],[8.545,63.602],[8.788,63.64],[8.828,63.64],[8.846,63.616],[8.868,63.646],[8.965,63.656],[8.977,63.644],[8.957,63.63],[8.988,63.593],[9.08,63.606],[9.139,63.568]]],[[[8.36,63.671],[8.313,63.668],[8.272,63.685],[8.518,63.72],[8.743,63.774],[8.675,63.768],[8.737,63.809],[8.805,63.815],[8.792,63.795],[8.811,63.782],[8.826,63.734],[8.792,63.698],[8.743,63.688],[8.476,63.664],[8.456,63.671],[8.526,63.692],[8.36,63.671]]],[[[11.286,64.559],[11.312,64.54],[11.426,64.54],[11.451,64.515],[11.417,64.473],[11.316,64.488],[11.284,64.513],[11.18,64.507],[11.129,64.556],[11.142,64.571],[11.225,64.57],[11.192,64.596],[11.084,64.588],[11.037,64.614],[11.054,64.644],[11.086,64.652],[11.229,64.611],[11.269,64.592],[11.286,64.559]]],[[[11.091,64.902],[11.006,64.899],[10.907,64.857],[10.827,64.85],[11.101,64.953],[11.266,64.899],[11.217,64.866],[11.132,64.839],[11.046,64.85],[11.091,64.902]]],[[[10.841,64.877],[10.738,64.85],[10.745,64.864],[10.711,64.864],[10.766,64.918],[10.872,64.928],[11.032,64.973],[11.033,64.988],[11.115,64.973],[10.899,64.908],[10.841,64.877]]],[[[12.225,65.124],[12.309,65.111],[12.3,65.097],[12.157,65.055],[11.979,65.083],[12.048,65.085],[12.043,65.107],[12.061,65.118],[12.122,65.131],[12.093,65.136],[12.095,65.178],[12.167,65.211],[12.208,65.207],[12.272,65.165],[12.225,65.124]]],[[[12.451,65.426],[12.475,65.403],[12.507,65.398],[12.492,65.388],[12.336,65.332],[12.211,65.325],[12.211,65.303],[12.248,65.28],[12.081,65.215],[12.053,65.22],[12.122,65.303],[12.081,65.309],[12.122,65.357],[12.181,65.351],[12.211,65.378],[12.161,65.396],[12.328,65.467],[12.314,65.495],[12.259,65.473],[12.197,65.474],[12.232,65.487],[12.204,65.487],[12.24,65.526],[12.245,65.541],[12.225,65.549],[12.259,65.575],[12.274,65.582],[12.325,65.532],[12.397,65.508],[12.445,65.467],[12.451,65.426]]],[[[12.005,65.69],[11.958,65.665],[11.971,65.632],[11.917,65.59],[11.89,65.604],[11.859,65.598],[11.849,65.604],[11.869,65.61],[11.759,65.618],[11.824,65.693],[11.926,65.709],[12.005,65.69]]],[[[12.698,65.998],[12.86,66.027],[12.904,66.015],[12.89,66.001],[12.734,65.976],[12.466,65.873],[12.431,65.871],[12.479,65.898],[12.369,65.892],[12.491,65.991],[12.627,66.023],[12.65,66.015],[12.615,65.974],[12.698,65.998]]],[[[12.574,66.076],[12.294,66.015],[12.43,66.087],[12.342,66.083],[12.472,66.111],[12.487,66.135],[12.574,66.159],[12.504,66.176],[12.431,66.166],[12.543,66.202],[12.551,66.22],[12.595,66.205],[12.612,66.157],[12.547,66.131],[12.622,66.131],[12.588,66.111],[12.657,66.104],[12.574,66.076]]],[[[14.274,67.166],[14.24,67.115],[14.192,67.084],[14.215,67.032],[14.192,67.004],[14.158,67.001],[14.147,67.033],[14.1,67.062],[13.993,67.078],[14.062,67.119],[14.057,67.133],[14.152,67.107],[14.247,67.174],[14.274,67.166]]],[[[13.055,68.098],[13.157,68.085],[13.096,68.057],[13.137,68.05],[13.121,68.038],[13.05,68.025],[13.075,68.009],[13.111,68.028],[13.124,67.944],[13.04,67.94],[12.977,67.969],[12.986,67.948],[12.96,67.941],[13.047,67.915],[13.014,67.879],[12.897,67.856],[12.871,67.825],[12.787,67.81],[12.848,67.855],[12.842,67.879],[12.979,68.037],[13.062,68.071],[13.075,68.085],[13.055,68.098]]],[[[13.281,68.129],[13.296,68.152],[13.331,68.156],[13.438,68.126],[13.366,68.013],[13.322,68.03],[13.239,67.986],[13.216,68.037],[13.173,68.009],[13.168,68.05],[13.239,68.092],[13.328,68.063],[13.339,68.086],[13.281,68.129]]],[[[15,68.365],[14.945,68.351],[14.979,68.338],[14.736,68.255],[14.72,68.263],[14.723,68.28],[14.775,68.318],[14.719,68.338],[14.692,68.31],[14.703,68.297],[14.694,68.286],[14.624,68.263],[14.672,68.25],[14.615,68.225],[14.384,68.181],[14.322,68.187],[14.328,68.173],[14.312,68.168],[14.198,68.153],[14.22,68.176],[14.198,68.201],[14.356,68.242],[14.274,68.237],[14.253,68.25],[14.328,68.263],[14.306,68.274],[14.303,68.312],[14.358,68.321],[14.395,68.287],[14.425,68.283],[14.413,68.297],[14.443,68.318],[14.496,68.306],[14.466,68.345],[14.444,68.337],[14.438,68.359],[14.384,68.373],[14.493,68.386],[14.59,68.365],[14.542,68.406],[14.653,68.429],[14.708,68.378],[14.714,68.423],[14.761,68.434],[14.822,68.41],[14.822,68.39],[14.754,68.359],[14.784,68.354],[14.88,68.386],[14.897,68.434],[15.01,68.428],[15.063,68.449],[15.172,68.454],[15.034,68.363],[15.014,68.359],[15.014,68.379],[15,68.365]]],[[[16.423,68.492],[16.467,68.469],[16.372,68.448],[16.414,68.418],[16.399,68.413],[16.231,68.41],[16.124,68.379],[16.095,68.398],[16.172,68.428],[16.118,68.434],[16.169,68.499],[16.222,68.524],[16.359,68.535],[16.412,68.519],[16.423,68.492]]],[[[17.053,68.818],[17.146,68.77],[16.841,68.725],[16.817,68.736],[16.844,68.773],[16.911,68.797],[17.001,68.859],[17.016,68.86],[17.053,68.818]]],[[[17.206,68.893],[17.205,68.913],[17.225,68.921],[17.32,68.918],[17.406,68.892],[17.44,68.866],[17.3,68.804],[17.224,68.793],[17.178,68.815],[17.159,68.866],[17.087,68.899],[17.084,68.914],[17.105,68.925],[17.256,68.855],[17.282,68.858],[17.206,68.893]]],[[[16.529,68.722],[16.577,68.708],[16.535,68.681],[16.561,68.672],[16.559,68.655],[16.491,68.606],[16.506,68.568],[16.498,68.554],[16.347,68.56],[16.142,68.523],[16.106,68.539],[16.053,68.465],[16.012,68.447],[15.941,68.38],[15.876,68.369],[15.884,68.444],[15.871,68.495],[15.849,68.435],[15.774,68.431],[15.816,68.393],[15.748,68.425],[15.72,68.393],[15.727,68.373],[15.658,68.365],[15.706,68.359],[15.638,68.304],[15.583,68.304],[15.596,68.318],[15.528,68.338],[15.338,68.332],[15.323,68.351],[15.343,68.348],[15.406,68.392],[15.473,68.406],[15.611,68.475],[15.554,68.511],[15.542,68.51],[15.554,68.475],[15.439,68.418],[15.384,68.42],[15.279,68.373],[15.212,68.366],[15.185,68.351],[15.233,68.338],[15.134,68.308],[15.086,68.271],[15,68.253],[14.987,68.269],[15.007,68.283],[14.995,68.298],[15.009,68.314],[15.068,68.339],[15.193,68.435],[15.268,68.461],[15.357,68.461],[15.241,68.475],[15.248,68.486],[15.337,68.489],[15.282,68.495],[15.271,68.516],[15.179,68.523],[15.217,68.557],[15.312,68.559],[15.323,68.563],[15.309,68.579],[15.395,68.585],[15.452,68.557],[15.392,68.605],[15.452,68.598],[15.439,68.62],[15.549,68.626],[15.589,68.606],[15.631,68.612],[15.498,68.642],[15.442,68.682],[15.439,68.708],[15.45,68.729],[15.605,68.736],[15.714,68.701],[15.64,68.743],[15.501,68.743],[15.456,68.769],[15.452,68.811],[15.497,68.804],[15.529,68.825],[15.638,68.825],[15.549,68.852],[15.576,68.882],[15.624,68.886],[15.596,68.907],[15.645,68.955],[15.858,68.97],[15.907,68.959],[15.898,68.917],[15.924,68.886],[15.871,68.79],[15.761,68.736],[15.854,68.748],[15.956,68.792],[15.99,68.763],[15.933,68.684],[15.871,68.653],[15.774,68.633],[15.778,68.562],[15.74,68.53],[15.803,68.551],[15.817,68.611],[15.859,68.634],[16.005,68.678],[16.028,68.674],[16.061,68.63],[16.083,68.639],[16.081,68.673],[16.033,68.711],[16.107,68.741],[16.213,68.736],[16.201,68.761],[16.095,68.802],[16.097,68.831],[16.207,68.858],[16.284,68.84],[16.295,68.855],[16.262,68.867],[16.255,68.903],[16.315,68.87],[16.439,68.85],[16.456,68.815],[16.556,68.825],[16.494,68.79],[16.556,68.77],[16.526,68.761],[16.529,68.722]]],[[[16.566,68.968],[16.599,68.947],[16.587,68.897],[16.476,68.886],[16.395,68.902],[16.262,68.968],[16.306,68.995],[16.467,68.962],[16.566,68.968]]],[[[14.397,68.66],[14.37,68.687],[14.381,68.698],[14.542,68.736],[14.438,68.756],[14.488,68.795],[14.548,68.804],[14.572,68.746],[14.624,68.736],[14.59,68.749],[14.609,68.778],[14.644,68.79],[14.608,68.807],[14.628,68.83],[14.686,68.825],[14.687,68.757],[14.844,68.796],[14.884,68.79],[14.872,68.769],[14.907,68.76],[14.945,68.784],[14.953,68.818],[14.904,68.845],[14.953,68.866],[14.991,68.842],[15.006,68.794],[15.05,68.853],[15.159,68.818],[15.146,68.843],[15.069,68.879],[15.077,68.899],[15.009,68.963],[15.008,68.981],[15.084,69.011],[15.138,69.013],[15.168,68.988],[15.151,68.962],[15.207,68.94],[15.193,68.927],[15.241,68.914],[15.185,68.886],[15.214,68.882],[15.271,68.92],[15.295,68.907],[15.282,68.866],[15.241,68.825],[15.326,68.859],[15.384,68.852],[15.351,68.803],[15.275,68.797],[15.303,68.777],[15.275,68.763],[15.394,68.731],[15.398,68.694],[15.375,68.67],[15.063,68.579],[14.843,68.592],[14.863,68.605],[14.808,68.615],[14.816,68.638],[15.035,68.667],[15.089,68.695],[15.165,68.701],[15.147,68.726],[15.151,68.756],[15.026,68.771],[14.994,68.763],[15.069,68.749],[15.02,68.712],[14.959,68.708],[14.959,68.729],[14.901,68.681],[14.862,68.69],[14.828,68.673],[14.809,68.681],[14.815,68.715],[14.75,68.667],[14.679,68.708],[14.623,68.629],[14.558,68.627],[14.521,68.609],[14.417,68.62],[14.432,68.667],[14.397,68.66]]],[[[15.529,68.914],[15.464,68.882],[15.431,68.884],[15.419,68.914],[15.425,68.962],[15.46,69.013],[15.57,69.106],[15.791,69.161],[15.843,69.22],[15.871,69.229],[15.865,69.249],[15.975,69.287],[16.102,69.315],[16.15,69.291],[16.076,69.154],[15.946,69.102],[15.848,69.029],[15.632,68.987],[15.567,69.013],[15.529,69.009],[15.56,68.99],[15.57,68.962],[15.529,68.914]]],[[[18.071,69.438],[18.081,69.388],[18.099,69.376],[18.091,69.358],[17.923,69.332],[17.906,69.318],[17.926,69.284],[17.967,69.263],[17.879,69.249],[17.949,69.205],[18.009,69.201],[17.988,69.187],[17.488,69.154],[17.53,69.201],[17.472,69.2],[17.188,69.083],[17.159,69.05],[17.214,69.044],[17.129,69.012],[17.042,69.017],[17.058,69.039],[17.097,69.044],[17.084,69.05],[17.092,69.062],[17.138,69.072],[17.11,69.085],[16.823,69.054],[16.78,69.07],[16.773,69.088],[16.817,69.119],[16.896,69.104],[16.892,69.127],[17.056,69.133],[17.07,69.147],[17.056,69.16],[17.172,69.201],[17.049,69.181],[16.899,69.195],[16.919,69.215],[16.879,69.222],[16.945,69.237],[17.087,69.229],[17.146,69.256],[17.109,69.252],[17.089,69.29],[17.071,69.268],[17.04,69.268],[16.981,69.277],[17.008,69.298],[16.906,69.298],[16.898,69.312],[16.915,69.318],[17.132,69.311],[17.104,69.325],[17.118,69.331],[17.042,69.345],[17.111,69.353],[17.085,69.362],[16.879,69.359],[16.934,69.38],[16.927,69.394],[17.276,69.394],[17.399,69.366],[17.282,69.414],[17.447,69.414],[17.496,69.428],[17.243,69.455],[17.187,69.503],[17.246,69.496],[17.316,69.462],[17.303,69.482],[17.392,69.482],[17.303,69.523],[17.343,69.538],[17.645,69.462],[17.591,69.49],[17.566,69.523],[17.475,69.553],[17.46,69.572],[17.468,69.6],[17.517,69.597],[17.618,69.517],[17.658,69.508],[17.694,69.52],[17.666,69.541],[17.659,69.6],[17.688,69.6],[17.753,69.541],[17.818,69.587],[17.859,69.587],[17.893,69.537],[17.845,69.503],[17.825,69.466],[17.831,69.448],[17.858,69.452],[17.891,69.499],[17.944,69.523],[18.051,69.496],[17.982,69.482],[17.994,69.463],[17.984,69.45],[17.941,69.428],[18.002,69.41],[18.025,69.441],[18.071,69.438]]],[[[18.999,69.829],[19.061,69.787],[19.057,69.763],[18.915,69.699],[18.794,69.676],[18.769,69.647],[18.828,69.623],[18.836,69.604],[18.769,69.572],[18.626,69.578],[18.56,69.558],[18.194,69.531],[18.128,69.565],[18.021,69.577],[17.995,69.592],[18.037,69.619],[18.029,69.633],[18.237,69.629],[18.29,69.592],[18.322,69.618],[18.4,69.641],[18.291,69.639],[18.187,69.709],[18.214,69.714],[18.633,69.702],[18.352,69.73],[18.327,69.765],[18.382,69.798],[18.482,69.777],[18.483,69.751],[18.502,69.75],[18.557,69.796],[18.653,69.804],[18.641,69.756],[18.663,69.713],[18.707,69.687],[18.762,69.688],[18.737,69.706],[18.79,69.784],[18.674,69.847],[18.679,69.886],[18.764,69.87],[18.822,69.886],[18.858,69.866],[18.838,69.845],[18.999,69.829]]],[[[21.668,69.948],[21.736,69.948],[21.696,69.928],[21.668,69.948]]],[[[19.9,70.017],[19.948,70.027],[19.996,70.017],[19.9,70.017]]],[[[20.959,70.003],[21.099,70.01],[20.981,69.982],[20.975,69.963],[20.892,69.938],[20.805,69.948],[20.761,70],[20.802,70.038],[20.86,70.044],[20.959,70.003]]],[[[21.041,70.061],[21.047,70.039],[20.955,70.024],[20.992,70.051],[21.041,70.061]]],[[[19.619,70.017],[19.669,70.017],[19.683,69.986],[19.54,69.952],[19.509,69.908],[19.375,69.823],[19.122,69.788],[19.044,69.839],[18.764,69.915],[18.729,69.948],[18.884,69.945],[18.934,69.97],[18.845,69.982],[18.831,70],[18.845,70.015],[19.03,70.037],[19.074,70.016],[19.119,70.03],[19.068,70.061],[19.064,70.079],[19.119,70.073],[19.208,70.099],[19.227,70.094],[19.235,70.065],[19.299,70.086],[19.325,70.079],[19.292,70.031],[19.393,69.992],[19.42,69.989],[19.419,70.014],[19.438,70.033],[19.536,70.057],[19.575,70.048],[19.582,69.993],[19.619,70.017]]],[[[20.792,70.092],[20.794,70.068],[20.771,70.058],[20.688,70.071],[20.603,70.044],[20.588,70.046],[20.603,70.086],[20.592,70.106],[20.565,70.105],[20.565,70.079],[20.518,70.079],[20.521,70.062],[20.507,70.058],[20.432,70.068],[20.39,70.103],[20.4,70.15],[20.438,70.187],[20.545,70.208],[20.561,70.233],[20.734,70.237],[20.824,70.21],[20.771,70.116],[20.792,70.092]]],[[[19.982,70.147],[20.154,70.113],[20.024,70.092],[20.031,70.075],[19.978,70.06],[19.776,70.067],[19.749,70.086],[19.748,70.136],[19.692,70.189],[19.537,70.25],[19.592,70.25],[19.588,70.268],[19.678,70.29],[19.702,70.25],[19.791,70.211],[19.816,70.17],[19.845,70.175],[19.873,70.216],[19.891,70.214],[19.941,70.195],[19.938,70.164],[19.982,70.147]]],[[[22.922,70.305],[23.008,70.281],[23.019,70.265],[23.001,70.249],[22.732,70.257],[22.445,70.291],[22.374,70.332],[22.379,70.347],[22.421,70.362],[22.505,70.325],[22.47,70.353],[22.474,70.38],[22.53,70.364],[22.575,70.382],[22.6,70.367],[22.619,70.387],[22.648,70.373],[22.675,70.399],[22.714,70.337],[22.737,70.365],[22.73,70.387],[22.756,70.395],[22.828,70.334],[22.956,70.325],[22.922,70.305]]],[[[23.656,70.503],[23.628,70.49],[23.662,70.47],[23.593,70.415],[23.408,70.353],[23.319,70.342],[23.292,70.332],[23.382,70.318],[23.216,70.283],[23.105,70.283],[23.082,70.302],[23.135,70.385],[23.135,70.415],[23.039,70.341],[22.95,70.359],[22.854,70.408],[22.94,70.407],[22.964,70.421],[22.897,70.451],[22.998,70.477],[23.019,70.497],[23.124,70.521],[23.151,70.498],[23.223,70.518],[23.176,70.548],[23.262,70.536],[23.261,70.481],[23.279,70.477],[23.326,70.531],[23.305,70.535],[23.308,70.55],[23.408,70.531],[23.388,70.545],[23.413,70.562],[23.539,70.545],[23.436,70.585],[23.457,70.606],[23.391,70.618],[23.573,70.613],[23.56,70.606],[23.601,70.579],[23.58,70.531],[23.656,70.503]]],[[[24.067,70.661],[24.065,70.646],[24.128,70.62],[24.102,70.589],[24.012,70.568],[23.929,70.523],[23.804,70.513],[23.751,70.524],[23.697,70.572],[23.687,70.6],[23.642,70.6],[23.681,70.625],[23.656,70.648],[23.69,70.668],[23.636,70.692],[23.709,70.749],[23.816,70.751],[23.84,70.744],[23.828,70.73],[23.847,70.723],[23.819,70.709],[23.832,70.703],[23.978,70.707],[24.067,70.661]]],[[[22.422,70.511],[22.309,70.503],[22.293,70.514],[22.313,70.531],[22.286,70.542],[22.243,70.49],[22.154,70.472],[22.141,70.483],[22.186,70.535],[22.264,70.572],[22.237,70.579],[22.333,70.613],[22.041,70.594],[22.011,70.6],[22.072,70.634],[21.977,70.638],[21.95,70.648],[21.987,70.663],[22.222,70.632],[22.25,70.649],[22.23,70.675],[22.266,70.675],[22.415,70.626],[22.374,70.698],[22.385,70.709],[22.493,70.676],[22.511,70.681],[22.501,70.708],[22.541,70.717],[22.652,70.688],[22.595,70.653],[22.631,70.636],[22.689,70.661],[22.725,70.604],[22.748,70.647],[22.826,70.648],[22.723,70.748],[22.806,70.764],[22.792,70.75],[22.851,70.742],[22.867,70.73],[22.854,70.723],[22.924,70.725],[22.931,70.717],[22.895,70.695],[22.969,70.661],[22.991,70.668],[22.977,70.681],[23.033,70.701],[23.025,70.723],[23.121,70.709],[23.101,70.736],[23.182,70.736],[23.053,70.774],[23.03,70.791],[23.101,70.799],[23.066,70.812],[23.162,70.791],[23.188,70.802],[23.162,70.825],[23.272,70.777],[23.329,70.779],[23.34,70.798],[23.313,70.862],[23.343,70.866],[23.484,70.799],[23.388,70.784],[23.457,70.771],[23.416,70.764],[23.402,70.744],[23.333,70.75],[23.32,70.709],[23.251,70.695],[23.272,70.681],[23.159,70.694],[23.135,70.668],[23.182,70.654],[23.152,70.632],[23.059,70.626],[23.114,70.613],[23.089,70.586],[23.018,70.604],[22.985,70.6],[23.008,70.585],[22.977,70.565],[22.881,70.579],[22.936,70.559],[22.925,70.55],[22.888,70.538],[22.833,70.552],[22.789,70.524],[22.765,70.531],[22.778,70.552],[22.644,70.564],[22.627,70.545],[22.632,70.526],[22.59,70.529],[22.566,70.503],[22.489,70.532],[22.468,70.495],[22.422,70.511]]],[[[24.073,70.963],[24.245,70.956],[24.211,70.956],[24.16,70.928],[24.108,70.935],[24.08,70.915],[24.023,70.917],[23.987,70.942],[23.909,70.956],[24.039,70.976],[23.942,70.978],[23.886,70.996],[23.95,71.004],[23.923,71.017],[23.96,71.029],[24.087,71.024],[24.073,71.011],[24.109,71.002],[24.225,70.997],[24.107,70.994],[24.073,70.983],[24.087,70.969],[24.073,70.963]]],[[[26.136,71.038],[26.209,71.05],[26.218,71.032],[26.207,71.013],[26.073,70.975],[25.969,70.978],[25.9,70.961],[25.731,70.975],[25.719,70.956],[25.753,70.942],[25.553,70.928],[25.416,70.983],[25.561,71.017],[25.454,71.03],[25.326,71.007],[25.292,71.028],[25.293,71.045],[25.348,71.066],[25.314,71.072],[25.399,71.086],[25.459,71.072],[25.478,71.079],[25.457,71.093],[25.472,71.103],[25.635,71.08],[25.719,71.052],[25.701,71.084],[25.553,71.141],[25.667,71.165],[25.684,71.145],[25.807,71.154],[25.784,71.112],[25.806,71.096],[25.859,71.113],[25.883,71.113],[25.88,71.097],[26.006,71.125],[26.03,71.117],[26.034,71.087],[25.991,71.067],[25.89,71.052],[25.964,71.038],[25.964,71.017],[25.93,71.011],[25.956,71.002],[26.054,71.004],[26.136,71.038]]],[[[12.875,66.286],[12.879,66.243],[12.825,66.216],[12.7,66.243],[12.793,66.295],[12.794,66.311],[12.875,66.286]]],[[[12.941,66.46],[12.966,66.453],[12.938,66.394],[12.907,66.399],[12.9,66.416],[12.881,66.391],[12.899,66.355],[12.801,66.385],[12.85,66.41],[12.817,66.443],[12.897,66.456],[12.919,66.432],[12.941,66.46]]],[[[15.296,67.945],[15.305,67.938],[15.289,67.926],[15.254,67.917],[15.163,67.911],[14.98,67.915],[14.961,67.942],[14.972,67.97],[15.052,67.968],[15.106,68.001],[15.109,67.976],[15.14,67.958],[15.263,67.933],[15.296,67.945]]],[[[15.93,68.008],[15.934,67.997],[15.884,67.984],[15.729,68.012],[15.617,67.985],[15.482,68.003],[15.574,68.026],[15.86,68.027],[15.93,68.008]]],[[[15.166,67.987],[15.177,68.012],[15.23,68.037],[15.287,67.977],[15.185,67.967],[15.166,67.987]]],[[[14.997,68.902],[14.958,68.875],[14.892,68.873],[14.84,68.892],[14.857,68.923],[14.9,68.931],[14.959,68.926],[14.997,68.902]]],[[[20.703,69.889],[20.721,69.837],[20.707,69.817],[20.606,69.794],[20.554,69.8],[20.527,69.821],[20.529,69.854],[20.563,69.896],[20.713,69.91],[20.723,69.898],[20.703,69.889]]],[[[30.021,69.832],[30.1,69.834],[30.057,69.81],[29.905,69.777],[29.847,69.797],[29.83,69.791],[29.846,69.78],[29.796,69.756],[29.713,69.763],[29.735,69.79],[29.83,69.839],[29.808,69.866],[29.842,69.909],[29.994,69.894],[30.001,69.866],[30.029,69.853],[30.021,69.832]]],[[[19.813,70.003],[19.856,69.973],[19.721,69.865],[19.434,69.841],[19.547,69.925],[19.693,69.964],[19.774,70.005],[19.813,70.003]]],[[[18.667,70.028],[18.657,70.048],[18.712,70.084],[18.702,70.111],[18.721,70.116],[18.781,70.102],[18.806,70.059],[18.89,70.106],[18.976,70.074],[18.91,70.046],[18.765,70.019],[18.702,69.985],[18.67,69.999],[18.69,70.026],[18.667,70.028]]],[[[20.894,70.08],[20.826,70.073],[20.799,70.093],[20.793,70.119],[20.832,70.151],[20.857,70.145],[20.915,70.108],[20.894,70.08]]],[[[19.539,70.094],[19.359,70.113],[19.335,70.128],[19.367,70.154],[19.408,70.162],[19.573,70.112],[19.539,70.094]]],[[[19.242,70.201],[19.25,70.174],[19.225,70.154],[19.227,70.135],[19.174,70.115],[19.103,70.117],[18.996,70.152],[19.064,70.17],[19.099,70.158],[19.098,70.186],[19.138,70.202],[19.091,70.238],[19.152,70.237],[19.168,70.255],[19.211,70.251],[19.242,70.201]]],[[[21.738,70.378],[21.793,70.358],[21.794,70.323],[21.749,70.274],[21.703,70.262],[21.677,70.285],[21.685,70.364],[21.712,70.389],[21.738,70.378]]],[[[-7.963,71.175],[-7.938,71.157],[-7.939,71.136],[-8.009,71.105],[-7.983,71.045],[-8.006,71.033],[-8.401,70.963],[-8.498,70.976],[-8.62,70.958],[-8.929,70.846],[-8.987,70.811],[-9.08,70.812],[-9.066,70.832],[-9.117,70.875],[-9.047,70.883],[-8.916,70.933],[-8.79,70.946],[-8.693,70.986],[-8.517,71.014],[-8.398,71.114],[-8.326,71.148],[-8.187,71.154],[-8.123,71.178],[-7.963,71.175]]],[[[19.16,74.526],[19.297,74.481],[19.283,74.444],[19.237,74.419],[19.235,74.399],[19.195,74.369],[19.074,74.347],[18.865,74.43],[18.79,74.478],[18.82,74.504],[18.875,74.516],[19.16,74.526]]],[[[25.478,76.712],[25.581,76.712],[25.581,76.698],[25.218,76.568],[25.225,76.555],[25.181,76.534],[25.047,76.498],[25.019,76.469],[25.032,76.446],[25.018,76.44],[24.943,76.445],[24.968,76.478],[25.095,76.544],[25.355,76.637],[25.423,76.684],[25.416,76.692],[25.478,76.712]]],[[[24.425,77.826],[24.247,77.758],[24.228,77.717],[23.995,77.605],[23.893,77.508],[23.735,77.455],[23.354,77.377],[23.268,77.327],[23.289,77.291],[23.235,77.264],[22.704,77.237],[22.42,77.269],[22.391,77.304],[22.505,77.336],[22.484,77.382],[22.414,77.414],[22.422,77.431],[22.603,77.486],[22.675,77.493],[22.778,77.555],[22.609,77.539],[22.579,77.513],[22.554,77.519],[22.559,77.53],[22.606,77.548],[22.566,77.567],[22.447,77.578],[22.292,77.555],[22.192,77.504],[21.366,77.471],[21.093,77.439],[20.865,77.456],[20.93,77.502],[20.86,77.528],[20.881,77.534],[20.87,77.539],[20.832,77.541],[20.887,77.548],[20.874,77.569],[21.216,77.61],[21.237,77.623],[21.229,77.658],[21.25,77.672],[21.261,77.733],[21.435,77.795],[21.438,77.82],[21.558,77.857],[21.566,77.872],[21.538,77.898],[21.556,77.907],[21.662,77.918],[21.622,77.945],[21.368,77.965],[21.244,77.992],[20.88,78.085],[20.877,78.099],[20.992,78.139],[21.697,78.211],[22.396,78.2],[22.534,78.23],[22.966,78.256],[23.328,78.2],[23.47,78.158],[23.374,78.131],[23.375,78.113],[23.35,78.105],[23.105,78.088],[23.055,78.037],[23.073,78.007],[23.12,77.986],[23.369,77.956],[23.628,77.87],[23.942,77.852],[24.073,77.894],[24.305,77.912],[24.407,77.865],[24.425,77.826]]],[[[21.024,78.219],[20.798,78.227],[20.7,78.193],[20.647,78.194],[20.628,78.207],[20.688,78.219],[20.667,78.227],[20.716,78.233],[20.713,78.253],[20.792,78.274],[20.725,78.304],[20.469,78.315],[20.535,78.341],[20.675,78.347],[20.682,78.371],[20.661,78.391],[20.456,78.44],[20.154,78.475],[20.183,78.495],[20.871,78.557],[21.02,78.545],[21.084,78.556],[21.127,78.583],[21.106,78.597],[21.178,78.623],[21.423,78.614],[21.499,78.568],[21.674,78.601],[21.793,78.599],[21.826,78.576],[21.878,78.586],[21.939,78.561],[22.085,78.595],[22.133,78.527],[22.235,78.488],[22.231,78.464],[22.196,78.439],[22.225,78.414],[22.226,78.381],[22.244,78.367],[22.228,78.308],[22.237,78.282],[22.271,78.268],[21.061,78.2],[21.011,78.207],[21.024,78.219]]],[[[27.021,78.699],[26.947,78.678],[26.952,78.658],[26.738,78.626],[26.691,78.644],[26.698,78.665],[26.687,78.67],[26.466,78.709],[26.459,78.732],[26.396,78.775],[26.442,78.807],[26.615,78.809],[26.774,78.727],[27.021,78.699]]],[[[12.143,78.237],[12.163,78.211],[12.14,78.199],[12.052,78.222],[11.892,78.234],[11.814,78.274],[11.85,78.293],[11.848,78.308],[11.344,78.449],[11.122,78.439],[11.039,78.485],[11.004,78.52],[10.998,78.549],[10.969,78.555],[10.916,78.61],[10.787,78.665],[10.807,78.686],[10.549,78.771],[10.525,78.788],[10.574,78.82],[10.567,78.843],[10.484,78.891],[10.56,78.909],[10.844,78.879],[11,78.834],[10.991,78.796],[11.115,78.775],[11.184,78.734],[11.06,78.693],[11.154,78.663],[11.163,78.632],[11.273,78.61],[11.256,78.586],[11.298,78.564],[11.259,78.528],[11.447,78.548],[11.492,78.507],[11.569,78.484],[11.759,78.446],[11.872,78.448],[11.9,78.436],[11.876,78.411],[11.889,78.395],[12.101,78.295],[12.097,78.274],[12.143,78.237]]],[[[29.439,78.905],[29.666,78.921],[29.707,78.898],[29.329,78.863],[29.335,78.85],[29.237,78.853],[28.87,78.912],[28.369,78.878],[28.103,78.822],[27.842,78.843],[28.031,78.874],[28.151,78.919],[28.364,78.921],[28.429,78.945],[28.419,78.967],[28.789,78.964],[28.994,78.932],[29.065,78.904],[29.439,78.905]]],[[[30.07,79.008],[30.309,79.008],[30.337,78.994],[30.136,78.969],[30.092,78.982],[30.07,79.008]]],[[[20.099,79.124],[20.468,79.126],[20.764,79.086],[20.832,79.055],[20.701,79.026],[20.499,79.018],[20.358,78.995],[20.244,79.025],[20.123,79.023],[20.044,79.041],[20.135,79.061],[20.11,79.088],[20.14,79.118],[20.099,79.124]]],[[[20.058,79.377],[20.155,79.364],[20.178,79.353],[20.144,79.336],[20.035,79.356],[19.702,79.337],[19.66,79.347],[19.681,79.377],[19.626,79.392],[19.805,79.405],[20.058,79.377]]],[[[11.032,79.707],[11.006,79.686],[11.046,79.687],[11.074,79.666],[11.002,79.672],[10.924,79.652],[10.822,79.651],[10.779,79.656],[10.738,79.686],[10.848,79.693],[10.711,79.721],[10.872,79.727],[11.032,79.707]]],[[[10.717,79.742],[10.646,79.761],[10.713,79.782],[10.869,79.779],[11.012,79.742],[10.984,79.731],[10.717,79.742]]],[[[20.209,78.638],[20.052,78.63],[20.031,78.604],[19.763,78.624],[19.583,78.581],[19.602,78.547],[19.681,78.515],[18.993,78.467],[18.962,78.452],[19.066,78.378],[19.051,78.343],[18.994,78.328],[18.954,78.282],[19.085,78.23],[19.043,78.202],[18.95,78.196],[18.921,78.179],[19.098,78.103],[18.811,78.028],[18.583,78.055],[18.493,78.048],[18.406,78.021],[18.502,77.98],[18.477,77.961],[18.372,77.939],[18.365,77.914],[18.33,77.905],[18.379,77.87],[18.436,77.857],[18.455,77.774],[18.353,77.682],[18.353,77.63],[18.283,77.582],[18.311,77.555],[18.3,77.52],[18.194,77.49],[18.012,77.493],[17.96,77.513],[17.813,77.493],[17.747,77.499],[17.728,77.493],[17.736,77.467],[17.705,77.453],[17.625,77.446],[17.659,77.425],[17.652,77.415],[17.594,77.367],[17.488,77.322],[17.5,77.255],[17.424,77.194],[17.447,77.151],[17.372,77.116],[17.365,77.092],[17.331,77.075],[17.347,77.064],[17.337,77.047],[17.097,77.055],[17.113,77.039],[17.324,76.979],[17.089,76.874],[17.056,76.854],[17.063,76.836],[16.936,76.815],[16.919,76.794],[17.136,76.751],[17.2,76.719],[17.192,76.697],[17.09,76.671],[17.104,76.651],[17.011,76.634],[16.992,76.6],[16.81,76.567],[16.591,76.578],[16.565,76.583],[16.564,76.607],[16.431,76.622],[16.344,76.572],[16.296,76.596],[16.337,76.616],[16.324,76.634],[16.337,76.657],[16.289,76.671],[16.3,76.691],[16.284,76.708],[15.942,76.761],[15.881,76.794],[15.681,76.852],[15.501,76.877],[15.528,76.906],[15.727,76.93],[15.774,76.952],[15.862,76.949],[16.049,76.977],[16.188,76.975],[16.23,76.961],[16.236,76.947],[16.22,76.939],[16.241,76.933],[16.33,76.945],[16.318,76.971],[16.329,76.983],[16.468,76.982],[16.529,77],[16.258,76.993],[16.091,77.027],[16.063,77.047],[16.063,77.069],[16.029,77.085],[15.977,77.081],[15.958,77.062],[15.858,77.069],[15.852,77.053],[15.912,77.021],[15.887,77.016],[15.741,77.001],[15.346,77.009],[15.153,77.048],[15.123,77.069],[15.139,77.086],[15.049,77.096],[15.076,77.116],[15.04,77.135],[14.61,77.185],[14.448,77.181],[14.374,77.199],[14.311,77.244],[14.322,77.281],[14.158,77.294],[14.139,77.302],[14.138,77.319],[14.164,77.349],[13.974,77.41],[13.959,77.425],[13.98,77.438],[13.959,77.453],[14.055,77.453],[13.918,77.5],[13.911,77.534],[14.076,77.569],[14.44,77.586],[14.521,77.573],[14.596,77.534],[14.528,77.507],[14.548,77.492],[14.711,77.494],[14.761,77.513],[14.774,77.549],[15.042,77.567],[15.142,77.545],[15.853,77.532],[15.999,77.495],[16.125,77.443],[16.221,77.441],[16.193,77.466],[16.219,77.474],[16.31,77.466],[16.271,77.487],[16.029,77.514],[15.846,77.579],[14.884,77.617],[14.74,77.664],[14.859,77.683],[15.033,77.685],[15.115,77.703],[16.24,77.773],[16.333,77.798],[16.87,77.811],[17.106,77.775],[17.125,77.781],[17.079,77.797],[16.882,77.822],[16.789,77.877],[16.814,77.889],[16.899,77.877],[16.995,77.905],[16.961,77.925],[17.008,77.939],[16.761,77.912],[16.683,77.866],[15.785,77.835],[15.555,77.88],[15.309,77.857],[15.09,77.791],[14.67,77.769],[14.569,77.793],[14.521,77.781],[14.631,77.768],[14.458,77.758],[14.261,77.76],[14.176,77.784],[13.957,77.72],[13.886,77.745],[13.798,77.733],[13.737,77.75],[13.719,77.768],[13.774,77.775],[13.822,77.801],[13.786,77.827],[13.651,77.85],[13.671,77.894],[13.631,77.96],[13.671,77.994],[13.589,78.056],[13.866,78.097],[13.958,78.096],[14.075,78.07],[14.257,78.001],[14.287,77.966],[14.33,77.964],[14.36,77.981],[14.346,78.02],[14.223,78.079],[14.233,78.093],[15.035,78.117],[14.994,78.137],[15.02,78.147],[15.295,78.222],[15.417,78.239],[15.557,78.24],[15.694,78.215],[15.73,78.234],[15.634,78.257],[15.59,78.289],[15.641,78.313],[15.795,78.343],[15.901,78.336],[16.103,78.364],[16.294,78.34],[16.937,78.352],[17.272,78.414],[17.296,78.433],[17.198,78.442],[16.851,78.385],[16.628,78.406],[16.587,78.422],[16.57,78.445],[16.411,78.433],[16.33,78.452],[16.428,78.483],[16.48,78.539],[16.647,78.591],[16.719,78.634],[16.827,78.648],[16.829,78.673],[16.789,78.679],[16.629,78.672],[16.611,78.696],[16.554,78.719],[16.366,78.652],[16.357,78.638],[16.373,78.621],[16.318,78.568],[16.042,78.521],[16.048,78.495],[16.002,78.483],[15.439,78.458],[15.342,78.484],[15.261,78.542],[15.242,78.578],[15.193,78.59],[15.233,78.61],[15.402,78.617],[15.465,78.655],[15.499,78.726],[15.425,78.788],[15.487,78.809],[15.382,78.851],[15.234,78.785],[15.199,78.74],[15.227,78.72],[15.207,78.706],[15.225,78.698],[15.22,78.678],[15.261,78.665],[15.058,78.647],[15.021,78.617],[15.042,78.61],[14.983,78.597],[14.801,78.644],[14.85,78.686],[14.815,78.734],[14.68,78.73],[14.575,78.69],[14.446,78.678],[14.542,78.658],[14.542,78.587],[14.59,78.555],[14.473,78.542],[14.384,78.501],[14.42,78.476],[14.481,78.463],[14.641,78.453],[14.734,78.391],[14.452,78.384],[14.433,78.369],[14.343,78.391],[14.286,78.387],[14.246,78.364],[14.302,78.336],[14.322,78.308],[14.076,78.243],[14.04,78.247],[14.097,78.289],[13.966,78.282],[13.945,78.261],[13.945,78.227],[13.798,78.27],[13.746,78.268],[13.839,78.234],[13.856,78.213],[13.149,78.228],[13.01,78.204],[12.911,78.247],[12.958,78.268],[12.939,78.289],[12.952,78.295],[12.857,78.323],[12.904,78.323],[12.886,78.348],[12.658,78.377],[12.363,78.487],[12.531,78.507],[13.002,78.508],[13.198,78.542],[13.146,78.555],[12.972,78.535],[12.43,78.544],[12.39,78.551],[12.376,78.583],[12.347,78.596],[12.021,78.614],[11.904,78.638],[11.86,78.658],[11.851,78.674],[11.869,78.686],[11.843,78.703],[11.712,78.716],[11.643,78.747],[11.732,78.812],[11.781,78.826],[11.937,78.822],[11.902,78.844],[11.564,78.887],[11.346,78.954],[11.334,78.973],[11.567,78.985],[12.249,78.902],[12.507,78.912],[12.424,78.997],[12.065,78.974],[11.979,78.987],[12.109,79.001],[12.085,79.011],[11.684,79.069],[11.883,79.131],[11.849,79.145],[11.951,79.2],[12.136,79.213],[12.06,79.241],[12.115,79.261],[12.095,79.289],[12.115,79.302],[11.985,79.289],[11.835,79.296],[11.917,79.241],[11.897,79.226],[11.853,79.226],[11.725,79.278],[11.691,79.322],[11.595,79.31],[11.591,79.294],[11.553,79.282],[11.69,79.217],[11.723,79.188],[11.7,79.168],[11.228,79.101],[11.184,79.124],[11.205,79.129],[11.176,79.151],[11.162,79.216],[11.141,79.237],[11.067,79.257],[11.001,79.31],[10.912,79.33],[10.841,79.371],[10.916,79.385],[10.855,79.411],[10.916,79.439],[10.9,79.471],[10.787,79.506],[10.715,79.512],[10.677,79.542],[10.708,79.561],[11.184,79.563],[10.855,79.597],[11.014,79.65],[11.458,79.632],[11.456,79.645],[11.214,79.708],[11.198,79.721],[11.239,79.761],[11.19,79.775],[11.227,79.788],[11.524,79.767],[11.56,79.789],[11.526,79.809],[11.605,79.806],[11.67,79.836],[11.822,79.845],[12.067,79.714],[12.047,79.693],[12.143,79.674],[12.17,79.679],[12.143,79.701],[12.171,79.709],[12.297,79.665],[12.337,79.67],[12.35,79.717],[12.204,79.755],[12.218,79.763],[12.174,79.783],[12.163,79.809],[12.204,79.837],[12.451,79.824],[12.534,79.789],[12.533,79.766],[12.493,79.755],[12.537,79.746],[13.06,79.829],[13.797,79.882],[13.95,79.837],[13.973,79.775],[13.897,79.738],[13.738,79.706],[13.014,79.693],[13.027,79.679],[13.011,79.673],[12.646,79.594],[12.499,79.595],[12.451,79.569],[12.578,79.549],[12.705,79.569],[12.902,79.572],[13.033,79.597],[13.452,79.592],[13.493,79.569],[13.43,79.534],[13.359,79.517],[13.267,79.522],[13.287,79.494],[13.26,79.474],[13.457,79.44],[13.487,79.453],[13.438,79.481],[13.475,79.491],[13.617,79.481],[13.631,79.46],[13.759,79.44],[13.918,79.364],[13.911,79.316],[13.891,79.306],[13.899,79.294],[14.042,79.266],[14.105,79.289],[14.158,79.343],[14.014,79.405],[14.048,79.426],[14.01,79.462],[13.945,79.484],[13.935,79.496],[13.952,79.501],[13.883,79.542],[13.952,79.577],[14.075,79.606],[14.281,79.617],[14.144,79.632],[14.176,79.651],[14.308,79.673],[14.246,79.679],[14.549,79.811],[14.858,79.774],[15.091,79.662],[15.295,79.604],[15.273,79.588],[15.303,79.548],[15.295,79.536],[15.37,79.501],[15.366,79.472],[15.446,79.405],[15.439,79.388],[15.497,79.33],[15.606,79.311],[15.686,79.261],[15.773,79.242],[15.789,79.22],[15.658,79.151],[15.66,79.125],[15.682,79.112],[15.712,79.113],[15.805,79.166],[15.882,79.161],[16.119,79.068],[16.131,79.011],[16.152,78.991],[16.296,78.953],[16.348,78.916],[16.435,78.911],[16.491,78.931],[16.453,78.953],[16.46,78.967],[16.381,78.984],[16.365,79.021],[16.32,79.045],[16.285,79.092],[16.193,79.138],[16.155,79.189],[16.151,79.234],[15.959,79.31],[15.969,79.339],[15.914,79.459],[15.853,79.529],[15.868,79.549],[15.918,79.563],[15.833,79.58],[15.813,79.614],[15.727,79.666],[15.745,79.673],[15.686,79.701],[15.706,79.721],[15.645,79.768],[15.672,79.789],[15.642,79.832],[15.68,79.869],[15.716,79.877],[16.103,79.86],[16.138,79.871],[15.96,79.939],[15.991,79.978],[16.056,79.995],[16.022,80.015],[16.295,80.067],[16.542,80.048],[16.593,79.998],[16.712,79.955],[16.717,79.939],[16.693,79.923],[16.706,79.912],[16.82,79.876],[16.886,79.874],[16.913,79.893],[16.871,79.912],[16.87,79.933],[16.965,79.963],[17.27,79.946],[17.563,79.898],[18.098,79.727],[18.069,79.695],[17.87,79.656],[17.749,79.604],[17.769,79.597],[17.736,79.567],[17.591,79.549],[17.749,79.549],[17.783,79.494],[17.755,79.456],[17.776,79.426],[17.754,79.409],[17.632,79.392],[17.653,79.369],[17.881,79.401],[18.003,79.456],[18.043,79.529],[18.106,79.588],[18.242,79.628],[18.347,79.63],[18.727,79.544],[18.776,79.477],[18.882,79.441],[18.861,79.437],[18.859,79.409],[18.913,79.392],[18.869,79.383],[18.838,79.357],[18.839,79.341],[18.879,79.316],[18.783,79.279],[18.592,79.261],[18.652,79.249],[18.845,79.254],[18.948,79.22],[18.915,79.181],[18.945,79.157],[19.198,79.151],[19.323,79.189],[19.612,79.153],[19.786,79.165],[19.838,79.151],[19.796,79.128],[19.829,79.095],[19.934,79.059],[19.906,79.014],[20.031,79.021],[20.199,79.001],[20.45,78.946],[21.541,78.847],[21.545,78.834],[21.508,78.794],[21.552,78.775],[21.508,78.747],[21.36,78.699],[21.394,78.672],[21.383,78.659],[21.268,78.674],[21.127,78.665],[21.126,78.645],[21.099,78.64],[20.93,78.66],[20.887,78.683],[20.691,78.694],[20.64,78.672],[20.605,78.634],[20.578,78.631],[20.445,78.644],[20.209,78.638]]],[[[33.099,80.228],[33.299,80.248],[33.64,80.221],[33.596,80.203],[33.032,80.171],[32.831,80.133],[31.611,80.073],[31.477,80.104],[31.496,80.116],[32.94,80.206],[33.099,80.228]]],[[[18.296,80.276],[18.119,80.29],[18.156,80.318],[18.317,80.364],[18.587,80.342],[18.756,80.303],[18.491,80.239],[18.296,80.276]]],[[[24.169,80.446],[24.243,80.454],[24.382,80.392],[24.167,80.383],[24.128,80.405],[24.169,80.446]]],[[[24.292,80.488],[24.217,80.47],[23.978,80.495],[24.175,80.512],[24.292,80.488]]],[[[27.171,80.073],[27.136,80.043],[27.171,80.029],[27.102,79.974],[27.225,79.925],[27.239,79.906],[27.207,79.874],[27.15,79.855],[26.857,79.831],[26.79,79.795],[26.65,79.787],[26.613,79.76],[26.533,79.755],[26.528,79.735],[26.495,79.723],[26.297,79.697],[26.222,79.67],[25.826,79.626],[25.809,79.61],[25.894,79.581],[25.969,79.515],[25.823,79.465],[25.842,79.453],[25.829,79.442],[25.646,79.398],[25.183,79.336],[24.975,79.334],[24.921,79.378],[24.771,79.371],[24.563,79.324],[24.288,79.31],[24.259,79.289],[24.272,79.254],[24.26,79.241],[24.053,79.189],[22.926,79.223],[22.737,79.267],[22.642,79.318],[22.655,79.364],[22.895,79.42],[22.513,79.394],[22.417,79.41],[21.712,79.372],[21.501,79.397],[20.817,79.378],[20.792,79.392],[20.853,79.405],[20.73,79.459],[20.197,79.469],[20.017,79.512],[19.685,79.554],[19.633,79.611],[19.817,79.636],[20.208,79.645],[20.413,79.592],[21.155,79.569],[21.128,79.588],[20.649,79.627],[20.476,79.686],[21.85,79.707],[21.864,79.719],[21.841,79.734],[21.894,79.752],[22.282,79.774],[22.347,79.789],[22.287,79.806],[21.798,79.768],[21.832,79.783],[21.736,79.783],[21.769,79.805],[21.853,79.807],[21.888,79.824],[20.172,79.785],[19.997,79.749],[19.811,79.749],[19.732,79.726],[19.486,79.718],[19.394,79.741],[18.784,79.723],[18.742,79.727],[18.762,79.742],[18.719,79.747],[18.709,79.755],[18.722,79.768],[18.682,79.788],[18.461,79.789],[18.42,79.824],[18.322,79.842],[18.232,79.891],[18.112,79.906],[18.295,79.945],[18.521,79.963],[18.624,79.957],[18.681,79.981],[18.557,79.981],[18.669,80.01],[18.687,80.01],[18.681,79.995],[18.79,79.974],[18.81,79.993],[18.783,80.009],[18.899,80.033],[18.934,80.056],[18.837,80.031],[18.375,80.039],[18.308,80.059],[18.235,80.049],[18.152,80.084],[18.26,80.066],[18.365,80.084],[18.149,80.097],[18.023,80.138],[17.995,80.118],[17.783,80.138],[18.037,80.193],[18.071,80.18],[18.395,80.172],[18.57,80.185],[18.681,80.162],[18.769,80.187],[18.7,80.207],[18.908,80.188],[18.959,80.163],[19.182,80.12],[19.243,80.09],[19.331,80.091],[19.392,80.114],[19.399,80.138],[19.585,80.152],[19.545,80.172],[19.376,80.172],[19.224,80.198],[19.192,80.226],[19.105,80.258],[19.082,80.309],[18.982,80.344],[19.033,80.358],[19.282,80.339],[19.613,80.228],[19.852,80.221],[19.715,80.248],[19.838,80.29],[19.805,80.303],[19.838,80.31],[19.771,80.323],[19.859,80.344],[19.771,80.351],[19.914,80.385],[19.529,80.388],[19.469,80.409],[19.463,80.453],[19.5,80.472],[19.619,80.46],[19.674,80.44],[19.688,80.448],[19.636,80.481],[19.657,80.505],[19.802,80.493],[19.832,80.474],[20.037,80.468],[20.016,80.446],[20.078,80.433],[20.072,80.419],[20.099,80.413],[20.085,80.381],[20.105,80.378],[20.191,80.421],[20.39,80.423],[20.424,80.413],[20.428,80.392],[20.545,80.358],[20.523,80.33],[20.592,80.303],[20.839,80.31],[20.774,80.291],[20.749,80.269],[20.853,80.214],[21.193,80.234],[21.326,80.262],[21.299,80.241],[21.333,80.221],[21.319,80.213],[21.345,80.214],[21.415,80.235],[21.42,80.252],[21.532,80.274],[21.648,80.238],[21.703,80.241],[21.654,80.254],[21.677,80.275],[21.847,80.272],[21.898,80.213],[21.717,80.174],[21.6,80.125],[21.65,80.116],[21.827,80.152],[22.065,80.111],[22.217,80.043],[22.175,80.022],[22.223,80.009],[22.196,79.988],[22.283,79.983],[22.367,80.009],[22.319,80.036],[22.366,80.045],[22.438,80.011],[22.477,80.015],[22.347,80.07],[22.463,80.07],[22.374,80.111],[22.408,80.145],[22.402,80.166],[22.466,80.222],[22.449,80.262],[22.576,80.299],[22.373,80.341],[22.333,80.364],[22.338,80.384],[22.388,80.427],[22.457,80.441],[22.682,80.427],[22.613,80.358],[22.674,80.333],[22.75,80.33],[22.696,80.358],[22.802,80.382],[22.833,80.413],[22.813,80.427],[22.828,80.434],[22.791,80.459],[22.806,80.482],[22.75,80.505],[22.782,80.517],[22.977,80.474],[23.267,80.454],[23.361,80.433],[23.285,80.419],[23.32,80.413],[23.295,80.405],[23.121,80.392],[23.217,80.378],[23.189,80.358],[23.354,80.338],[23.295,80.328],[23.306,80.29],[23.296,80.281],[23.055,80.248],[23.007,80.162],[23.122,80.118],[23.23,80.125],[23.087,80.172],[23.244,80.166],[23.217,80.18],[23.24,80.195],[23.307,80.193],[23.344,80.155],[23.399,80.143],[23.429,80.159],[23.388,80.19],[23.399,80.204],[23.47,80.213],[23.457,80.207],[23.498,80.193],[23.464,80.172],[23.539,80.159],[23.532,80.138],[23.568,80.133],[23.662,80.172],[23.805,80.185],[23.834,80.2],[23.759,80.21],[23.73,80.235],[23.793,80.248],[23.717,80.262],[23.758,80.276],[23.737,80.295],[23.765,80.309],[23.868,80.282],[24.014,80.271],[24.033,80.276],[23.895,80.31],[24.077,80.303],[24.19,80.275],[24.225,80.282],[24.204,80.295],[24.336,80.286],[24.375,80.295],[24.306,80.317],[24.381,80.316],[24.402,80.323],[24.376,80.332],[24.211,80.335],[24.149,80.351],[24.187,80.372],[24.26,80.376],[24.481,80.355],[24.601,80.317],[24.471,80.295],[24.491,80.282],[24.464,80.269],[24.521,80.256],[24.725,80.294],[24.755,80.327],[24.83,80.356],[24.889,80.323],[24.841,80.303],[24.849,80.286],[24.78,80.248],[24.892,80.261],[25.046,80.253],[25.355,80.282],[25.225,80.254],[25.27,80.233],[25.547,80.241],[25.588,80.229],[25.615,80.2],[25.744,80.226],[25.781,80.213],[25.704,80.172],[25.94,80.185],[26.807,80.174],[27.004,80.115],[27.239,80.097],[27.171,80.073]]],[[[19.907,80.488],[19.852,80.505],[19.959,80.54],[20.063,80.538],[20.134,80.515],[19.907,80.488]]],[[[20.757,80.625],[20.496,80.66],[20.792,80.66],[20.75,80.639],[20.757,80.625]]],[[[21.174,80.66],[21.09,80.657],[21.046,80.668],[21.024,80.694],[21.333,80.707],[21.326,80.7],[21.367,80.68],[21.174,80.66]]],[[[20.633,80.735],[20.528,80.747],[20.518,80.769],[20.622,80.77],[20.718,80.738],[21.003,80.714],[20.978,80.697],[20.822,80.68],[20.806,80.706],[20.675,80.707],[20.633,80.735]]],[[[3.457,-54.39],[3.487,-54.402],[3.468,-54.441],[3.351,-54.456],[3.346,-54.419],[3.377,-54.391],[3.422,-54.38],[3.457,-54.39]]],[[[11.07,59.079],[11.082,59.068],[11.046,59.027],[11.018,59.019],[10.991,59.034],[11.003,59.086],[11.07,59.079]]],[[[10.91,59.116],[10.914,59.101],[10.884,59.072],[10.846,59.076],[10.829,59.099],[10.855,59.115],[10.868,59.113],[10.857,59.099],[10.91,59.116]]],[[[5.29,60.074],[5.297,60.028],[5.269,59.995],[5.204,60.016],[5.172,60.049],[5.204,60.088],[5.224,60.042],[5.247,60.051],[5.205,60.117],[5.248,60.099],[5.26,60.076],[5.29,60.074]]],[[[4.922,60.867],[4.925,60.856],[4.879,60.865],[4.868,60.888],[4.835,60.895],[4.825,60.92],[4.81,60.912],[4.777,60.93],[4.837,60.943],[4.826,60.929],[4.883,60.93],[4.874,60.918],[4.922,60.867]]],[[[4.721,61.04],[4.739,61.014],[4.707,60.989],[4.709,61.02],[4.68,60.997],[4.649,61.026],[4.644,61.058],[4.7,61.082],[4.721,61.04]]],[[[5.12,62.026],[5.152,61.998],[5.095,61.927],[5.021,61.939],[5.016,61.952],[5.048,61.953],[5.054,61.972],[4.984,62.009],[4.993,62.035],[5.08,62.006],[5.12,62.026]]],[[[5.636,62.319],[5.61,62.334],[5.673,62.344],[5.697,62.365],[5.741,62.361],[5.729,62.327],[5.636,62.319]]],[[[5.594,62.34],[5.521,62.335],[5.51,62.364],[5.582,62.359],[5.594,62.34]]],[[[8.315,63.181],[8.325,63.171],[8.307,63.167],[8.21,63.161],[8.165,63.213],[8.235,63.222],[8.315,63.181]]],[[[9.16,63.648],[9.162,63.634],[9.076,63.613],[9.014,63.627],[9.058,63.661],[9.16,63.648]]],[[[9.931,64.028],[9.944,64.011],[9.892,63.997],[9.854,64.009],[9.881,64.02],[9.844,64.033],[9.889,64.049],[9.931,64.028]]],[[[11.466,64.588],[11.48,64.556],[11.433,64.542],[11.344,64.574],[11.369,64.591],[11.366,64.634],[11.391,64.611],[11.393,64.626],[11.466,64.588]]],[[[11.351,64.652],[11.312,64.6],[11.245,64.639],[11.173,64.637],[11.182,64.658],[11.168,64.66],[11.304,64.692],[11.356,64.667],[11.351,64.652]]],[[[11.762,65.119],[11.777,65.118],[11.765,65.102],[11.674,65.072],[11.701,65.065],[11.669,65.045],[11.652,65.046],[11.658,65.065],[11.58,65.043],[11.519,65.055],[11.531,65.085],[11.58,65.11],[11.689,65.118],[11.726,65.107],[11.762,65.119]]],[[[17.547,69.092],[17.572,69.09],[17.539,69.056],[17.458,69.027],[17.419,68.996],[17.377,68.989],[17.344,69.003],[17.364,69.047],[17.42,69.079],[17.547,69.092]]],[[[24.837,71.095],[24.777,71.059],[24.789,71.047],[24.77,71.026],[24.614,71.057],[24.672,71.088],[24.733,71.069],[24.713,71.108],[24.837,71.095]]],[[[5.764,59.118],[5.775,59.081],[5.751,59.072],[5.575,59.124],[5.608,59.134],[5.764,59.118]]],[[[5.462,59.211],[5.465,59.183],[5.443,59.159],[5.385,59.195],[5.375,59.219],[5.404,59.242],[5.462,59.211]]],[[[6.016,59.292],[6.1,59.277],[6.056,59.241],[5.958,59.228],[5.93,59.243],[5.932,59.269],[5.952,59.284],[6.016,59.292]]],[[[4.846,60.628],[4.844,60.59],[4.779,60.599],[4.795,60.615],[4.791,60.666],[4.846,60.628]]],[[[4.836,61.675],[4.833,61.696],[4.88,61.712],[4.903,61.652],[4.836,61.675]]],[[[14.408,67.426],[14.413,67.413],[14.366,67.391],[14.227,67.377],[14.372,67.441],[14.408,67.426]]]]}},{"type":"Feature","properties":{"name":"Poland","blocKey":"nato","blocLabel":"NATO","color":"#5b6fb0","certainty":"member","basis":"NATO member"},"geometry":{"type":"Polygon","coordinates":[[[18.833,49.51],[18.835,49.548],[18.788,49.669],[18.728,49.669],[18.618,49.714],[18.567,49.805],[18.566,49.832],[18.594,49.852],[18.567,49.861],[18.559,49.907],[18.482,49.897],[18.369,49.932],[18.292,49.908],[18.256,49.946],[18.098,49.989],[18.085,49.999],[18.092,50.017],[18.002,50.047],[18.007,50.024],[18.036,50.017],[18.032,50.003],[17.876,49.969],[17.839,49.974],[17.763,50.025],[17.719,50.081],[17.732,50.095],[17.633,50.106],[17.584,50.146],[17.589,50.163],[17.675,50.175],[17.748,50.218],[17.719,50.253],[17.734,50.289],[17.708,50.311],[17.685,50.312],[17.63,50.262],[17.469,50.266],[17.424,50.241],[17.388,50.273],[17.342,50.26],[17.319,50.308],[17.337,50.313],[17.211,50.336],[17.188,50.378],[17.132,50.377],[16.893,50.433],[16.866,50.422],[16.866,50.408],[16.927,50.319],[16.988,50.285],[17.015,50.218],[16.96,50.232],[16.955,50.213],[16.919,50.217],[16.881,50.192],[16.818,50.187],[16.701,50.095],[16.661,50.093],[16.567,50.142],[16.535,50.208],[16.438,50.298],[16.371,50.318],[16.344,50.37],[16.263,50.364],[16.232,50.403],[16.2,50.406],[16.19,50.424],[16.198,50.44],[16.218,50.437],[16.211,50.451],[16.288,50.493],[16.353,50.493],[16.391,50.522],[16.394,50.559],[16.426,50.568],[16.332,50.644],[16.232,50.661],[16.175,50.624],[16.086,50.647],[16.024,50.609],[15.982,50.604],[15.999,50.636],[15.971,50.679],[15.941,50.688],[15.848,50.675],[15.792,50.743],[15.684,50.731],[15.642,50.756],[15.442,50.8],[15.356,50.775],[15.341,50.832],[15.288,50.855],[15.256,50.9],[15.27,50.953],[15.227,50.977],[15.17,50.978],[15.144,51.012],[15.108,50.981],[15.004,51.021],[14.961,50.993],[14.997,50.959],[14.982,50.859],[14.81,50.858],[14.81,50.877],[14.86,50.917],[14.955,51.064],[14.991,51.189],[15.022,51.237],[15.019,51.272],[14.964,51.328],[14.945,51.449],[14.71,51.53],[14.713,51.567],[14.744,51.607],[14.732,51.658],[14.648,51.717],[14.634,51.769],[14.586,51.804],[14.596,51.842],[14.687,51.912],[14.699,51.993],[14.761,52.077],[14.686,52.121],[14.707,52.179],[14.693,52.2],[14.712,52.236],[14.584,52.291],[14.59,52.309],[14.545,52.382],[14.54,52.422],[14.592,52.45],[14.632,52.497],[14.609,52.518],[14.645,52.577],[14.432,52.686],[14.382,52.738],[14.124,52.851],[14.15,52.865],[14.165,52.896],[14.144,52.96],[14.343,53.049],[14.39,53.132],[14.381,53.19],[14.442,53.252],[14.403,53.279],[14.36,53.444],[14.304,53.509],[14.297,53.598],[14.261,53.656],[14.264,53.7],[14.305,53.713],[14.289,53.728],[14.302,53.735],[14.294,53.749],[14.415,53.682],[14.531,53.658],[14.591,53.598],[14.624,53.653],[14.576,53.66],[14.545,53.704],[14.576,53.77],[14.624,53.77],[14.631,53.852],[14.587,53.813],[14.569,53.824],[14.59,53.838],[14.576,53.855],[14.441,53.87],[14.426,53.88],[14.432,53.906],[14.363,53.879],[14.418,53.865],[14.405,53.844],[14.319,53.818],[14.275,53.831],[14.175,53.906],[14.21,53.938],[14.268,53.922],[14.407,53.922],[14.782,54.035],[15.01,54.07],[15.288,54.139],[15.666,54.198],[15.86,54.25],[16.132,54.284],[16.069,54.263],[16.179,54.263],[16.172,54.277],[16.22,54.277],[16.215,54.3],[16.138,54.29],[16.214,54.316],[16.275,54.359],[16.232,54.323],[16.324,54.35],[16.337,54.359],[16.325,54.373],[16.282,54.359],[16.324,54.401],[16.44,54.488],[16.445,54.47],[16.473,54.482],[16.474,54.5],[16.446,54.488],[16.467,54.512],[16.57,54.557],[16.94,54.606],[17.036,54.667],[17.337,54.749],[17.716,54.79],[17.885,54.824],[18.152,54.838],[18.34,54.833],[18.752,54.69],[18.824,54.632],[18.835,54.603],[18.818,54.598],[18.708,54.701],[18.456,54.788],[18.429,54.782],[18.413,54.732],[18.474,54.688],[18.476,54.64],[18.506,54.634],[18.523,54.647],[18.517,54.63],[18.571,54.55],[18.568,54.488],[18.588,54.434],[18.694,54.405],[18.717,54.382],[18.886,54.35],[18.954,54.359],[19.002,54.345],[19.377,54.378],[19.531,54.415],[19.61,54.457],[19.68,54.437],[22.698,54.343],[22.767,54.356],[22.838,54.401],[22.963,54.382],[22.99,54.353],[23.042,54.341],[23.032,54.31],[23.05,54.295],[23.117,54.303],[23.316,54.236],[23.449,54.155],[23.496,54.045],[23.496,54.022],[23.459,53.982],[23.49,53.951],[23.487,53.91],[23.53,53.784],[23.565,53.742],[23.591,53.611],[23.743,53.365],[23.801,53.242],[23.894,53.152],[23.859,53.068],[23.911,53.005],[23.918,52.951],[23.901,52.923],[23.922,52.743],[23.909,52.7],[23.869,52.67],[23.736,52.615],[23.569,52.586],[23.392,52.51],[23.166,52.289],[23.194,52.271],[23.19,52.241],[23.396,52.2],[23.391,52.183],[23.45,52.186],[23.471,52.172],[23.488,52.182],[23.485,52.159],[23.512,52.124],[23.579,52.122],[23.637,52.084],[23.676,51.994],[23.629,51.946],[23.622,51.877],[23.595,51.843],[23.629,51.81],[23.618,51.787],[23.552,51.737],[23.559,51.695],[23.546,51.69],[23.56,51.672],[23.532,51.659],[23.543,51.593],[23.573,51.54],[23.602,51.531],[23.615,51.497],[23.663,51.48],[23.649,51.454],[23.698,51.404],[23.679,51.394],[23.684,51.37],[23.634,51.339],[23.635,51.305],[23.687,51.292],[23.743,51.216],[23.864,51.148],[23.875,51.136],[23.854,51.122],[23.904,51.063],[23.912,51.007],[23.955,50.984],[23.979,50.938],[24.143,50.856],[24.131,50.839],[23.993,50.836],[23.958,50.808],[23.974,50.776],[24.026,50.767],[24.013,50.743],[24.027,50.728],[24.081,50.713],[24.075,50.69],[24.108,50.63],[24.085,50.604],[24.108,50.541],[24.011,50.493],[24.008,50.448],[23.981,50.405],[23.929,50.391],[23.748,50.389],[23.682,50.368],[23.644,50.313],[23.436,50.193],[23.101,49.957],[22.951,49.827],[22.933,49.791],[22.888,49.77],[22.827,49.697],[22.766,49.674],[22.666,49.567],[22.641,49.529],[22.68,49.419],[22.72,49.383],[22.738,49.275],[22.682,49.161],[22.706,49.169],[22.853,49.085],[22.843,49.043],[22.867,49.01],[22.855,48.994],[22.755,49.045],[22.643,49.043],[22.561,49.086],[22.54,49.072],[22.39,49.093],[22.339,49.126],[22.216,49.14],[22.198,49.172],[22.041,49.197],[22.012,49.211],[21.993,49.278],[21.928,49.331],[21.82,49.377],[21.758,49.349],[21.692,49.402],[21.601,49.426],[21.428,49.41],[21.261,49.449],[21.194,49.401],[21.125,49.424],[21.069,49.419],[21.033,49.4],[21.069,49.381],[21.073,49.357],[21.017,49.352],[20.919,49.29],[20.778,49.331],[20.69,49.401],[20.605,49.4],[20.544,49.371],[20.438,49.403],[20.422,49.4],[20.422,49.383],[20.318,49.392],[20.284,49.339],[20.207,49.334],[20.16,49.306],[20.136,49.309],[20.086,49.243],[20.07,49.183],[20.05,49.173],[19.938,49.225],[19.832,49.186],[19.761,49.194],[19.752,49.219],[19.809,49.271],[19.78,49.293],[19.79,49.309],[19.769,49.393],[19.627,49.402],[19.635,49.441],[19.557,49.454],[19.505,49.563],[19.457,49.598],[19.438,49.6],[19.34,49.529],[19.234,49.507],[19.204,49.461],[19.209,49.445],[19.189,49.442],[19.173,49.402],[19.142,49.394],[19.068,49.406],[18.962,49.389],[18.961,49.493],[18.833,49.51]]]}},{"type":"Feature","properties":{"name":"Portugal","blocKey":"nato","blocLabel":"NATO","color":"#5b6fb0","certainty":"member","basis":"NATO member"},"geometry":{"type":"MultiPolygon","coordinates":[[[[-7.105,38.827],[-7.151,38.819],[-7.27,38.738],[-7.293,38.656],[-7.27,38.618],[-7.318,38.556],[-7.346,38.494],[-7.335,38.469],[-7.359,38.446],[-7.317,38.425],[-7.167,38.272],[-7.127,38.191],[-7.104,38.174],[-7.026,38.2],[-6.948,38.197],[-7.024,38.023],[-7.123,38.04],[-7.16,37.997],[-7.273,37.977],[-7.269,37.949],[-7.307,37.851],[-7.334,37.812],[-7.444,37.73],[-7.472,37.637],[-7.514,37.601],[-7.53,37.567],[-7.469,37.476],[-7.408,37.165],[-7.446,37.18],[-7.512,37.172],[-7.82,36.999],[-7.991,37.014],[-7.977,36.987],[-8.035,37.038],[-8.179,37.088],[-8.293,37.078],[-8.365,37.098],[-8.439,37.083],[-8.58,37.124],[-8.642,37.118],[-8.686,37.083],[-8.748,37.083],[-8.859,37.041],[-8.879,37.047],[-8.946,37.008],[-8.998,37.021],[-8.986,37.063],[-8.914,37.17],[-8.923,37.2],[-8.881,37.232],[-8.867,37.277],[-8.883,37.31],[-8.839,37.36],[-8.816,37.418],[-8.795,37.535],[-8.827,37.601],[-8.799,37.698],[-8.758,37.707],[-8.752,37.731],[-8.809,37.723],[-8.805,37.902],[-8.821,37.927],[-8.895,37.953],[-8.816,38.062],[-8.774,38.187],[-8.795,38.359],[-8.878,38.449],[-8.943,38.481],[-8.927,38.494],[-8.905,38.486],[-8.8,38.439],[-8.799,38.426],[-8.657,38.406],[-8.607,38.419],[-8.736,38.452],[-8.753,38.488],[-8.737,38.522],[-8.761,38.538],[-8.758,38.563],[-8.773,38.565],[-8.813,38.529],[-8.78,38.505],[-8.788,38.481],[-8.906,38.512],[-8.955,38.505],[-8.992,38.459],[-9.049,38.441],[-9.231,38.419],[-9.231,38.438],[-9.19,38.473],[-9.184,38.552],[-9.253,38.665],[-9.145,38.681],[-9.108,38.659],[-9.114,38.679],[-9.052,38.694],[-8.943,38.776],[-8.97,38.835],[-8.963,38.851],[-8.986,38.849],[-9.012,38.913],[-8.943,39.015],[-8.908,39.036],[-8.827,39.049],[-8.765,39.098],[-8.836,39.057],[-8.936,39.041],[-9.1,38.83],[-9.098,38.738],[-9.113,38.714],[-9.22,38.694],[-9.285,38.699],[-9.322,38.67],[-9.405,38.704],[-9.472,38.702],[-9.492,38.708],[-9.497,38.81],[-9.455,38.85],[-9.423,38.931],[-9.437,39.029],[-9.351,39.197],[-9.341,39.267],[-9.354,39.316],[-9.409,39.375],[-9.353,39.368],[-9.261,39.418],[-9.218,39.406],[-9.206,39.415],[-9.23,39.441],[-9.183,39.493],[-9.136,39.516],[-9.09,39.579],[-9.072,39.68],[-8.868,40.125],[-8.853,40.139],[-8.825,40.12],[-8.785,40.119],[-8.816,40.147],[-8.896,40.165],[-8.908,40.201],[-8.865,40.275],[-8.753,40.641],[-8.745,40.647],[-8.745,40.619],[-8.71,40.653],[-8.69,40.647],[-8.696,40.674],[-8.662,40.67],[-8.642,40.694],[-8.664,40.724],[-8.573,40.756],[-8.668,40.747],[-8.684,40.783],[-8.646,40.824],[-8.655,40.845],[-8.663,40.815],[-8.676,40.824],[-8.69,40.804],[-8.714,40.709],[-8.751,40.653],[-8.655,40.994],[-8.666,41.133],[-8.648,41.153],[-8.686,41.159],[-8.737,41.25],[-8.744,41.328],[-8.784,41.394],[-8.775,41.468],[-8.831,41.672],[-8.696,41.722],[-8.83,41.695],[-8.861,41.704],[-8.88,41.737],[-8.868,41.859],[-8.763,41.932],[-8.751,41.969],[-8.671,42],[-8.627,42.051],[-8.347,42.102],[-8.222,42.154],[-8.204,42.129],[-8.204,42.07],[-8.138,42.073],[-8.095,42.041],[-8.108,42.011],[-8.221,41.923],[-8.232,41.886],[-8.177,41.85],[-8.18,41.811],[-8.093,41.807],[-8.049,41.816],[-7.994,41.864],[-7.945,41.867],[-7.926,41.908],[-7.906,41.914],[-7.897,41.858],[-7.722,41.899],[-7.661,41.875],[-7.607,41.873],[-7.623,41.842],[-7.606,41.826],[-7.547,41.832],[-7.516,41.865],[-7.469,41.853],[-7.443,41.806],[-7.392,41.842],[-7.322,41.845],[-7.219,41.879],[-7.198,41.902],[-7.2,41.964],[-7.16,41.986],[-7.051,41.942],[-6.992,41.966],[-6.945,41.943],[-6.855,41.943],[-6.831,41.954],[-6.825,41.984],[-6.794,41.98],[-6.758,41.938],[-6.728,41.931],[-6.623,41.941],[-6.609,41.962],[-6.572,41.943],[-6.576,41.883],[-6.524,41.867],[-6.577,41.74],[-6.542,41.659],[-6.503,41.653],[-6.461,41.677],[-6.366,41.664],[-6.272,41.628],[-6.206,41.57],[-6.28,41.497],[-6.283,41.466],[-6.321,41.411],[-6.379,41.397],[-6.379,41.377],[-6.4,41.377],[-6.496,41.295],[-6.563,41.271],[-6.647,41.268],[-6.755,41.159],[-6.765,41.109],[-6.804,41.064],[-6.907,41.056],[-6.928,41.048],[-6.942,41.016],[-6.855,40.887],[-6.816,40.857],[-6.837,40.84],[-6.839,40.758],[-6.814,40.647],[-6.85,40.582],[-6.813,40.515],[-6.857,40.442],[-6.851,40.41],[-6.794,40.356],[-6.87,40.296],[-6.878,40.265],[-7.016,40.226],[-7.043,40.181],[-7.016,40.119],[-6.956,40.103],[-6.88,40.009],[-6.925,39.918],[-6.928,39.862],[-7,39.803],[-6.993,39.774],[-7.021,39.694],[-7.183,39.675],[-7.236,39.687],[-7.341,39.672],[-7.557,39.68],[-7.516,39.594],[-7.418,39.524],[-7.399,39.494],[-7.314,39.457],[-7.332,39.385],[-7.327,39.341],[-7.251,39.271],[-7.266,39.231],[-7.244,39.196],[-7.168,39.171],[-7.157,39.105],[-7.039,39.109],[-6.986,39.067],[-6.973,39.014],[-7.066,38.905],[-7.056,38.855],[-7.105,38.827]]],[[[-16.487,32.492],[-16.542,32.581],[-16.507,32.544],[-16.487,32.492]]],[[[-16.789,32.687],[-16.806,32.657],[-16.848,32.644],[-16.977,32.647],[-17.181,32.726],[-17.241,32.779],[-17.252,32.815],[-17.185,32.874],[-17.068,32.814],[-16.92,32.841],[-16.797,32.775],[-16.673,32.759],[-16.75,32.731],[-16.789,32.687]]],[[[-16.34,33.057],[-16.364,33.034],[-16.398,33.04],[-16.362,33.09],[-16.341,33.106],[-16.289,33.109],[-16.275,33.06],[-16.34,33.057]]],[[[-7.956,36.981],[-7.904,36.975],[-7.86,37],[-7.853,36.987],[-7.904,36.966],[-7.956,36.981]]],[[[-25.067,37.021],[-25.017,36.97],[-25.012,36.949],[-25.027,36.934],[-25.119,36.953],[-25.169,36.946],[-25.202,36.99],[-25.17,37.016],[-25.067,37.021]]],[[[-25.198,37.864],[-25.159,37.852],[-25.135,37.822],[-25.132,37.786],[-25.157,37.755],[-25.506,37.707],[-25.616,37.741],[-25.704,37.744],[-25.825,37.815],[-25.859,37.854],[-25.841,37.906],[-25.765,37.912],[-25.704,37.883],[-25.689,37.846],[-25.554,37.83],[-25.499,37.851],[-25.458,37.83],[-25.34,37.862],[-25.198,37.864]]],[[[-28.109,38.447],[-28.047,38.433],[-28.041,38.409],[-28.054,38.399],[-28.185,38.406],[-28.242,38.378],[-28.297,38.411],[-28.46,38.406],[-28.549,38.484],[-28.549,38.529],[-28.485,38.558],[-28.375,38.55],[-28.206,38.471],[-28.109,38.447]]],[[[-28.61,38.597],[-28.596,38.553],[-28.644,38.535],[-28.623,38.522],[-28.727,38.515],[-28.842,38.599],[-28.766,38.607],[-28.72,38.645],[-28.61,38.597]]],[[[-27.891,38.604],[-27.779,38.567],[-27.761,38.549],[-27.796,38.542],[-27.977,38.593],[-28.035,38.59],[-28.074,38.618],[-28.178,38.645],[-28.312,38.735],[-28.316,38.755],[-28.034,38.666],[-27.891,38.604]]],[[[-27.02,38.694],[-27.054,38.679],[-27.054,38.645],[-27.089,38.631],[-27.204,38.653],[-27.228,38.641],[-27.353,38.684],[-27.392,38.759],[-27.369,38.783],[-27.298,38.804],[-27.144,38.796],[-27.043,38.744],[-27.041,38.714],[-27.02,38.694]]],[[[-27.983,39.015],[-28.062,39.036],[-28.072,39.068],[-28.055,39.098],[-28.007,39.105],[-27.942,39.053],[-27.947,39.024],[-27.983,39.015]]],[[[-31.208,39.509],[-31.16,39.502],[-31.141,39.483],[-31.132,39.423],[-31.177,39.356],[-31.255,39.358],[-31.285,39.398],[-31.281,39.443],[-31.256,39.507],[-31.219,39.522],[-31.201,39.522],[-31.208,39.509]]],[[[-31.117,39.728],[-31.083,39.723],[-31.08,39.693],[-31.1,39.664],[-31.132,39.659],[-31.153,39.701],[-31.117,39.728]]],[[[-16.028,30.034],[-16.028,30.034]]],[[[-15.864,30.153],[-15.86,30.133],[-15.875,30.138],[-15.864,30.153]]],[[[-9.041,38.868],[-9.041,38.849],[-9.08,38.82],[-9.041,38.868]]]]}},{"type":"Feature","properties":{"name":"Romania","blocKey":"nato","blocLabel":"NATO","color":"#5b6fb0","certainty":"member","basis":"NATO member"},"geometry":{"type":"Polygon","coordinates":[[[22.878,47.947],[22.916,47.959],[22.924,48.005],[23.004,47.983],[23.063,48.007],[23.099,48.071],[23.139,48.098],[23.231,48.08],[23.36,47.993],[23.461,47.971],[23.563,48.006],[23.78,47.988],[23.855,47.934],[24.009,47.961],[24.131,47.915],[24.231,47.897],[24.347,47.921],[24.409,47.952],[24.542,47.944],[24.634,47.908],[24.679,47.84],[24.808,47.796],[24.897,47.71],[25.08,47.743],[25.219,47.878],[25.262,47.899],[25.753,47.935],[25.901,47.966],[26.173,47.993],[26.271,48.094],[26.303,48.212],[26.689,48.275],[26.822,48.253],[26.898,48.209],[26.908,48.185],[26.938,48.205],[26.963,48.175],[26.998,48.167],[26.967,48.143],[27.048,48.122],[27.034,48.102],[27.042,48.077],[27.109,48.034],[27.089,48.02],[27.096,48.006],[27.121,48.013],[27.144,47.987],[27.169,47.983],[27.151,47.958],[27.178,47.938],[27.161,47.922],[27.212,47.89],[27.212,47.848],[27.253,47.828],[27.219,47.814],[27.288,47.752],[27.295,47.718],[27.272,47.715],[27.281,47.693],[27.369,47.608],[27.428,47.581],[27.473,47.492],[27.576,47.46],[27.563,47.417],[27.58,47.406],[27.572,47.375],[27.6,47.361],[27.637,47.307],[27.733,47.276],[27.788,47.204],[27.808,47.162],[27.795,47.156],[27.85,47.129],[27.844,47.114],[27.938,47.061],[27.939,47.047],[28.028,47.033],[28.069,46.989],[28.102,46.935],[28.097,46.903],[28.114,46.895],[28.122,46.834],[28.234,46.662],[28.247,46.607],[28.225,46.57],[28.234,46.553],[28.219,46.504],[28.246,46.476],[28.246,46.428],[28.19,46.351],[28.193,46.311],[28.178,46.287],[28.135,46.269],[28.132,46.24],[28.109,46.234],[28.145,46.183],[28.09,46.073],[28.083,46.015],[28.125,45.918],[28.117,45.895],[28.131,45.871],[28.111,45.854],[28.113,45.825],[28.155,45.762],[28.168,45.632],[28.108,45.624],[28.062,45.594],[28.141,45.56],[28.165,45.528],[28.166,45.495],[28.213,45.45],[28.238,45.452],[28.286,45.422],[28.281,45.402],[28.33,45.323],[28.577,45.248],[28.71,45.227],[28.803,45.244],[28.76,45.274],[28.79,45.292],[28.79,45.321],[28.832,45.322],[28.93,45.279],[28.953,45.285],[28.974,45.324],[29.174,45.389],[29.228,45.424],[29.282,45.422],[29.322,45.444],[29.57,45.395],[29.65,45.346],[29.667,45.312],[29.666,45.231],[29.659,45.216],[29.624,45.21],[29.667,45.164],[29.7,45.162],[29.664,45.117],[29.63,44.908],[29.605,44.88],[29.618,44.861],[29.562,44.82],[29.156,44.784],[29.056,44.735],[29.001,44.689],[28.975,44.745],[29.098,44.775],[29.139,44.804],[29.139,44.839],[29.096,44.875],[29.104,44.84],[29.06,44.832],[29.044,44.866],[29.052,44.945],[29.111,44.97],[29.058,45.001],[28.983,45.012],[28.869,44.943],[28.866,44.883],[28.952,44.827],[28.925,44.813],[28.939,44.806],[28.925,44.784],[28.946,44.765],[28.869,44.754],[28.798,44.72],[28.787,44.693],[28.808,44.696],[28.785,44.68],[28.784,44.649],[28.869,44.662],[28.912,44.696],[28.898,44.717],[28.967,44.701],[28.988,44.675],[28.962,44.639],[28.939,44.634],[28.973,44.67],[28.975,44.687],[28.952,44.696],[28.958,44.679],[28.918,44.683],[28.854,44.634],[28.774,44.601],[28.795,44.634],[28.758,44.627],[28.764,44.596],[28.788,44.586],[28.733,44.568],[28.733,44.552],[28.747,44.566],[28.774,44.552],[28.746,44.486],[28.758,44.465],[28.778,44.507],[28.906,44.588],[28.925,44.621],[28.844,44.494],[28.797,44.468],[28.707,44.381],[28.693,44.346],[28.664,44.348],[28.635,44.316],[28.631,44.264],[28.672,44.169],[28.646,44.172],[28.631,44.154],[28.672,43.997],[28.609,43.874],[28.578,43.741],[28.435,43.735],[28.221,43.762],[27.981,43.849],[27.912,43.993],[27.722,43.949],[27.656,44.024],[27.633,44.03],[27.575,44.016],[27.384,44.015],[27.342,44.053],[27.285,44.072],[27.251,44.122],[27.1,44.144],[27.027,44.177],[26.884,44.157],[26.754,44.108],[26.311,44.053],[26.151,44.012],[26.079,43.969],[26.054,43.934],[25.934,43.87],[25.781,43.732],[25.671,43.717],[25.557,43.67],[25.403,43.65],[25.36,43.654],[25.252,43.705],[25.082,43.719],[24.964,43.75],[24.706,43.744],[24.466,43.802],[24.358,43.76],[24.159,43.753],[23.8,43.818],[23.743,43.843],[23.593,43.837],[23.485,43.881],[23.325,43.887],[23.132,43.848],[22.889,43.84],[22.863,43.855],[22.851,43.897],[22.886,43.995],[23.023,44.032],[23.04,44.062],[23.031,44.093],[22.906,44.123],[22.691,44.229],[22.682,44.305],[22.549,44.349],[22.477,44.464],[22.484,44.5],[22.548,44.512],[22.58,44.565],[22.621,44.569],[22.7,44.542],[22.742,44.552],[22.765,44.583],[22.7,44.631],[22.587,44.649],[22.484,44.724],[22.426,44.734],[22.381,44.701],[22.305,44.677],[22.185,44.515],[22.127,44.503],[22.087,44.522],[22.076,44.551],[22.045,44.569],[21.994,44.659],[21.855,44.698],[21.757,44.677],[21.656,44.688],[21.62,44.714],[21.578,44.778],[21.396,44.79],[21.379,44.817],[21.343,44.832],[21.356,44.857],[21.536,44.889],[21.539,44.908],[21.516,44.934],[21.408,44.958],[21.351,44.998],[21.363,45.017],[21.422,45.031],[21.442,45.093],[21.494,45.119],[21.493,45.145],[21.406,45.2],[21.239,45.229],[21.139,45.304],[21.092,45.288],[20.981,45.333],[20.816,45.463],[20.767,45.479],[20.761,45.493],[20.8,45.531],[20.754,45.606],[20.777,45.658],[20.786,45.753],[20.765,45.767],[20.727,45.736],[20.688,45.743],[20.646,45.789],[20.637,45.827],[20.572,45.888],[20.482,45.913],[20.354,45.977],[20.306,46.054],[20.243,46.108],[20.283,46.144],[20.444,46.147],[20.469,46.174],[20.6,46.13],[20.664,46.138],[20.699,46.156],[20.71,46.188],[20.745,46.192],[20.739,46.237],[20.799,46.268],[20.999,46.252],[21.033,46.231],[21.099,46.276],[21.144,46.284],[21.179,46.384],[21.281,46.416],[21.245,46.477],[21.291,46.547],[21.301,46.604],[21.396,46.626],[21.436,46.674],[21.502,46.704],[21.505,46.723],[21.47,46.743],[21.503,46.805],[21.537,46.835],[21.583,46.848],[21.59,46.909],[21.649,46.943],[21.671,46.993],[21.633,47.023],[21.764,47.105],[21.78,47.141],[21.82,47.173],[21.824,47.215],[21.862,47.297],[21.919,47.35],[21.982,47.366],[22.002,47.394],[21.989,47.493],[22.008,47.517],[22.1,47.571],[22.162,47.586],[22.208,47.674],[22.273,47.724],[22.396,47.736],[22.424,47.783],[22.454,47.787],[22.563,47.757],[22.638,47.772],[22.704,47.817],[22.752,47.828],[22.764,47.875],[22.836,47.902],[22.878,47.947]]]}},{"type":"Feature","properties":{"name":"Slovakia","blocKey":"nato","blocLabel":"NATO","color":"#5b6fb0","certainty":"member","basis":"NATO member"},"geometry":{"type":"Polygon","coordinates":[[[22.54,49.072],[22.521,48.993],[22.449,48.971],[22.412,48.888],[22.369,48.856],[22.366,48.794],[22.331,48.756],[22.31,48.682],[22.243,48.651],[22.139,48.57],[22.148,48.509],[22.133,48.405],[22.096,48.379],[21.929,48.373],[21.789,48.336],[21.728,48.341],[21.622,48.43],[21.592,48.493],[21.522,48.5],[21.499,48.535],[21.425,48.561],[21.322,48.548],[21.262,48.503],[21.22,48.519],[21.109,48.489],[21.036,48.515],[20.946,48.519],[20.8,48.569],[20.511,48.534],[20.482,48.526],[20.482,48.479],[20.421,48.429],[20.324,48.28],[20.272,48.252],[20.229,48.271],[20.171,48.244],[20.135,48.247],[20.105,48.203],[19.929,48.13],[19.884,48.13],[19.822,48.158],[19.776,48.15],[19.774,48.186],[19.757,48.2],[19.687,48.197],[19.623,48.227],[19.514,48.204],[19.482,48.111],[19.428,48.086],[19.293,48.088],[19.223,48.061],[18.996,48.066],[18.838,48.04],[18.794,47.993],[18.743,47.971],[18.755,47.952],[18.749,47.871],[18.816,47.833],[18.768,47.822],[18.693,47.778],[18.553,47.793],[18.236,47.754],[17.826,47.75],[17.742,47.765],[17.619,47.829],[17.573,47.83],[17.527,47.872],[17.472,47.889],[17.338,47.999],[17.185,48.02],[17.148,48.005],[17.07,48.036],[17.075,48.052],[17.059,48.06],[17.08,48.098],[17.047,48.131],[16.982,48.161],[16.954,48.273],[16.917,48.291],[16.898,48.316],[16.902,48.339],[16.844,48.366],[16.865,48.458],[16.947,48.54],[16.948,48.623],[17.025,48.746],[17.114,48.834],[17.167,48.86],[17.26,48.858],[17.374,48.82],[17.453,48.843],[17.535,48.813],[17.727,48.863],[17.796,48.921],[17.879,48.934],[17.914,49.01],[18.013,49.019],[18.076,49.047],[18.103,49.092],[18.118,49.203],[18.161,49.259],[18.385,49.342],[18.388,49.39],[18.417,49.385],[18.515,49.441],[18.536,49.482],[18.636,49.497],[18.733,49.48],[18.792,49.51],[18.932,49.504],[18.961,49.493],[18.962,49.389],[19.068,49.406],[19.142,49.394],[19.173,49.402],[19.189,49.442],[19.209,49.445],[19.204,49.461],[19.234,49.507],[19.34,49.529],[19.443,49.602],[19.505,49.563],[19.557,49.454],[19.635,49.441],[19.627,49.402],[19.769,49.393],[19.79,49.309],[19.78,49.293],[19.809,49.271],[19.748,49.206],[19.786,49.188],[19.854,49.191],[19.938,49.225],[20.05,49.173],[20.07,49.183],[20.086,49.243],[20.136,49.309],[20.16,49.306],[20.207,49.334],[20.284,49.339],[20.318,49.392],[20.422,49.383],[20.422,49.4],[20.438,49.403],[20.544,49.371],[20.605,49.4],[20.69,49.401],[20.778,49.331],[20.919,49.29],[21.017,49.352],[21.073,49.357],[21.069,49.381],[21.033,49.4],[21.054,49.414],[21.125,49.424],[21.194,49.401],[21.261,49.449],[21.428,49.41],[21.62,49.423],[21.692,49.402],[21.758,49.349],[21.82,49.377],[21.964,49.309],[21.993,49.278],[22.012,49.211],[22.041,49.197],[22.198,49.172],[22.216,49.14],[22.339,49.126],[22.39,49.093],[22.54,49.072]]]}},{"type":"Feature","properties":{"name":"Slovenia","blocKey":"nato","blocLabel":"NATO","color":"#5b6fb0","certainty":"member","basis":"NATO member"},"geometry":{"type":"Polygon","coordinates":[[[13.643,45.459],[13.59,45.489],[13.596,45.518],[13.569,45.539],[13.753,45.553],[13.712,45.593],[13.848,45.585],[13.895,45.632],[13.858,45.649],[13.779,45.743],[13.581,45.809],[13.566,45.83],[13.569,45.865],[13.623,45.966],[13.606,45.985],[13.509,45.967],[13.462,46.006],[13.49,46.026],[13.482,46.045],[13.505,46.066],[13.616,46.125],[13.645,46.162],[13.637,46.18],[13.559,46.184],[13.468,46.223],[13.423,46.229],[13.437,46.211],[13.41,46.208],[13.365,46.29],[13.434,46.354],[13.53,46.388],[13.6,46.443],[13.677,46.452],[13.701,46.52],[13.861,46.515],[13.982,46.482],[14.05,46.484],[14.15,46.44],[14.406,46.439],[14.451,46.414],[14.502,46.418],[14.54,46.379],[14.59,46.434],[14.68,46.459],[14.71,46.493],[14.789,46.507],[14.85,46.601],[14.934,46.621],[14.967,46.6],[15.004,46.637],[15.062,46.65],[15.388,46.646],[15.463,46.615],[15.511,46.628],[15.546,46.672],[15.627,46.681],[15.636,46.718],[15.729,46.703],[15.851,46.724],[15.987,46.692],[16.017,46.671],[16.015,46.694],[15.971,46.743],[15.972,46.821],[16.094,46.863],[16.272,46.864],[16.325,46.839],[16.298,46.776],[16.314,46.743],[16.357,46.716],[16.358,46.699],[16.405,46.687],[16.411,46.668],[16.368,46.643],[16.376,46.629],[16.501,46.545],[16.515,46.502],[16.358,46.547],[16.264,46.516],[16.234,46.479],[16.251,46.405],[16.279,46.387],[16.276,46.373],[16.192,46.37],[16.144,46.395],[16.106,46.374],[16.058,46.378],[16.06,46.332],[16.019,46.299],[15.818,46.256],[15.75,46.211],[15.64,46.208],[15.604,46.167],[15.59,46.114],[15.632,46.071],[15.698,46.036],[15.674,45.993],[15.676,45.925],[15.659,45.889],[15.676,45.842],[15.626,45.82],[15.451,45.815],[15.429,45.775],[15.255,45.723],[15.251,45.708],[15.283,45.68],[15.331,45.685],[15.374,45.64],[15.297,45.626],[15.269,45.602],[15.297,45.523],[15.361,45.482],[15.325,45.453],[15.139,45.43],[15.056,45.48],[15.007,45.481],[14.923,45.515],[14.904,45.514],[14.882,45.47],[14.797,45.465],[14.781,45.493],[14.668,45.534],[14.67,45.565],[14.603,45.604],[14.581,45.668],[14.499,45.596],[14.469,45.526],[14.373,45.478],[14.219,45.497],[14.093,45.474],[13.972,45.514],[13.961,45.493],[13.983,45.475],[13.889,45.424],[13.82,45.433],[13.759,45.463],[13.643,45.459]]]}},{"type":"Feature","properties":{"name":"Spain","blocKey":"nato","blocLabel":"NATO","color":"#5b6fb0","certainty":"member","basis":"NATO member"},"geometry":{"type":"MultiPolygon","coordinates":[[[[-5.341,35.847],[-5.399,35.925],[-5.309,35.901],[-5.283,35.912],[-5.341,35.847]]],[[[-2.948,35.33],[-2.913,35.277],[-2.943,35.268],[-2.964,35.286],[-2.967,35.314],[-2.948,35.33]]],[[[-1.794,43.386],[-1.797,43.341],[-1.756,43.319],[-1.747,43.291],[-1.655,43.298],[-1.622,43.247],[-1.588,43.252],[-1.559,43.284],[-1.432,43.265],[-1.404,43.243],[-1.4,43.207],[-1.426,43.135],[-1.488,43.082],[-1.457,43.045],[-1.366,43.033],[-1.348,43.093],[-1.286,43.109],[-1.315,43.083],[-1.294,43.055],[-1.15,43.006],[-1.028,42.987],[-0.943,42.948],[-0.76,42.947],[-0.74,42.885],[-0.648,42.85],[-0.569,42.773],[-0.536,42.784],[-0.534,42.808],[-0.424,42.791],[-0.323,42.843],[-0.235,42.786],[-0.161,42.795],[-0.158,42.761],[-0.119,42.717],[-0.039,42.685],[0.169,42.726],[0.238,42.71],[0.275,42.669],[0.354,42.717],[0.409,42.682],[0.657,42.688],[0.666,42.715],[0.633,42.745],[0.651,42.763],[0.64,42.775],[0.656,42.838],[0.707,42.847],[0.813,42.832],[0.921,42.784],[0.95,42.796],[1.089,42.771],[1.151,42.707],[1.343,42.709],[1.338,42.694],[1.361,42.687],[1.429,42.595],[1.406,42.529],[1.429,42.531],[1.45,42.504],[1.408,42.487],[1.448,42.435],[1.517,42.43],[1.544,42.45],[1.64,42.466],[1.654,42.497],[1.707,42.503],[1.927,42.437],[1.964,42.367],[2.009,42.347],[2.063,42.358],[2.137,42.416],[2.277,42.429],[2.423,42.384],[2.446,42.352],[2.515,42.326],[2.548,42.352],[2.662,42.339],[2.64,42.373],[2.69,42.406],[2.789,42.412],[2.851,42.448],[2.934,42.47],[3.03,42.466],[3.086,42.427],[3.181,42.431],[3.17,42.397],[3.187,42.35],[3.318,42.323],[3.263,42.24],[3.21,42.24],[3.17,42.26],[3.119,42.218],[3.122,42.14],[3.214,42.068],[3.196,42.033],[3.208,41.99],[3.236,41.966],[3.195,41.888],[3.15,41.845],[3.117,41.848],[3.079,41.827],[3.069,41.799],[2.933,41.712],[2.84,41.695],[2.778,41.646],[2.449,41.535],[2.297,41.465],[2.131,41.304],[2.02,41.266],[1.539,41.187],[1.218,41.105],[1.173,41.059],[1.098,41.071],[1.017,41.052],[0.714,40.815],[0.695,40.786],[0.75,40.766],[0.767,40.771],[0.75,40.786],[0.767,40.785],[0.842,40.732],[0.874,40.728],[0.858,40.686],[0.784,40.661],[0.677,40.565],[0.616,40.553],[0.592,40.582],[0.663,40.575],[0.733,40.634],[0.6,40.614],[0.563,40.59],[0.351,40.285],[0.205,40.172],[0.145,40.079],[0.066,40.032],[-0.029,39.902],[-0.091,39.848],[-0.323,39.516],[-0.327,39.431],[-0.301,39.322],[-0.215,39.182],[-0.242,39.166],[-0.227,39.112],[-0.158,39.002],[-0.106,38.937],[-0.01,38.87],[0.154,38.831],[0.185,38.804],[0.171,38.796],[0.228,38.77],[0.235,38.742],[0.177,38.724],[0.145,38.686],[0.083,38.661],[0.081,38.631],[-0.043,38.612],[-0.075,38.54],[-0.177,38.527],[-0.329,38.47],[-0.395,38.414],[-0.414,38.365],[-0.46,38.36],[-0.474,38.337],[-0.51,38.338],[-0.519,38.299],[-0.504,38.207],[-0.591,38.19],[-0.624,38.162],[-0.645,38.116],[-0.655,37.989],[-0.718,37.943],[-0.759,37.863],[-0.761,37.796],[-0.788,37.823],[-0.812,37.77],[-0.856,37.742],[-0.81,37.667],[-0.755,37.641],[-0.726,37.652],[-0.708,37.643],[-0.705,37.62],[-0.737,37.599],[-0.925,37.556],[-0.973,37.576],[-1.088,37.581],[-1.12,37.559],[-1.106,37.532],[-1.243,37.579],[-1.262,37.558],[-1.324,37.562],[-1.471,37.482],[-1.497,37.428],[-1.515,37.433],[-1.671,37.363],[-1.729,37.282],[-1.813,37.207],[-1.855,37.077],[-1.906,36.988],[-1.9,36.941],[-1.989,36.9],[-2.071,36.775],[-2.127,36.736],[-2.204,36.737],[-2.283,36.81],[-2.362,36.837],[-2.433,36.816],[-2.481,36.83],[-2.561,36.819],[-2.617,36.728],[-2.659,36.695],[-2.718,36.682],[-2.757,36.68],[-2.821,36.714],[-2.848,36.7],[-2.933,36.752],[-2.988,36.737],[-3.228,36.755],[-3.33,36.745],[-3.415,36.696],[-3.478,36.696],[-3.516,36.721],[-3.55,36.712],[-3.601,36.743],[-3.731,36.724],[-3.839,36.752],[-3.961,36.727],[-4.057,36.748],[-4.11,36.726],[-4.225,36.712],[-4.403,36.724],[-4.433,36.711],[-4.525,36.581],[-4.588,36.574],[-4.615,36.531],[-4.659,36.508],[-4.723,36.493],[-4.903,36.507],[-4.994,36.457],[-5.062,36.452],[-5.187,36.411],[-5.254,36.297],[-5.291,36.277],[-5.285,36.261],[-5.334,36.188],[-5.339,36.141],[-5.358,36.141],[-5.383,36.172],[-5.425,36.18],[-5.442,36.149],[-5.429,36.081],[-5.439,36.063],[-5.612,36.006],[-5.63,36.037],[-5.689,36.067],[-5.713,36.06],[-5.796,36.086],[-5.917,36.184],[-5.984,36.177],[-6.037,36.19],[-6.105,36.281],[-6.159,36.304],[-6.184,36.371],[-6.218,36.402],[-6.28,36.511],[-6.31,36.534],[-6.289,36.537],[-6.258,36.514],[-6.231,36.473],[-6.179,36.514],[-6.224,36.511],[-6.235,36.576],[-6.283,36.612],[-6.395,36.637],[-6.438,36.733],[-6.433,36.751],[-6.346,36.795],[-6.338,36.884],[-6.304,36.907],[-6.223,36.902],[-6.195,36.932],[-6.24,36.913],[-6.284,36.926],[-6.345,36.901],[-6.347,36.82],[-6.388,36.808],[-6.5,36.96],[-6.745,37.101],[-6.893,37.167],[-6.918,37.215],[-6.853,37.295],[-6.931,37.234],[-6.963,37.234],[-6.928,37.172],[-7.101,37.224],[-7.127,37.215],[-7.086,37.206],[-7.328,37.202],[-7.381,37.18],[-7.414,37.193],[-7.469,37.476],[-7.529,37.557],[-7.514,37.601],[-7.472,37.637],[-7.444,37.73],[-7.334,37.812],[-7.307,37.851],[-7.269,37.949],[-7.273,37.977],[-7.16,37.997],[-7.123,38.04],[-7.024,38.023],[-6.948,38.197],[-7.026,38.2],[-7.104,38.174],[-7.127,38.191],[-7.167,38.272],[-7.317,38.425],[-7.359,38.446],[-7.335,38.469],[-7.346,38.494],[-7.318,38.556],[-7.27,38.618],[-7.293,38.656],[-7.27,38.738],[-7.151,38.819],[-7.056,38.855],[-7.066,38.905],[-6.973,39.014],[-6.986,39.067],[-7.016,39.097],[-7.065,39.115],[-7.127,39.097],[-7.157,39.105],[-7.168,39.171],[-7.258,39.211],[-7.264,39.252],[-7.251,39.271],[-7.327,39.341],[-7.332,39.385],[-7.314,39.457],[-7.399,39.494],[-7.418,39.524],[-7.516,39.594],[-7.557,39.68],[-7.341,39.672],[-7.236,39.687],[-7.183,39.675],[-7.021,39.694],[-6.993,39.774],[-7,39.803],[-6.928,39.862],[-6.925,39.918],[-6.88,40.009],[-6.956,40.103],[-7.016,40.119],[-7.043,40.181],[-7.016,40.226],[-6.878,40.265],[-6.87,40.296],[-6.794,40.356],[-6.851,40.41],[-6.857,40.442],[-6.813,40.515],[-6.85,40.582],[-6.814,40.647],[-6.839,40.758],[-6.837,40.84],[-6.816,40.857],[-6.855,40.887],[-6.942,41.016],[-6.928,41.048],[-6.907,41.056],[-6.804,41.064],[-6.765,41.109],[-6.755,41.159],[-6.647,41.268],[-6.563,41.271],[-6.496,41.295],[-6.4,41.377],[-6.379,41.377],[-6.379,41.397],[-6.321,41.411],[-6.283,41.466],[-6.28,41.497],[-6.206,41.57],[-6.272,41.628],[-6.366,41.664],[-6.461,41.677],[-6.503,41.653],[-6.542,41.659],[-6.577,41.74],[-6.524,41.867],[-6.576,41.883],[-6.572,41.943],[-6.609,41.962],[-6.623,41.941],[-6.728,41.931],[-6.758,41.938],[-6.794,41.98],[-6.825,41.984],[-6.831,41.954],[-6.855,41.943],[-6.945,41.943],[-6.992,41.966],[-7.051,41.942],[-7.145,41.987],[-7.2,41.964],[-7.198,41.902],[-7.219,41.879],[-7.322,41.845],[-7.392,41.842],[-7.443,41.806],[-7.469,41.853],[-7.516,41.865],[-7.547,41.832],[-7.606,41.826],[-7.623,41.842],[-7.607,41.873],[-7.661,41.875],[-7.722,41.899],[-7.897,41.858],[-7.906,41.914],[-7.926,41.908],[-7.945,41.867],[-7.994,41.864],[-8.049,41.816],[-8.18,41.811],[-8.177,41.85],[-8.22,41.868],[-8.23,41.905],[-8.182,41.965],[-8.108,42.011],[-8.095,42.041],[-8.138,42.073],[-8.204,42.07],[-8.204,42.129],[-8.222,42.154],[-8.347,42.102],[-8.627,42.051],[-8.671,42],[-8.751,41.969],[-8.777,41.937],[-8.865,41.889],[-8.881,41.893],[-8.895,42.119],[-8.827,42.131],[-8.824,42.148],[-8.847,42.161],[-8.772,42.222],[-8.625,42.302],[-8.623,42.347],[-8.675,42.299],[-8.785,42.26],[-8.868,42.256],[-8.853,42.305],[-8.827,42.297],[-8.831,42.342],[-8.772,42.343],[-8.655,42.441],[-8.694,42.44],[-8.758,42.407],[-8.844,42.404],[-8.868,42.415],[-8.888,42.456],[-8.943,42.469],[-8.881,42.497],[-8.861,42.485],[-8.874,42.469],[-8.827,42.462],[-8.813,42.503],[-8.823,42.57],[-8.776,42.605],[-8.731,42.688],[-8.785,42.641],[-8.84,42.682],[-8.857,42.649],[-8.847,42.641],[-8.869,42.617],[-8.903,42.625],[-8.936,42.606],[-8.922,42.594],[-8.97,42.579],[-8.981,42.551],[-9.012,42.531],[-9.026,42.543],[-9.033,42.578],[-9.071,42.596],[-9.03,42.708],[-8.898,42.792],[-8.888,42.831],[-8.908,42.839],[-8.913,42.817],[-8.951,42.795],[-9.049,42.795],[-9.046,42.778],[-9.069,42.76],[-9.1,42.758],[-9.135,42.813],[-9.1,42.833],[-9.141,42.857],[-9.149,42.884],[-9.135,42.918],[-9.196,42.949],[-9.196,42.927],[-9.224,42.94],[-9.273,42.893],[-9.292,42.929],[-9.251,43.017],[-9.28,43.055],[-9.258,43.061],[-9.218,43.114],[-9.19,43.102],[-9.108,43.141],[-9.208,43.138],[-9.218,43.155],[-9.138,43.202],[-9.052,43.196],[-9.012,43.239],[-8.986,43.227],[-8.933,43.235],[-8.915,43.245],[-8.948,43.25],[-8.988,43.283],[-8.83,43.341],[-8.786,43.312],[-8.693,43.293],[-8.593,43.324],[-8.558,43.313],[-8.443,43.375],[-8.388,43.386],[-8.354,43.349],[-8.331,43.406],[-8.267,43.386],[-8.21,43.313],[-8.21,43.391],[-8.175,43.416],[-8.265,43.427],[-8.305,43.451],[-8.179,43.473],[-8.169,43.492],[-8.257,43.478],[-8.244,43.485],[-8.257,43.492],[-8.289,43.473],[-8.333,43.472],[-8.317,43.523],[-8.292,43.533],[-8.313,43.567],[-8.232,43.576],[-8.087,43.656],[-8.075,43.64],[-8.052,43.643],[-8.066,43.643],[-8.052,43.656],[-8.074,43.679],[-8.059,43.709],[-7.981,43.718],[-7.909,43.766],[-7.881,43.763],[-7.847,43.718],[-7.868,43.718],[-7.874,43.684],[-7.909,43.67],[-7.858,43.668],[-7.849,43.676],[-7.868,43.697],[-7.819,43.697],[-7.826,43.712],[-7.812,43.723],[-7.713,43.761],[-7.686,43.793],[-7.668,43.773],[-7.696,43.746],[-7.692,43.727],[-7.641,43.753],[-7.616,43.689],[-7.586,43.718],[-7.541,43.732],[-7.367,43.68],[-7.304,43.599],[-7.257,43.582],[-7.271,43.561],[-7.044,43.559],[-7.031,43.533],[-7.054,43.497],[-7.045,43.479],[-7.001,43.557],[-6.944,43.566],[-6.704,43.558],[-6.649,43.579],[-6.51,43.547],[-6.463,43.555],[-6.469,43.575],[-6.418,43.561],[-6.315,43.569],[-6.223,43.596],[-6.178,43.575],[-6.069,43.57],[-6.024,43.588],[-5.907,43.588],[-5.907,43.637],[-5.864,43.641],[-5.852,43.663],[-5.804,43.65],[-5.709,43.569],[-5.697,43.583],[-5.677,43.561],[-5.394,43.555],[-5.414,43.507],[-5.357,43.539],[-5.3,43.538],[-5.178,43.489],[-4.975,43.459],[-4.941,43.472],[-4.735,43.417],[-4.508,43.402],[-4.482,43.384],[-4.433,43.403],[-4.379,43.384],[-4.359,43.4],[-4.189,43.405],[-4.013,43.453],[-3.981,43.438],[-3.961,43.445],[-3.975,43.459],[-3.94,43.477],[-3.827,43.497],[-3.769,43.479],[-3.844,43.445],[-3.831,43.425],[-3.811,43.425],[-3.772,43.453],[-3.745,43.438],[-3.756,43.472],[-3.729,43.466],[-3.729,43.479],[-3.579,43.518],[-3.554,43.517],[-3.556,43.5],[-3.505,43.479],[-3.432,43.467],[-3.429,43.447],[-3.47,43.454],[-3.502,43.431],[-3.461,43.412],[-3.447,43.431],[-3.436,43.419],[-3.269,43.404],[-3.131,43.356],[-3.09,43.367],[-3.008,43.321],[-3.029,43.376],[-2.94,43.417],[-2.947,43.431],[-2.769,43.453],[-2.715,43.425],[-2.691,43.368],[-2.678,43.406],[-2.661,43.412],[-2.484,43.371],[-2.464,43.349],[-2.367,43.316],[-2.285,43.303],[-2.196,43.315],[-2.128,43.287],[-1.96,43.343],[-1.919,43.321],[-1.905,43.328],[-1.926,43.343],[-1.811,43.395],[-1.794,43.386]]],[[[1.983,42.441],[1.948,42.451],[1.957,42.482],[1.968,42.486],[1.999,42.444],[1.983,42.441]]],[[[-17.934,27.852],[-17.896,27.84],[-17.879,27.815],[-17.93,27.719],[-17.965,27.687],[-17.979,27.643],[-18.016,27.653],[-18.053,27.691],[-18.127,27.7],[-18.16,27.722],[-18.167,27.758],[-18.14,27.769],[-18.057,27.756],[-17.99,27.824],[-17.934,27.852]]],[[[-15.392,28.03],[-15.364,28.01],[-15.377,27.958],[-15.364,27.935],[-15.392,27.9],[-15.378,27.852],[-15.453,27.791],[-15.54,27.766],[-15.578,27.734],[-15.686,27.763],[-15.74,27.804],[-15.786,27.844],[-15.821,27.922],[-15.816,27.996],[-15.75,28.036],[-15.708,28.082],[-15.706,28.167],[-15.459,28.134],[-15.435,28.141],[-15.439,28.175],[-15.409,28.18],[-15.4,28.157],[-15.415,28.114],[-15.392,28.03]]],[[[-17.31,28.207],[-17.259,28.218],[-17.213,28.205],[-17.116,28.146],[-17.098,28.101],[-17.185,28.032],[-17.258,28.025],[-17.31,28.053],[-17.343,28.098],[-17.339,28.171],[-17.31,28.207]]],[[[-16.428,28.15],[-16.546,28.024],[-16.58,28.03],[-16.693,28],[-16.728,28.079],[-16.837,28.209],[-16.847,28.263],[-16.916,28.355],[-16.837,28.391],[-16.77,28.366],[-16.664,28.401],[-16.585,28.401],[-16.507,28.424],[-16.42,28.491],[-16.408,28.52],[-16.323,28.553],[-16.316,28.572],[-16.203,28.564],[-16.141,28.583],[-16.118,28.572],[-16.127,28.544],[-16.231,28.488],[-16.296,28.418],[-16.356,28.381],[-16.358,28.315],[-16.419,28.211],[-16.428,28.15]]],[[[-13.973,28.736],[-13.899,28.754],[-13.865,28.744],[-13.824,28.682],[-13.829,28.552],[-13.857,28.479],[-13.843,28.407],[-13.934,28.244],[-14.192,28.171],[-14.301,28.068],[-14.343,28.051],[-14.507,28.071],[-14.497,28.103],[-14.436,28.101],[-14.341,28.135],[-14.224,28.219],[-14.141,28.435],[-14.036,28.587],[-14,28.717],[-13.973,28.736]]],[[[-17.756,28.819],[-17.751,28.775],[-17.721,28.731],[-17.765,28.678],[-17.746,28.622],[-17.76,28.577],[-17.837,28.455],[-17.865,28.475],[-17.88,28.544],[-17.963,28.671],[-17.976,28.728],[-18.002,28.75],[-17.997,28.78],[-17.911,28.856],[-17.842,28.835],[-17.801,28.849],[-17.756,28.819]]],[[[-13.483,29.24],[-13.465,29.243],[-13.418,29.209],[-13.439,29.159],[-13.459,29.147],[-13.452,29.086],[-13.482,28.999],[-13.608,28.933],[-13.709,28.915],[-13.775,28.84],[-13.867,28.865],[-13.876,28.889],[-13.843,28.922],[-13.832,29],[-13.798,29.048],[-13.637,29.127],[-13.537,29.138],[-13.483,29.24]]],[[[-13.487,29.285],[-13.478,29.266],[-13.492,29.243],[-13.541,29.229],[-13.508,29.289],[-13.487,29.285]]],[[[-0.733,37.748],[-0.74,37.702],[-0.726,37.665],[-0.751,37.713],[-0.755,37.774],[-0.733,37.748]]],[[[1.526,38.678],[1.566,38.691],[1.581,38.653],[1.523,38.649],[1.458,38.681],[1.383,38.642],[1.394,38.704],[1.383,38.712],[1.418,38.728],[1.431,38.755],[1.486,38.695],[1.526,38.678]]],[[[1.606,39.091],[1.623,39.029],[1.593,39.02],[1.576,38.986],[1.51,38.93],[1.415,38.891],[1.403,38.832],[1.371,38.832],[1.344,38.862],[1.308,38.858],[1.283,38.875],[1.26,38.858],[1.217,38.885],[1.218,38.954],[1.301,38.968],[1.293,39.033],[1.357,39.078],[1.403,39.078],[1.523,39.119],[1.606,39.091]]],[[[3.355,39.784],[3.474,39.75],[3.454,39.66],[3.402,39.623],[3.406,39.592],[3.323,39.524],[3.292,39.476],[3.282,39.42],[3.269,39.428],[3.253,39.386],[3.061,39.269],[3.001,39.318],[2.991,39.347],[2.959,39.363],[2.787,39.376],[2.737,39.462],[2.755,39.503],[2.744,39.523],[2.682,39.559],[2.655,39.565],[2.569,39.532],[2.52,39.473],[2.493,39.47],[2.469,39.506],[2.481,39.516],[2.454,39.537],[2.392,39.524],[2.351,39.576],[2.358,39.612],[2.468,39.659],[2.518,39.7],[2.57,39.713],[2.631,39.77],[2.652,39.77],[2.813,39.873],[2.844,39.873],[2.933,39.914],[3.179,39.969],[3.214,39.955],[3.115,39.909],[3.097,39.914],[3.095,39.881],[3.207,39.893],[3.187,39.854],[3.126,39.832],[3.136,39.789],[3.224,39.75],[3.292,39.75],[3.355,39.784]]],[[[4.303,39.926],[4.337,39.867],[4.303,39.888],[4.3,39.822],[4.248,39.816],[3.981,39.936],[3.869,39.926],[3.831,39.936],[3.851,39.984],[3.803,40.018],[3.822,40.048],[4.052,40.058],[4.105,40.079],[4.142,40.025],[4.171,40.065],[4.179,40.039],[4.265,39.986],[4.272,39.955],[4.255,39.95],[4.298,39.942],[4.303,39.926]]],[[[2.985,39.166],[2.962,39.116],[2.931,39.118],[2.914,39.152],[2.981,39.186],[2.985,39.166]]],[[[-4.3,35.173],[-4.3,35.173]]],[[[-3.903,35.215],[-3.903,35.215]]],[[[-3.901,35.218],[-3.901,35.218]]],[[[-2.434,35.185],[-2.434,35.185]]],[[[-5.419,35.916],[-5.419,35.916]]]]}},{"type":"Feature","properties":{"name":"Sweden","blocKey":"nato","blocLabel":"NATO","color":"#5b6fb0","certainty":"member","basis":"NATO member"},"geometry":{"type":"MultiPolygon","coordinates":[[[[20.623,69.036],[20.911,68.981],[20.935,68.967],[20.934,68.949],[20.888,68.927],[20.885,68.907],[20.906,68.895],[21.072,68.869],[21.217,68.817],[21.305,68.756],[21.406,68.749],[21.464,68.687],[21.717,68.619],[21.737,68.588],[21.919,68.568],[22.072,68.477],[22.303,68.476],[22.371,68.468],[22.378,68.454],[22.662,68.427],[22.749,68.385],[22.808,68.395],[22.904,68.337],[23.067,68.29],[23.155,68.217],[23.149,68.139],[23.166,68.122],[23.307,68.146],[23.383,68.051],[23.662,67.95],[23.636,67.913],[23.533,67.893],[23.481,67.865],[23.485,67.737],[23.554,67.587],[23.473,67.555],[23.485,67.543],[23.431,67.486],[23.477,67.444],[23.595,67.454],[23.765,67.42],[23.751,67.346],[23.786,67.338],[23.735,67.29],[23.603,67.26],[23.591,67.225],[23.615,67.214],[23.574,67.173],[23.581,67.153],[23.667,67.098],[23.677,67.058],[23.72,67.017],[23.817,66.976],[23.933,66.889],[24.004,66.805],[23.939,66.791],[23.892,66.751],[23.903,66.686],[23.882,66.632],[23.893,66.596],[23.882,66.564],[23.652,66.459],[23.642,66.436],[23.677,66.364],[23.663,66.317],[23.724,66.207],[23.786,66.177],[23.889,66.161],[23.975,66.073],[24.02,66.049],[24.055,65.985],[24.055,65.948],[24.163,65.841],[24.163,65.823],[24.14,65.805],[24.033,65.81],[24.053,65.796],[23.957,65.789],[23.926,65.76],[23.885,65.774],[23.872,65.795],[23.782,65.793],[23.739,65.829],[23.69,65.83],[23.623,65.796],[23.608,65.81],[23.484,65.816],[23.491,65.83],[23.47,65.833],[23.422,65.802],[23.438,65.792],[23.428,65.765],[23.385,65.775],[23.374,65.823],[23.29,65.796],[23.196,65.827],[23.184,65.82],[23.191,65.79],[23.238,65.769],[23.148,65.746],[23.128,65.734],[23.13,65.715],[23.103,65.705],[23.079,65.707],[23.087,65.728],[23.046,65.761],[22.944,65.775],[22.901,65.799],[22.86,65.796],[22.785,65.864],[22.653,65.908],[22.634,65.905],[22.682,65.871],[22.7,65.804],[22.664,65.758],[22.648,65.755],[22.653,65.778],[22.628,65.79],[22.57,65.796],[22.511,65.775],[22.532,65.81],[22.518,65.823],[22.47,65.843],[22.477,65.857],[22.406,65.864],[22.326,65.837],[22.367,65.81],[22.365,65.798],[22.319,65.802],[22.361,65.761],[22.326,65.736],[22.209,65.761],[22.25,65.736],[22.362,65.716],[22.388,65.673],[22.34,65.665],[22.329,65.689],[22.282,65.701],[22.258,65.693],[22.268,65.681],[22.258,65.665],[22.285,65.632],[22.189,65.624],[22.301,65.612],[22.319,65.632],[22.285,65.665],[22.309,65.669],[22.326,65.645],[22.38,65.634],[22.333,65.604],[22.411,65.579],[22.429,65.549],[22.405,65.542],[22.275,65.588],[22.251,65.583],[22.257,65.569],[22.228,65.572],[22.051,65.617],[22.006,65.642],[21.853,65.678],[21.764,65.728],[21.788,65.687],[21.848,65.661],[22.203,65.549],[22.093,65.535],[22.066,65.514],[21.854,65.535],[21.928,65.489],[21.95,65.495],[21.922,65.508],[21.947,65.509],[22.032,65.467],[21.998,65.426],[21.942,65.453],[21.942,65.412],[21.928,65.404],[21.881,65.419],[21.79,65.4],[21.706,65.414],[21.688,65.412],[21.703,65.398],[21.656,65.397],[21.587,65.418],[21.544,65.406],[21.6,65.392],[21.489,65.393],[21.47,65.378],[21.49,65.371],[21.449,65.357],[21.543,65.319],[21.605,65.334],[21.702,65.286],[21.668,65.253],[21.623,65.241],[21.544,65.247],[21.49,65.305],[21.346,65.373],[21.312,65.371],[21.333,65.364],[21.32,65.351],[21.278,65.35],[21.264,65.337],[21.422,65.309],[21.61,65.169],[21.619,65.148],[21.544,65.137],[21.563,65.123],[21.544,65.083],[21.586,65.069],[21.479,65.062],[21.467,65.055],[21.503,65.021],[21.463,65.008],[21.422,65.015],[21.383,64.987],[21.394,64.967],[21.378,64.96],[21.243,64.953],[21.247,64.922],[21.202,64.899],[21.213,64.872],[21.173,64.853],[21.181,64.836],[21.113,64.823],[21.069,64.861],[21.037,64.833],[21.085,64.809],[21.079,64.795],[21.097,64.785],[21.218,64.789],[21.306,64.768],[21.312,64.754],[21.299,64.749],[21.229,64.748],[21.312,64.699],[21.289,64.687],[21.305,64.666],[21.144,64.733],[21.109,64.716],[21.123,64.683],[21.232,64.661],[21.25,64.644],[21.232,64.643],[21.245,64.622],[21.305,64.611],[21.353,64.57],[21.374,64.608],[21.456,64.562],[21.467,64.587],[21.486,64.583],[21.501,64.544],[21.552,64.535],[21.526,64.523],[21.463,64.548],[21.387,64.522],[21.365,64.542],[21.347,64.532],[21.399,64.505],[21.476,64.515],[21.49,64.487],[21.48,64.461],[21.492,64.454],[21.538,64.473],[21.579,64.466],[21.572,64.48],[21.586,64.48],[21.606,64.452],[21.526,64.422],[21.373,64.33],[21.319,64.364],[21.333,64.315],[21.244,64.307],[21.117,64.221],[21.079,64.227],[20.967,64.149],[20.948,64.13],[20.954,64.095],[20.912,64.053],[20.897,63.984],[20.825,63.945],[20.777,63.869],[20.675,63.843],[20.678,63.823],[20.709,63.822],[20.675,63.789],[20.613,63.822],[20.543,63.775],[20.531,63.781],[20.539,63.801],[20.503,63.822],[20.456,63.772],[20.414,63.768],[20.421,63.712],[20.394,63.681],[20.355,63.689],[20.362,63.725],[20.325,63.754],[20.308,63.654],[20.268,63.671],[20.284,63.733],[20.246,63.698],[20.243,63.651],[20.12,63.642],[20.092,63.665],[20.035,63.657],[20.011,63.634],[20.031,63.602],[19.938,63.62],[19.887,63.603],[19.864,63.573],[19.753,63.524],[19.769,63.461],[19.687,63.431],[19.639,63.445],[19.637,63.478],[19.613,63.486],[19.619,63.5],[19.446,63.561],[19.42,63.549],[19.469,63.534],[19.455,63.509],[19.523,63.486],[19.461,63.469],[19.517,63.415],[19.346,63.486],[19.373,63.445],[19.351,63.44],[19.293,63.467],[19.276,63.443],[19.259,63.329],[19.234,63.326],[19.229,63.342],[19.133,63.308],[19.153,63.294],[19.112,63.253],[19.133,63.253],[19.117,63.237],[19.057,63.26],[19.04,63.239],[19.056,63.227],[19.112,63.22],[19.068,63.202],[19.053,63.179],[18.907,63.267],[18.873,63.269],[18.879,63.253],[18.866,63.25],[18.751,63.259],[18.735,63.253],[18.756,63.243],[18.913,63.212],[18.894,63.198],[18.797,63.192],[18.803,63.178],[18.773,63.169],[18.753,63.208],[18.824,63.22],[18.7,63.226],[18.756,63.157],[18.564,63.178],[18.643,63.147],[18.655,63.114],[18.557,63.117],[18.523,63.076],[18.557,63.076],[18.499,63.055],[18.478,63.02],[18.404,63.056],[18.372,63.048],[18.434,63.014],[18.368,63.02],[18.343,63.04],[18.324,63.014],[18.242,63],[18.524,62.992],[18.577,62.958],[18.544,62.973],[18.505,62.949],[18.403,62.965],[18.393,62.945],[18.44,62.928],[18.511,62.932],[18.523,62.925],[18.513,62.904],[18.4,62.911],[18.474,62.877],[18.378,62.837],[18.324,62.842],[18.268,62.883],[18.249,62.884],[18.255,62.869],[18.207,62.869],[18.22,62.852],[18.207,62.835],[18.283,62.842],[18.244,62.799],[18.195,62.777],[18.183,62.79],[18.201,62.808],[18.186,62.812],[18.14,62.772],[18.009,62.794],[18.034,62.811],[18.121,62.806],[18.146,62.822],[18.084,62.837],[18.077,62.856],[17.968,62.808],[17.935,62.817],[17.913,62.884],[17.921,62.916],[17.879,62.911],[17.855,62.955],[17.81,62.979],[17.831,63],[17.762,62.979],[17.694,62.994],[17.848,62.921],[17.902,62.839],[17.886,62.815],[17.953,62.786],[17.962,62.752],[17.995,62.728],[17.993,62.66],[17.872,62.671],[18.043,62.626],[18.064,62.596],[17.968,62.56],[17.953,62.612],[17.937,62.616],[17.909,62.549],[17.879,62.541],[17.893,62.527],[17.843,62.49],[17.735,62.506],[17.671,62.489],[17.66,62.461],[17.707,62.437],[17.562,62.444],[17.427,62.541],[17.406,62.536],[17.396,62.511],[17.331,62.488],[17.331,62.472],[17.377,62.434],[17.378,62.411],[17.337,62.404],[17.361,62.39],[17.36,62.356],[17.381,62.333],[17.454,62.321],[17.488,62.287],[17.46,62.273],[17.653,62.232],[17.544,62.202],[17.57,62.232],[17.535,62.235],[17.509,62.218],[17.509,62.164],[17.474,62.117],[17.473,62.085],[17.447,62.068],[17.469,62.062],[17.426,62.027],[17.46,62.003],[17.392,61.992],[17.386,61.962],[17.355,61.955],[17.345,61.937],[17.365,61.886],[17.344,61.871],[17.354,61.847],[17.337,61.824],[17.406,61.821],[17.372,61.801],[17.388,61.788],[17.399,61.722],[17.483,61.735],[17.514,61.714],[17.52,61.691],[17.496,61.635],[17.433,61.639],[17.362,61.709],[17.331,61.718],[17.351,61.677],[17.313,61.682],[17.303,61.705],[17.267,61.722],[17.138,61.726],[17.269,61.691],[17.229,61.663],[17.166,61.657],[17.193,61.642],[17.097,61.636],[17.248,61.609],[17.084,61.616],[17.146,61.595],[17.056,61.582],[17.187,61.561],[17.08,61.55],[17.166,61.527],[17.125,61.513],[17.172,61.499],[17.177,61.487],[17.152,61.465],[17.169,61.441],[17.22,61.448],[17.217,61.434],[17.166,61.416],[17.137,61.437],[17.104,61.399],[17.202,61.337],[17.276,61.314],[17.152,61.328],[17.166,61.308],[17.248,61.287],[17.205,61.289],[17.097,61.321],[17.18,61.276],[17.213,61.235],[17.152,61.204],[17.187,61.191],[17.159,61.15],[17.183,61.123],[17.146,61.115],[17.2,61.096],[17.169,61.059],[17.187,61.033],[17.159,61.02],[17.248,61.012],[17.168,60.992],[17.158,60.948],[17.205,60.934],[17.217,60.899],[17.246,60.898],[17.282,60.841],[17.258,60.833],[17.259,60.816],[17.282,60.813],[17.283,60.781],[17.336,60.767],[17.187,60.692],[17.258,60.694],[17.365,60.649],[17.324,60.636],[17.34,60.623],[17.575,60.648],[17.659,60.608],[17.604,60.584],[17.638,60.515],[17.671,60.504],[17.741,60.498],[17.727,60.535],[17.816,60.585],[17.919,60.6],[17.975,60.588],[17.995,60.553],[17.967,60.512],[18.098,60.465],[18.143,60.414],[18.262,60.382],[18.207,60.355],[18.235,60.327],[18.296,60.355],[18.428,60.349],[18.448,60.341],[18.448,60.313],[18.474,60.293],[18.427,60.286],[18.565,60.259],[18.605,60.238],[18.564,60.228],[18.401,60.26],[18.317,60.321],[18.331,60.286],[18.448,60.211],[18.393,60.232],[18.42,60.194],[18.506,60.156],[18.549,60.174],[18.55,60.129],[18.578,60.074],[18.591,60.108],[18.578,60.142],[18.651,60.148],[18.735,60.115],[18.745,60.05],[18.797,60.005],[18.753,60.082],[18.766,60.111],[18.817,60.118],[18.824,60.068],[18.903,59.947],[19.006,59.912],[19.032,59.881],[19.044,59.882],[19.037,59.903],[19.072,59.896],[19.068,59.834],[19.035,59.835],[18.886,59.93],[18.931,59.885],[18.924,59.852],[18.862,59.803],[18.755,59.791],[18.734,59.769],[19.042,59.785],[19.085,59.772],[19.074,59.75],[19.036,59.729],[18.957,59.719],[18.913,59.752],[18.88,59.722],[18.714,59.673],[18.694,59.649],[18.736,59.642],[18.7,59.621],[18.66,59.636],[18.687,59.606],[18.64,59.584],[18.484,59.534],[18.38,59.476],[18.269,59.477],[18.303,59.457],[18.249,59.45],[18.283,59.436],[18.277,59.423],[18.293,59.414],[18.338,59.409],[18.307,59.397],[18.188,59.407],[18.159,59.422],[18.207,59.422],[18.199,59.451],[18.181,59.458],[18.146,59.444],[18.113,59.455],[18.084,59.439],[18.098,59.409],[18.065,59.397],[18.009,59.409],[18.146,59.34],[18.095,59.338],[18.095,59.327],[18.197,59.334],[18.221,59.32],[18.255,59.363],[18.318,59.376],[18.39,59.369],[18.448,59.354],[18.427,59.34],[18.47,59.337],[18.482,59.348],[18.448,59.395],[18.496,59.395],[18.427,59.436],[18.485,59.434],[18.537,59.416],[18.544,59.395],[18.612,59.375],[18.601,59.362],[18.544,59.368],[18.633,59.347],[18.646,59.33],[18.62,59.308],[18.519,59.298],[18.461,59.312],[18.364,59.307],[18.338,59.313],[18.345,59.334],[18.291,59.323],[18.276,59.313],[18.317,59.279],[18.283,59.279],[18.279,59.262],[18.412,59.215],[18.427,59.197],[18.336,59.236],[18.314,59.234],[18.313,59.222],[18.365,59.21],[18.387,59.183],[18.406,59.189],[18.393,59.169],[18.43,59.175],[18.424,59.144],[18.308,59.131],[18.29,59.121],[18.324,59.108],[18.23,59.084],[18.201,59.081],[18.255,59.101],[18.242,59.108],[18.255,59.121],[18.224,59.12],[18.139,59.094],[18.096,59.058],[18.043,59.06],[18.051,59.039],[18.014,59.045],[18.003,59.039],[18.019,59.023],[17.961,58.963],[17.961,58.923],[17.9,58.916],[17.893,58.861],[17.869,58.877],[17.861,58.919],[17.815,58.928],[17.774,58.961],[17.803,58.908],[17.774,58.886],[17.783,58.916],[17.749,58.924],[17.741,58.984],[17.769,59.121],[17.733,59.114],[17.71,59.053],[17.666,59.081],[17.694,59.131],[17.659,59.169],[17.673,59.135],[17.611,59.094],[17.615,59.032],[17.632,59.018],[17.607,58.966],[17.577,58.957],[17.611,58.943],[17.601,58.928],[17.627,58.918],[17.599,58.894],[17.536,58.902],[17.591,58.861],[17.556,58.854],[17.447,58.895],[17.469,58.87],[17.45,58.816],[17.488,58.8],[17.337,58.806],[17.372,58.779],[17.377,58.764],[17.358,58.751],[17.276,58.749],[17.276,58.731],[17.162,58.732],[17.087,58.765],[17.028,58.751],[17.084,58.738],[17.063,58.71],[17.146,58.697],[17.093,58.661],[16.975,58.685],[16.954,58.669],[17.002,58.668],[17.036,58.641],[16.924,58.625],[16.234,58.669],[16.257,58.652],[16.255,58.635],[16.179,58.635],[16.285,58.616],[16.334,58.639],[16.372,58.621],[16.388,58.592],[16.409,58.597],[16.44,58.648],[16.518,58.625],[16.636,58.627],[16.748,58.593],[16.742,58.614],[16.789,58.607],[16.786,58.573],[16.83,58.559],[16.817,58.546],[16.844,58.546],[16.834,58.53],[16.94,58.491],[16.844,58.477],[16.853,58.463],[16.748,58.429],[16.441,58.486],[16.413,58.477],[16.706,58.408],[16.715,58.36],[16.755,58.374],[16.775,58.34],[16.632,58.354],[16.7,58.319],[16.698,58.302],[16.727,58.304],[16.72,58.319],[16.799,58.324],[16.789,58.306],[16.761,58.306],[16.755,58.285],[16.707,58.278],[16.803,58.245],[16.789,58.237],[16.821,58.207],[16.822,58.18],[16.788,58.179],[16.81,58.162],[16.777,58.131],[16.617,58.203],[16.672,58.165],[16.686,58.148],[16.66,58.148],[16.736,58.085],[16.715,58.08],[16.712,58.06],[16.686,58.059],[16.755,58.025],[16.692,58.015],[16.7,57.998],[16.645,58.039],[16.637,58.014],[16.66,57.99],[16.686,57.99],[16.706,57.962],[16.735,57.972],[16.742,57.946],[16.782,57.915],[16.727,57.929],[16.769,57.888],[16.723,57.883],[16.683,57.919],[16.671,57.891],[16.611,57.895],[16.604,57.929],[16.645,57.921],[16.515,57.999],[16.494,57.984],[16.505,57.97],[16.59,57.936],[16.57,57.921],[16.573,57.894],[16.481,57.915],[16.487,57.895],[16.46,57.902],[16.707,57.751],[16.635,57.766],[16.542,57.839],[16.419,57.895],[16.439,57.865],[16.53,57.825],[16.665,57.737],[16.652,57.73],[16.691,57.726],[16.715,57.703],[16.693,57.703],[16.707,57.689],[16.577,57.71],[16.62,57.667],[16.583,57.662],[16.631,57.629],[16.563,57.593],[16.556,57.627],[16.521,57.627],[16.542,57.607],[16.521,57.586],[16.542,57.572],[16.515,57.566],[16.629,57.557],[16.689,57.472],[16.66,57.476],[16.672,57.46],[16.633,57.437],[16.673,57.415],[16.626,57.399],[16.632,57.381],[16.548,57.383],[16.535,57.36],[16.57,57.347],[16.547,57.329],[16.563,57.319],[16.485,57.295],[16.469,57.275],[16.494,57.243],[16.466,57.228],[16.465,57.177],[16.509,57.127],[16.553,57.11],[16.57,57.086],[16.554,57.081],[16.583,57.045],[16.535,57.052],[16.528,57.065],[16.5,57.04],[16.44,57.052],[16.473,57.031],[16.435,56.998],[16.468,56.949],[16.436,56.911],[16.44,56.867],[16.408,56.799],[16.429,56.783],[16.463,56.798],[16.472,56.777],[16.361,56.764],[16.378,56.726],[16.372,56.661],[16.342,56.651],[16.301,56.663],[16.246,56.642],[16.221,56.609],[16.207,56.539],[16.179,56.537],[16.095,56.419],[16.038,56.255],[15.932,56.175],[15.852,56.086],[15.789,56.106],[15.827,56.159],[15.731,56.157],[15.648,56.195],[15.592,56.161],[15.576,56.175],[15.596,56.204],[15.586,56.209],[15.493,56.176],[15.48,56.152],[15.404,56.18],[15.366,56.141],[15.295,56.147],[15.323,56.154],[15.295,56.188],[15.192,56.153],[15.154,56.169],[15.093,56.161],[15.076,56.188],[15.035,56.182],[15.049,56.154],[14.953,56.173],[14.848,56.164],[14.85,56.147],[14.83,56.143],[14.775,56.168],[14.725,56.168],[14.686,56.147],[14.682,56.117],[14.768,56.031],[14.716,56.002],[14.706,56.017],[14.612,56.011],[14.624,56.024],[14.603,56.058],[14.582,56.044],[14.569,56.058],[14.497,56.04],[14.408,55.977],[14.346,55.953],[14.323,55.916],[14.235,55.863],[14.209,55.821],[14.196,55.726],[14.274,55.668],[14.285,55.623],[14.368,55.545],[14.349,55.511],[14.181,55.391],[14.064,55.391],[13.897,55.435],[13.842,55.421],[13.63,55.418],[13.581,55.389],[13.503,55.388],[13.381,55.346],[13.281,55.345],[12.979,55.403],[12.833,55.383],[12.829,55.4],[12.859,55.435],[12.93,55.419],[12.966,55.435],[12.963,55.454],[12.986,55.448],[12.917,55.547],[12.929,55.579],[13.038,55.635],[13.058,55.661],[13.055,55.694],[13.011,55.728],[12.974,55.726],[12.966,55.746],[12.923,55.749],[12.911,55.764],[12.932,55.769],[12.939,55.79],[12.926,55.834],[12.821,55.887],[12.752,55.997],[12.602,56.123],[12.505,56.275],[12.451,56.304],[12.646,56.257],[12.705,56.222],[12.814,56.236],[12.829,56.279],[12.783,56.293],[12.732,56.36],[12.622,56.419],[12.657,56.455],[12.714,56.467],[12.833,56.443],[12.89,56.455],[12.933,56.507],[12.934,56.547],[12.872,56.649],[12.732,56.647],[12.68,56.68],[12.664,56.714],[12.616,56.75],[12.595,56.788],[12.598,56.821],[12.47,56.892],[12.356,56.924],[12.341,57.014],[12.271,57.043],[12.219,57.093],[12.238,57.108],[12.204,57.148],[12.197,57.185],[12.149,57.188],[12.191,57.213],[12.101,57.237],[12.157,57.243],[12.095,57.25],[12.147,57.285],[12.144,57.31],[12.105,57.345],[12.05,57.351],[12.109,57.394],[12.06,57.394],[12.092,57.411],[12.059,57.459],[12.007,57.434],[11.979,57.347],[11.972,57.364],[11.934,57.361],[11.945,57.388],[11.903,57.394],[11.915,57.403],[11.907,57.465],[11.945,57.49],[11.91,57.504],[11.931,57.511],[11.903,57.524],[11.918,57.54],[11.917,57.621],[11.897,57.627],[11.867,57.607],[11.835,57.662],[11.845,57.683],[11.91,57.687],[11.924,57.703],[11.846,57.693],[11.748,57.714],[11.752,57.696],[11.705,57.698],[11.706,57.722],[11.81,57.781],[11.752,57.785],[11.687,57.838],[11.656,57.839],[11.704,57.861],[11.694,57.881],[11.707,57.891],[11.759,57.902],[11.746,57.915],[11.766,57.929],[11.737,57.939],[11.8,58.022],[11.783,58.069],[11.801,58.086],[11.793,58.1],[11.818,58.103],[11.828,58.121],[11.841,58.194],[11.89,58.217],[11.852,58.227],[11.809,58.302],[11.883,58.333],[11.87,58.345],[11.807,58.327],[11.727,58.327],[11.726,58.313],[11.679,58.307],[11.581,58.251],[11.526,58.258],[11.54,58.237],[11.506,58.243],[11.504,58.28],[11.542,58.334],[11.622,58.388],[11.608,58.395],[11.622,58.406],[11.67,58.422],[11.653,58.437],[11.629,58.431],[11.589,58.401],[11.553,58.463],[11.552,58.399],[11.522,58.336],[11.396,58.265],[11.443,58.306],[11.399,58.303],[11.384,58.318],[11.401,58.337],[11.449,58.342],[11.423,58.364],[11.424,58.388],[11.371,58.347],[11.346,58.346],[11.424,58.443],[11.334,58.368],[11.254,58.366],[11.232,58.34],[11.221,58.346],[11.209,58.419],[11.259,58.422],[11.251,58.442],[11.294,58.47],[11.258,58.482],[11.239,58.508],[11.256,58.556],[11.286,58.58],[11.266,58.58],[11.252,58.607],[11.259,58.635],[11.211,58.679],[11.218,58.708],[11.177,58.719],[11.233,58.808],[11.232,58.844],[11.198,58.864],[11.198,58.923],[11.108,58.954],[11.184,58.991],[11.123,58.994],[11.115,59.008],[11.194,59.08],[11.321,59.1],[11.355,59.092],[11.394,59.019],[11.438,58.991],[11.453,58.96],[11.452,58.896],[11.547,58.885],[11.612,58.893],[11.664,58.92],[11.745,59.092],[11.776,59.203],[11.812,59.25],[11.784,59.361],[11.677,59.559],[11.675,59.607],[11.828,59.66],[11.897,59.714],[11.902,59.785],[11.843,59.838],[11.85,59.872],[11.942,59.902],[12.144,59.898],[12.291,59.959],[12.483,60.081],[12.525,60.162],[12.492,60.312],[12.578,60.376],[12.605,60.419],[12.613,60.455],[12.594,60.515],[12.483,60.657],[12.377,60.754],[12.253,61.002],[12.512,61.049],[12.704,61.046],[12.739,61.142],[12.84,61.227],[12.888,61.35],[12.877,61.371],[12.614,61.547],[12.416,61.582],[12.162,61.725],[12.317,62.234],[12.314,62.286],[12.091,62.586],[12.156,62.734],[12.093,62.907],[12.223,63.001],[11.992,63.289],[12.22,63.474],[12.17,63.598],[12.293,63.657],[12.682,63.956],[12.755,63.991],[12.982,64.059],[13.234,64.091],[13.964,64.01],[14.148,64.169],[14.161,64.205],[14.116,64.441],[14.097,64.465],[13.94,64.491],[13.643,64.584],[14.311,65.084],[14.38,65.24],[14.514,65.318],[14.51,65.465],[14.561,65.701],[14.649,65.802],[14.541,66.125],[15.053,66.153],[15.482,66.275],[15.482,66.341],[15.426,66.491],[15.669,66.599],[16.039,66.888],[16.126,66.934],[16.4,67.036],[16.416,67.053],[16.438,67.2],[16.127,67.423],[16.181,67.496],[16.429,67.534],[16.483,67.558],[16.609,67.647],[16.783,67.897],[17.22,68.04],[17.321,68.105],[17.921,67.973],[18.167,68.158],[18.189,68.199],[18.136,68.396],[18.156,68.519],[18.172,68.536],[18.436,68.574],[18.645,68.501],[19.038,68.506],[19.931,68.35],[20.01,68.364],[20.246,68.477],[19.962,68.541],[20.152,68.607],[20.237,68.659],[20.339,68.765],[20.357,68.805],[20.341,68.91],[20.102,69.022],[20.623,69.036]]],[[[17.125,57.319],[17.076,57.305],[17.042,57.271],[17.066,57.227],[17.049,57.188],[17.028,57.181],[16.961,57.063],[16.899,57.038],[16.934,57.018],[16.871,56.969],[16.883,56.916],[16.858,56.897],[16.842,56.844],[16.769,56.797],[16.683,56.593],[16.637,56.56],[16.638,56.524],[16.541,56.306],[16.491,56.24],[16.428,56.218],[16.413,56.229],[16.399,56.298],[16.414,56.403],[16.391,56.459],[16.399,56.545],[16.419,56.586],[16.621,56.872],[16.731,56.904],[16.888,57.118],[16.91,57.202],[16.959,57.231],[16.966,57.305],[17.055,57.358],[17.082,57.341],[17.104,57.353],[17.125,57.319]]],[[[19.04,57.868],[19.085,57.826],[18.987,57.807],[18.982,57.77],[18.949,57.783],[18.932,57.752],[18.941,57.73],[18.807,57.734],[18.81,57.71],[18.765,57.627],[18.81,57.607],[18.761,57.508],[18.776,57.497],[18.773,57.472],[18.803,57.469],[18.79,57.449],[18.909,57.439],[18.926,57.393],[18.858,57.394],[18.802,57.376],[18.68,57.31],[18.667,57.297],[18.674,57.278],[18.711,57.274],[18.714,57.243],[18.591,57.219],[18.564,57.209],[18.578,57.196],[18.406,57.143],[18.386,57.127],[18.455,57.127],[18.36,57.096],[18.345,57.083],[18.338,57.031],[18.4,57.004],[18.345,57.004],[18.358,56.99],[18.312,56.948],[18.204,56.915],[18.139,56.922],[18.204,56.986],[18.201,57.018],[18.266,57.041],[18.29,57.093],[18.223,57.06],[18.201,57.065],[18.225,57.095],[18.214,57.114],[18.228,57.134],[18.185,57.145],[18.16,57.23],[18.099,57.259],[18.116,57.297],[18.166,57.332],[18.179,57.38],[18.146,57.408],[18.113,57.488],[18.128,57.548],[18.325,57.673],[18.463,57.803],[18.55,57.839],[18.609,57.836],[18.678,57.914],[18.742,57.918],[18.769,57.888],[18.765,57.865],[18.803,57.826],[18.811,57.851],[18.844,57.874],[18.852,57.891],[18.837,57.912],[18.851,57.915],[18.913,57.921],[18.898,57.898],[18.917,57.888],[18.996,57.912],[19.04,57.868]]],[[[19.273,57.977],[19.339,57.964],[19.296,57.944],[19.248,57.952],[19.162,57.926],[19.14,57.908],[19.16,57.88],[19.13,57.847],[19.084,57.859],[19.037,57.905],[19.098,57.977],[19.222,57.99],[19.227,57.974],[19.273,57.977]]],[[[11.739,58.059],[11.732,57.998],[11.71,57.993],[11.711,58.011],[11.695,58.015],[11.651,57.955],[11.595,57.936],[11.528,57.954],[11.516,58.001],[11.568,58.004],[11.506,58.013],[11.498,58.028],[11.525,58.051],[11.66,58.045],[11.739,58.059]]],[[[11.807,58.23],[11.805,58.126],[11.708,58.098],[11.629,58.1],[11.585,58.123],[11.534,58.107],[11.516,58.086],[11.464,58.107],[11.458,58.072],[11.447,58.103],[11.407,58.131],[11.429,58.161],[11.528,58.213],[11.602,58.237],[11.663,58.237],[11.67,58.285],[11.686,58.291],[11.739,58.285],[11.75,58.263],[11.807,58.23]]],[[[19.332,58.368],[19.25,58.343],[19.214,58.355],[19.188,58.395],[19.332,58.368]]],[[[18.43,59.258],[18.413,59.279],[18.345,59.299],[18.462,59.298],[18.612,59.258],[18.516,59.271],[18.532,59.242],[18.578,59.245],[18.552,59.226],[18.43,59.258]]],[[[18.55,60.327],[18.571,60.317],[18.558,60.307],[18.402,60.37],[18.379,60.508],[18.406,60.506],[18.427,60.465],[18.466,60.443],[18.474,60.431],[18.42,60.444],[18.485,60.366],[18.508,60.356],[18.53,60.368],[18.55,60.327]]],[[[20.839,63.768],[20.865,63.797],[20.905,63.794],[20.92,63.774],[20.874,63.754],[20.873,63.771],[20.839,63.768]]],[[[18.485,59.098],[18.414,59.012],[18.377,59.007],[18.344,59.026],[18.375,59.078],[18.466,59.117],[18.485,59.098]]],[[[18.716,59.209],[18.75,59.205],[18.738,59.198],[18.66,59.177],[18.691,59.209],[18.716,59.209]]],[[[18.797,59.295],[18.811,59.289],[18.775,59.252],[18.723,59.262],[18.758,59.295],[18.797,59.295]]],[[[18.676,59.34],[18.638,59.368],[18.698,59.374],[18.742,59.351],[18.747,59.332],[18.678,59.3],[18.676,59.34]]],[[[18.107,59.385],[18.249,59.367],[18.204,59.366],[18.222,59.352],[18.212,59.341],[18.166,59.341],[18.123,59.357],[18.107,59.385]]],[[[18.854,59.403],[18.869,59.393],[18.848,59.389],[18.854,59.403]]],[[[18.942,59.394],[18.938,59.373],[18.899,59.401],[18.942,59.394]]],[[[18.926,59.434],[18.894,59.407],[18.861,59.425],[18.899,59.446],[18.926,59.434]]],[[[18.657,59.507],[18.594,59.487],[18.602,59.456],[18.578,59.464],[18.581,59.431],[18.556,59.422],[18.511,59.483],[18.538,59.496],[18.557,59.482],[18.578,59.495],[18.548,59.499],[18.551,59.51],[18.632,59.55],[18.689,59.533],[18.739,59.54],[18.657,59.507]]],[[[18.978,59.634],[18.985,59.624],[18.968,59.619],[18.928,59.622],[18.905,59.583],[18.863,59.584],[18.859,59.596],[18.938,59.649],[18.978,59.634]]],[[[18.854,59.601],[18.757,59.573],[18.924,59.657],[18.854,59.601]]],[[[18.996,59.81],[18.998,59.795],[18.972,59.787],[18.886,59.794],[18.959,59.864],[18.988,59.851],[18.996,59.81]]],[[[18.724,60.197],[18.719,60.216],[18.753,60.209],[18.807,60.161],[18.724,60.155],[18.713,60.183],[18.724,60.197]]],[[[15.705,56.116],[15.726,56.113],[15.701,56.106],[15.697,56.074],[15.642,56.105],[15.669,56.124],[15.705,56.116]]],[[[16.867,58.305],[16.879,58.281],[16.847,58.275],[16.833,58.304],[16.867,58.305]]],[[[16.892,58.334],[16.919,58.336],[16.882,58.317],[16.827,58.328],[16.785,58.38],[16.86,58.4],[16.851,58.383],[16.829,58.382],[16.847,58.372],[16.831,58.356],[16.892,58.334]]],[[[18.321,58.969],[18.357,58.977],[18.293,58.946],[18.316,58.927],[18.194,58.911],[18.226,58.945],[18.321,58.969]]],[[[18.198,59.01],[18.19,58.994],[18.146,59.004],[18.145,58.969],[18.099,58.979],[18.051,58.961],[18.104,59.023],[18.217,59.024],[18.179,59.011],[18.198,59.01]]],[[[17.707,58.993],[17.697,58.935],[17.681,58.922],[17.691,58.902],[17.639,58.931],[17.624,58.964],[17.652,59.072],[17.687,59.05],[17.707,58.993]]],[[[18.125,62.688],[18.027,62.685],[18.006,62.706],[18.041,62.755],[18.149,62.75],[18.157,62.725],[18.143,62.706],[18.12,62.706],[18.125,62.688]]],[[[20.871,63.669],[20.826,63.644],[20.871,63.669]]],[[[20.898,63.754],[20.948,63.775],[20.933,63.715],[20.865,63.683],[20.881,63.742],[20.898,63.754]]],[[[22.408,65.455],[22.41,65.441],[22.376,65.431],[22.285,65.432],[22.306,65.455],[22.333,65.443],[22.371,65.459],[22.408,65.455]]],[[[22.154,65.43],[22.147,65.469],[22.174,65.474],[22.21,65.466],[22.207,65.45],[22.233,65.424],[22.154,65.43]]],[[[22.595,65.528],[22.617,65.517],[22.605,65.51],[22.553,65.53],[22.595,65.528]]],[[[22.219,65.507],[22.187,65.538],[22.211,65.545],[22.359,65.504],[22.333,65.492],[22.279,65.513],[22.28,65.478],[22.219,65.507]]],[[[22.578,65.583],[22.641,65.589],[22.597,65.554],[22.534,65.568],[22.536,65.581],[22.578,65.583]]],[[[22.57,65.595],[22.554,65.605],[22.568,65.613],[22.605,65.6],[22.57,65.595]]],[[[22.963,65.716],[22.985,65.7],[22.961,65.69],[22.972,65.667],[22.882,65.72],[22.886,65.737],[22.93,65.742],[22.963,65.716]]],[[[23.797,65.754],[23.785,65.718],[23.738,65.697],[23.681,65.722],[23.69,65.748],[23.705,65.736],[23.714,65.752],[23.754,65.741],[23.797,65.754]]],[[[22.741,65.714],[22.726,65.73],[22.747,65.77],[22.791,65.75],[22.811,65.714],[22.741,65.714]]]]}},{"type":"Feature","properties":{"name":"Turkey","blocKey":"nato","blocLabel":"NATO","color":"#5b6fb0","certainty":"member","basis":"NATO member"},"geometry":{"type":"MultiPolygon","coordinates":[[[[43.44,41.107],[43.46,41.023],[43.565,40.988],[43.636,40.934],[43.66,40.852],[43.721,40.763],[43.729,40.677],[43.7,40.635],[43.707,40.612],[43.665,40.574],[43.653,40.529],[43.631,40.537],[43.639,40.523],[43.594,40.509],[43.559,40.478],[43.625,40.42],[43.594,40.345],[43.676,40.266],[43.691,40.239],[43.673,40.228],[43.721,40.169],[43.653,40.139],[43.665,40.11],[43.912,40.024],[44.032,40.009],[44.104,40.036],[44.135,40.022],[44.255,40.043],[44.326,40.035],[44.522,39.934],[44.591,39.858],[44.598,39.831],[44.612,39.837],[44.648,39.805],[44.692,39.793],[44.784,39.69],[44.807,39.64],[44.647,39.72],[44.59,39.772],[44.566,39.766],[44.459,39.698],[44.458,39.639],[44.414,39.561],[44.405,39.434],[44.388,39.414],[44.295,39.381],[44.177,39.412],[44.061,39.4],[44.015,39.374],[44.069,39.287],[44.078,39.2],[44.187,39.145],[44.195,39.121],[44.17,39.074],[44.179,39.035],[44.139,38.994],[44.152,38.965],[44.206,38.876],[44.275,38.844],[44.28,38.814],[44.249,38.722],[44.26,38.679],[44.244,38.659],[44.283,38.645],[44.297,38.622],[44.29,38.382],[44.363,38.365],[44.409,38.382],[44.459,38.338],[44.437,38.297],[44.372,38.25],[44.361,38.148],[44.327,38.128],[44.334,38.101],[44.296,38.079],[44.228,37.981],[44.225,37.929],[44.202,37.897],[44.22,37.875],[44.319,37.877],[44.367,37.86],[44.404,37.81],[44.433,37.806],[44.436,37.768],[44.506,37.779],[44.596,37.716],[44.545,37.663],[44.541,37.633],[44.587,37.584],[44.566,37.447],[44.572,37.431],[44.638,37.413],[44.662,37.376],[44.698,37.38],[44.721,37.343],[44.802,37.293],[44.798,37.26],[44.754,37.215],[44.766,37.142],[44.734,37.167],[44.61,37.178],[44.454,37.076],[44.343,37.042],[44.307,36.977],[44.285,36.969],[44.234,36.984],[44.18,37.088],[44.189,37.129],[44.248,37.17],[44.235,37.237],[44.184,37.279],[44.088,37.311],[43.99,37.313],[43.894,37.225],[43.809,37.2],[43.747,37.231],[43.594,37.229],[43.53,37.254],[43.48,37.243],[43.336,37.32],[43.27,37.309],[43.115,37.371],[42.937,37.32],[42.814,37.347],[42.78,37.375],[42.716,37.355],[42.545,37.141],[42.357,37.11],[42.355,37.152],[42.335,37.171],[42.347,37.24],[42.292,37.285],[42.267,37.275],[42.223,37.288],[42.211,37.325],[42.009,37.176],[41.48,37.076],[41.201,37.065],[40.896,37.123],[40.709,37.1],[40.526,37.026],[40.414,37.004],[40.19,36.884],[39.765,36.742],[39.24,36.661],[39.186,36.66],[39.032,36.701],[38.725,36.694],[38.664,36.72],[38.529,36.834],[38.48,36.856],[38.224,36.908],[38.123,36.885],[38.008,36.826],[37.82,36.761],[37.654,36.732],[37.446,36.634],[37.242,36.659],[37.104,36.651],[37.053,36.62],[37.015,36.642],[37.018,36.707],[36.965,36.754],[36.64,36.828],[36.643,36.804],[36.603,36.747],[36.569,36.62],[36.565,36.533],[36.531,36.479],[36.553,36.408],[36.593,36.373],[36.578,36.333],[36.649,36.306],[36.67,36.237],[36.593,36.218],[36.48,36.226],[36.451,36.2],[36.373,36.228],[36.361,36.218],[36.376,36.205],[36.359,36.167],[36.358,35.994],[36.297,36.001],[36.278,35.994],[36.269,35.959],[36.197,35.952],[36.175,35.923],[36.158,35.823],[36.138,35.82],[36.051,35.865],[36.004,35.869],[35.98,35.927],[35.911,35.918],[35.977,36.001],[35.975,36.019],[35.948,36.088],[35.787,36.304],[35.824,36.361],[35.857,36.37],[35.908,36.418],[35.919,36.448],[35.99,36.48],[36.045,36.538],[36.179,36.596],[36.211,36.642],[36.189,36.802],[36.095,36.897],[36.02,36.926],[35.985,36.916],[35.805,36.775],[35.684,36.765],[35.648,36.754],[35.614,36.72],[35.607,36.74],[35.573,36.701],[35.579,36.685],[35.594,36.702],[35.617,36.696],[35.62,36.712],[35.634,36.699],[35.634,36.727],[35.648,36.733],[35.665,36.712],[35.709,36.72],[35.623,36.681],[35.609,36.647],[35.696,36.706],[35.658,36.675],[35.624,36.603],[35.557,36.587],[35.49,36.614],[35.479,36.599],[35.531,36.583],[35.445,36.596],[35.346,36.541],[34.982,36.721],[34.9,36.72],[34.908,36.74],[34.771,36.816],[34.693,36.814],[34.555,36.768],[34.415,36.663],[34.276,36.587],[34.178,36.473],[34.077,36.414],[34.078,36.329],[34,36.303],[33.959,36.214],[33.941,36.213],[33.951,36.238],[33.931,36.29],[33.871,36.315],[33.811,36.267],[33.825,36.26],[33.799,36.231],[33.743,36.213],[33.705,36.182],[33.688,36.137],[33.647,36.193],[33.552,36.128],[33.531,36.131],[33.544,36.144],[33.458,36.158],[33.386,36.137],[33.327,36.15],[33.308,36.132],[33.212,36.124],[33.157,36.137],[33.088,36.083],[32.941,36.104],[32.804,36.027],[32.671,36.047],[32.568,36.096],[32.513,36.103],[32.365,36.178],[32.287,36.245],[32.276,36.288],[32.192,36.358],[32.174,36.402],[32.102,36.486],[32.019,36.547],[31.817,36.59],[31.737,36.642],[31.379,36.768],[31.376,36.792],[31.341,36.809],[30.94,36.857],[30.776,36.85],[30.687,36.891],[30.602,36.838],[30.57,36.781],[30.577,36.679],[30.556,36.638],[30.584,36.596],[30.57,36.528],[30.521,36.49],[30.475,36.402],[30.502,36.364],[30.494,36.349],[30.52,36.342],[30.479,36.309],[30.467,36.288],[30.488,36.288],[30.427,36.226],[30.399,36.206],[30.4,36.248],[30.384,36.274],[30.361,36.269],[30.255,36.308],[30.159,36.299],[30.145,36.254],[30.131,36.274],[30.111,36.24],[30.048,36.259],[30.035,36.254],[30.056,36.247],[29.988,36.218],[29.917,36.219],[29.83,36.185],[29.803,36.172],[29.823,36.165],[29.78,36.139],[29.762,36.137],[29.775,36.158],[29.719,36.163],[29.672,36.123],[29.668,36.144],[29.634,36.157],[29.624,36.178],[29.637,36.172],[29.642,36.187],[29.584,36.185],[29.624,36.199],[29.494,36.211],[29.432,36.24],[29.42,36.231],[29.412,36.267],[29.382,36.264],[29.35,36.233],[29.235,36.324],[29.158,36.357],[29.145,36.349],[29.145,36.377],[29.096,36.391],[29.13,36.411],[29.124,36.454],[29.096,36.473],[29.124,36.493],[29.115,36.553],[29.014,36.548],[29.037,36.561],[29.021,36.59],[29.042,36.624],[29.056,36.614],[29.096,36.644],[29.091,36.627],[29.117,36.634],[29.096,36.665],[28.956,36.728],[28.939,36.751],[28.891,36.712],[28.898,36.699],[28.864,36.693],[28.862,36.668],[28.85,36.665],[28.87,36.631],[28.888,36.648],[28.884,36.671],[28.902,36.658],[28.864,36.617],[28.87,36.607],[28.829,36.603],[28.819,36.621],[28.843,36.638],[28.788,36.651],[28.783,36.677],[28.746,36.698],[28.702,36.705],[28.665,36.693],[28.649,36.718],[28.623,36.699],[28.604,36.734],[28.617,36.767],[28.61,36.816],[28.597,36.795],[28.576,36.82],[28.546,36.823],[28.524,36.813],[28.528,36.789],[28.487,36.802],[28.5,36.816],[28.456,36.829],[28.453,36.85],[28.466,36.853],[28.452,36.884],[28.436,36.865],[28.377,36.854],[28.425,36.829],[28.396,36.789],[28.315,36.816],[28.315,36.795],[28.278,36.796],[28.278,36.814],[28.315,36.829],[28.273,36.852],[28.257,36.846],[28.237,36.813],[28.249,36.767],[28.289,36.743],[28.295,36.72],[28.267,36.731],[28.247,36.712],[28.234,36.72],[28.234,36.699],[28.162,36.673],[28.112,36.604],[28.088,36.589],[28.062,36.596],[28.036,36.565],[28.014,36.576],[28.004,36.562],[27.978,36.566],[27.959,36.603],[28.034,36.603],[28.09,36.644],[28.076,36.658],[28.048,36.638],[28.061,36.665],[28.038,36.691],[28.03,36.67],[27.966,36.689],[28.042,36.72],[28.116,36.719],[28.117,36.734],[28.082,36.747],[28.11,36.775],[28.131,36.754],[28.124,36.792],[28.107,36.803],[28.047,36.763],[28.034,36.775],[27.918,36.74],[27.912,36.754],[27.856,36.74],[27.806,36.761],[27.719,36.756],[27.684,36.727],[27.671,36.658],[27.555,36.685],[27.473,36.651],[27.404,36.665],[27.394,36.684],[27.363,36.685],[27.356,36.712],[27.414,36.709],[27.45,36.754],[27.612,36.765],[27.623,36.802],[27.645,36.806],[27.691,36.784],[27.76,36.781],[27.799,36.807],[27.897,36.812],[28.028,36.781],[28.055,36.809],[28.04,36.827],[28.007,36.829],[28.025,36.839],[28.007,36.857],[28.055,36.871],[28.021,36.912],[28.042,36.912],[28.028,36.926],[28.062,36.926],[28.042,36.939],[28.157,36.932],[28.165,36.912],[28.157,36.946],[28.185,36.939],[28.212,36.973],[28.199,36.981],[28.212,37],[28.245,36.988],[28.247,37.008],[28.329,37.037],[28.305,37.051],[28.126,37.036],[28.107,37.032],[28.11,37.014],[27.987,37.035],[27.788,37.008],[27.78,36.994],[27.688,37.005],[27.636,36.981],[27.567,36.997],[27.562,36.973],[27.528,36.991],[27.473,36.994],[27.438,37.028],[27.408,37.017],[27.397,37.028],[27.383,36.994],[27.376,37.028],[27.329,37.014],[27.327,36.986],[27.301,36.973],[27.308,36.959],[27.263,36.963],[27.229,37.062],[27.239,37.083],[27.294,37.11],[27.26,37.11],[27.253,37.124],[27.322,37.124],[27.322,37.159],[27.342,37.13],[27.383,37.152],[27.387,37.13],[27.438,37.124],[27.46,37.09],[27.565,37.126],[27.576,37.138],[27.555,37.13],[27.528,37.193],[27.588,37.199],[27.576,37.179],[27.61,37.2],[27.589,37.211],[27.589,37.231],[27.616,37.275],[27.553,37.273],[27.515,37.229],[27.5,37.234],[27.518,37.246],[27.509,37.268],[27.464,37.252],[27.491,37.327],[27.473,37.344],[27.469,37.316],[27.446,37.306],[27.397,37.323],[27.397,37.366],[27.438,37.391],[27.407,37.413],[27.37,37.405],[27.346,37.371],[27.322,37.371],[27.33,37.352],[27.246,37.336],[27.191,37.357],[27.205,37.398],[27.226,37.405],[27.223,37.477],[27.178,37.467],[27.19,37.513],[27.18,37.545],[27.209,37.563],[27.209,37.597],[27.011,37.666],[27.021,37.686],[27.127,37.689],[27.213,37.713],[27.25,37.744],[27.262,37.804],[27.239,37.864],[27.275,37.929],[27.239,37.988],[27.141,37.986],[27.07,38.02],[27.056,38.046],[26.975,38.065],[26.893,38.056],[26.873,38.035],[26.842,38.076],[26.835,38.131],[26.794,38.172],[26.776,38.165],[26.76,38.217],[26.636,38.204],[26.623,38.139],[26.609,38.145],[26.612,38.118],[26.595,38.104],[26.568,38.145],[26.557,38.122],[26.524,38.147],[26.519,38.18],[26.492,38.174],[26.417,38.221],[26.417,38.2],[26.39,38.224],[26.39,38.262],[26.354,38.228],[26.233,38.28],[26.239,38.296],[26.265,38.287],[26.286,38.319],[26.308,38.323],[26.289,38.341],[26.294,38.37],[26.308,38.358],[26.321,38.378],[26.314,38.337],[26.385,38.318],[26.383,38.344],[26.417,38.337],[26.476,38.367],[26.452,38.426],[26.489,38.406],[26.513,38.433],[26.441,38.473],[26.388,38.454],[26.404,38.488],[26.37,38.535],[26.349,38.635],[26.356,38.662],[26.414,38.679],[26.506,38.653],[26.63,38.519],[26.643,38.468],[26.588,38.461],[26.605,38.454],[26.588,38.419],[26.622,38.405],[26.673,38.307],[26.7,38.326],[26.678,38.344],[26.671,38.385],[26.702,38.43],[26.725,38.433],[26.767,38.364],[26.787,38.372],[26.795,38.359],[26.925,38.378],[27.013,38.413],[27.089,38.402],[27.164,38.447],[27.154,38.459],[27.022,38.462],[26.935,38.435],[26.945,38.447],[26.898,38.495],[26.815,38.543],[26.89,38.508],[26.835,38.549],[26.849,38.597],[26.834,38.608],[26.794,38.597],[26.801,38.612],[26.753,38.618],[26.759,38.638],[26.719,38.653],[26.753,38.666],[26.719,38.721],[26.818,38.755],[26.903,38.735],[26.897,38.748],[26.931,38.755],[26.935,38.77],[26.897,38.817],[26.938,38.83],[26.944,38.809],[26.961,38.806],[26.971,38.819],[26.959,38.844],[27.013,38.871],[27.034,38.861],[27.063,38.887],[27.041,38.892],[27.058,38.919],[27.041,38.94],[26.983,38.92],[26.962,38.94],[26.925,38.94],[26.866,38.913],[26.806,38.95],[26.799,38.998],[26.815,39.022],[26.794,39.022],[26.873,39.063],[26.875,39.091],[26.824,39.149],[26.738,39.197],[26.719,39.263],[26.609,39.275],[26.646,39.318],[26.654,39.306],[26.636,39.297],[26.671,39.283],[26.67,39.306],[26.815,39.399],[26.801,39.406],[26.801,39.434],[26.851,39.44],[26.868,39.472],[26.93,39.488],[26.945,39.54],[26.938,39.575],[26.893,39.584],[26.833,39.557],[26.808,39.571],[26.457,39.521],[26.362,39.481],[26.287,39.488],[26.249,39.466],[26.113,39.459],[26.074,39.475],[26.07,39.496],[26.111,39.598],[26.157,39.649],[26.164,39.704],[26.136,39.756],[26.155,39.826],[26.136,39.838],[26.168,39.974],[26.198,40.009],[26.251,39.995],[26.311,40.019],[26.362,40.063],[26.369,40.103],[26.393,40.108],[26.408,40.194],[26.501,40.213],[26.736,40.404],[26.897,40.406],[26.991,40.389],[27.096,40.452],[27.215,40.448],[27.287,40.468],[27.329,40.414],[27.294,40.406],[27.338,40.37],[27.452,40.322],[27.551,40.309],[27.613,40.331],[27.763,40.315],[27.884,40.386],[27.792,40.393],[27.75,40.458],[27.684,40.496],[27.76,40.537],[27.78,40.515],[27.97,40.503],[28.034,40.474],[28.017,40.451],[27.904,40.4],[27.908,40.374],[27.945,40.366],[28.112,40.396],[28.348,40.404],[28.487,40.4],[28.459,40.379],[28.545,40.391],[28.638,40.365],[28.772,40.403],[28.939,40.365],[29.052,40.367],[29.09,40.427],[29.152,40.434],[29.112,40.466],[29.011,40.482],[28.969,40.461],[28.774,40.523],[28.793,40.553],[28.898,40.592],[28.97,40.639],[29.282,40.666],[29.392,40.708],[29.417,40.687],[29.501,40.729],[29.56,40.691],[29.753,40.725],[29.924,40.716],[29.939,40.735],[29.929,40.758],[29.775,40.749],[29.666,40.784],[29.429,40.776],[29.378,40.757],[29.329,40.79],[29.34,40.808],[29.315,40.824],[29.255,40.811],[29.275,40.839],[29.295,40.839],[29.264,40.87],[29.145,40.914],[29.028,40.982],[29.008,41.031],[29.062,41.076],[29.091,41.141],[29.069,41.153],[29.17,41.233],[29.232,41.241],[29.885,41.149],[30.137,41.144],[30.217,41.167],[30.282,41.216],[30.37,41.181],[30.699,41.122],[30.748,41.092],[30.833,41.08],[31.231,41.092],[31.324,41.134],[31.393,41.188],[31.42,41.28],[31.396,41.295],[31.404,41.316],[31.471,41.325],[31.498,41.352],[31.659,41.398],[31.872,41.505],[32.162,41.612],[32.263,41.72],[32.352,41.729],[32.383,41.756],[32.4,41.742],[32.535,41.811],[32.578,41.811],[32.613,41.84],[32.679,41.836],[32.926,41.882],[33.324,42.019],[33.874,41.974],[34.004,41.983],[34.331,41.948],[34.483,41.975],[34.562,41.952],[34.694,41.946],[34.799,41.962],[34.889,42.008],[34.942,42.069],[34.948,42.099],[35.024,42.093],[35.044,42.052],[35.082,42.029],[35.134,42.024],[35.171,42.044],[35.216,42.024],[35.117,42.007],[35.092,41.928],[35.126,41.875],[35.209,41.811],[35.196,41.805],[35.225,41.762],[35.298,41.715],[35.401,41.692],[35.486,41.645],[35.577,41.63],[35.894,41.707],[35.957,41.736],[35.929,41.709],[35.915,41.646],[35.934,41.692],[35.973,41.729],[36.038,41.688],[36.045,41.701],[36.134,41.599],[36.12,41.494],[36.134,41.462],[36.205,41.406],[36.237,41.359],[36.332,41.323],[36.344,41.289],[36.395,41.256],[36.451,41.24],[36.518,41.263],[36.579,41.307],[36.62,41.375],[36.758,41.366],[36.985,41.295],[37.032,41.243],[37.04,41.182],[37.136,41.147],[37.299,41.14],[37.395,41.108],[37.525,41.037],[37.608,41.05],[37.64,41.102],[37.69,41.14],[37.715,41.115],[37.784,41.123],[37.785,41.06],[37.868,41.016],[37.896,40.982],[37.935,40.995],[38.201,40.941],[38.268,40.95],[38.331,40.918],[38.539,40.927],[38.637,40.976],[38.678,40.949],[38.718,40.955],[38.784,41.002],[38.908,41.038],[39.042,41.043],[39.168,41.08],[39.273,41.05],[39.43,41.112],[39.493,41.101],[39.63,41.008],[39.73,41.017],[39.896,40.955],[39.999,40.982],[40.086,40.926],[40.143,40.923],[40.301,40.968],[40.465,41.05],[40.557,41.042],[40.626,41.082],[40.698,41.098],[40.758,41.158],[40.827,41.198],[40.922,41.191],[41.043,41.232],[41.121,41.286],[41.191,41.296],[41.285,41.354],[41.39,41.379],[41.424,41.408],[41.438,41.451],[41.521,41.514],[41.64,41.479],[41.703,41.489],[41.707,41.463],[41.761,41.454],[41.813,41.422],[41.894,41.486],[41.948,41.506],[42.02,41.485],[42.158,41.5],[42.189,41.482],[42.262,41.482],[42.463,41.432],[42.536,41.493],[42.565,41.567],[42.661,41.588],[42.82,41.572],[42.803,41.534],[42.767,41.504],[42.83,41.473],[42.868,41.5],[42.889,41.47],[42.958,41.437],[43.002,41.383],[43.124,41.313],[43.184,41.299],[43.157,41.27],[43.103,41.249],[43.172,41.242],[43.231,41.173],[43.323,41.192],[43.383,41.187],[43.438,41.156],[43.452,41.133],[43.44,41.107]]],[[[28.017,41.973],[28.045,41.89],[27.978,41.887],[27.972,41.822],[28.088,41.677],[28.076,41.661],[28.097,41.627],[28.233,41.519],[28.384,41.447],[28.908,41.267],[29.024,41.243],[29.069,41.254],[29.109,41.235],[29.087,41.192],[29.041,41.164],[29.071,41.13],[29.042,41.066],[28.99,41.031],[28.992,41.008],[28.946,41.009],[28.822,40.962],[28.77,40.979],[28.625,40.968],[28.595,40.978],[28.604,41.009],[28.576,41.024],[28.583,41.046],[28.552,41.081],[28.528,41.085],[28.563,41.037],[28.541,40.99],[28.512,40.993],[28.435,41.043],[28.237,41.085],[28.165,41.085],[28.013,41.041],[27.941,40.971],[27.738,41.013],[27.524,40.989],[27.493,40.975],[27.472,40.942],[27.425,40.831],[27.331,40.761],[27.288,40.704],[27.178,40.633],[27.048,40.612],[26.99,40.564],[26.912,40.551],[26.683,40.455],[26.674,40.426],[26.632,40.4],[26.602,40.346],[26.497,40.29],[26.427,40.23],[26.346,40.2],[26.376,40.154],[26.231,40.065],[26.157,40.055],[26.272,40.23],[26.267,40.258],[26.218,40.297],[26.232,40.31],[26.21,40.322],[26.219,40.331],[26.321,40.365],[26.433,40.44],[26.564,40.499],[26.684,40.515],[26.733,40.564],[26.788,40.563],[26.829,40.602],[26.79,40.661],[26.609,40.639],[26.506,40.599],[26.445,40.619],[26.4,40.604],[26.373,40.614],[26.303,40.601],[26.091,40.605],[26.054,40.661],[26.058,40.698],[26.033,40.735],[26.112,40.747],[26.158,40.812],[26.212,40.847],[26.206,40.865],[26.226,40.899],[26.239,40.886],[26.26,40.92],[26.304,40.909],[26.294,40.927],[26.359,40.965],[26.333,40.991],[26.368,41.008],[26.374,41.031],[26.348,41.041],[26.325,41.074],[26.339,41.114],[26.317,41.122],[26.336,41.153],[26.321,41.188],[26.336,41.229],[26.321,41.246],[26.412,41.266],[26.54,41.352],[26.591,41.329],[26.632,41.358],[26.636,41.4],[26.595,41.537],[26.595,41.612],[26.576,41.591],[26.464,41.649],[26.476,41.676],[26.333,41.713],[26.316,41.744],[26.334,41.79],[26.376,41.817],[26.526,41.824],[26.559,41.902],[26.543,41.92],[26.606,41.967],[26.737,41.959],[26.781,41.983],[26.819,41.966],[26.861,41.988],[26.939,41.996],[27.047,42.083],[27.174,42.057],[27.216,42.096],[27.273,42.092],[27.332,42.057],[27.397,41.989],[27.546,41.901],[27.563,41.906],[27.551,41.924],[27.603,41.939],[27.609,41.953],[27.687,41.969],[27.815,41.947],[27.803,41.96],[27.812,41.995],[28.017,41.973]]],[[[26.061,39.838],[26.083,39.835],[26.075,39.785],[25.978,39.834],[26.061,39.838]]],[[[26.012,40.167],[26.012,40.146],[25.99,40.137],[25.766,40.097],[25.663,40.126],[25.686,40.161],[25.759,40.207],[25.926,40.243],[25.972,40.221],[25.963,40.157],[26.012,40.167]]],[[[27.658,40.653],[27.702,40.653],[27.733,40.625],[27.605,40.577],[27.536,40.602],[27.526,40.639],[27.546,40.66],[27.555,40.647],[27.605,40.663],[27.658,40.653]]],[[[27.645,40.46],[27.657,40.458],[27.646,40.448],[27.596,40.458],[27.58,40.477],[27.607,40.505],[27.64,40.494],[27.645,40.46]]]]}},{"type":"Feature","properties":{"name":"United Kingdom","blocKey":"nato","blocLabel":"NATO","color":"#5b6fb0","certainty":"member","basis":"NATO member"},"geometry":{"type":"MultiPolygon","coordinates":[[[[-7.247,55.069],[-7.257,55.051],[-7.054,55.049],[-7.017,55.071],[-7.01,55.102],[-6.975,55.135],[-6.963,55.195],[-6.884,55.174],[-6.755,55.178],[-6.571,55.211],[-6.476,55.249],[-6.416,55.232],[-6.353,55.243],[-6.24,55.208],[-6.16,55.222],[-6.101,55.212],[-6.037,55.168],[-6.041,55.112],[-6.062,55.074],[-5.968,55.044],[-5.986,54.982],[-5.93,54.971],[-5.886,54.941],[-5.821,54.875],[-5.801,54.821],[-5.716,54.784],[-5.798,54.845],[-5.782,54.862],[-5.752,54.857],[-5.702,54.825],[-5.69,54.793],[-5.693,54.765],[-5.729,54.729],[-5.845,54.701],[-5.891,54.672],[-5.927,54.633],[-5.907,54.606],[-5.839,54.65],[-5.748,54.68],[-5.695,54.669],[-5.575,54.68],[-5.537,54.657],[-5.514,54.598],[-5.479,54.569],[-5.469,54.516],[-5.431,54.485],[-5.434,54.461],[-5.464,54.425],[-5.461,54.392],[-5.489,54.37],[-5.475,54.359],[-5.516,54.338],[-5.577,54.403],[-5.544,54.458],[-5.558,54.512],[-5.645,54.568],[-5.702,54.578],[-5.697,54.551],[-5.716,54.537],[-5.626,54.516],[-5.67,54.506],[-5.64,54.496],[-5.645,54.472],[-5.626,54.461],[-5.626,54.441],[-5.661,54.38],[-5.709,54.352],[-5.58,54.384],[-5.551,54.365],[-5.541,54.327],[-5.553,54.299],[-5.656,54.23],[-5.679,54.246],[-5.737,54.249],[-5.862,54.231],[-5.869,54.161],[-5.894,54.105],[-6.041,54.036],[-6.095,54.036],[-6.113,54.05],[-6.085,54.057],[-6.174,54.074],[-6.186,54.093],[-6.355,54.111],[-6.378,54.063],[-6.434,54.055],[-6.479,54.068],[-6.631,54.042],[-6.673,54.068],[-6.657,54.092],[-6.666,54.115],[-6.635,54.15],[-6.64,54.168],[-6.695,54.198],[-6.745,54.184],[-6.788,54.203],[-6.838,54.261],[-6.882,54.277],[-6.857,54.293],[-6.88,54.342],[-7.018,54.413],[-7.079,54.395],[-7.127,54.35],[-7.192,54.335],[-7.185,54.317],[-7.209,54.293],[-7.175,54.284],[-7.181,54.27],[-7.146,54.252],[-7.16,54.241],[-7.153,54.224],[-7.249,54.197],[-7.261,54.181],[-7.246,54.167],[-7.265,54.161],[-7.28,54.126],[-7.297,54.126],[-7.296,54.165],[-7.326,54.155],[-7.333,54.143],[-7.31,54.115],[-7.395,54.122],[-7.426,54.137],[-7.415,54.146],[-7.502,54.125],[-7.609,54.14],[-7.633,54.169],[-7.705,54.2],[-7.837,54.204],[-7.87,54.227],[-7.88,54.287],[-7.951,54.301],[-8.002,54.358],[-8.056,54.366],[-8.174,54.462],[-8.072,54.487],[-8.002,54.543],[-7.887,54.532],[-7.708,54.604],[-7.711,54.624],[-7.754,54.614],[-7.815,54.639],[-7.846,54.631],[-7.907,54.661],[-7.907,54.687],[-7.93,54.697],[-7.846,54.731],[-7.771,54.706],[-7.65,54.745],[-7.543,54.742],[-7.543,54.793],[-7.455,54.863],[-7.445,54.932],[-7.409,54.951],[-7.405,55.004],[-7.355,55.041],[-7.291,55.047],[-7.247,55.069]]],[[[-2.665,51.617],[-2.713,51.587],[-2.859,51.546],[-2.943,51.543],[-2.975,51.563],[-3.173,51.453],[-3.16,51.432],[-3.185,51.398],[-3.289,51.384],[-3.539,51.399],[-3.663,51.476],[-3.695,51.472],[-3.738,51.491],[-3.77,51.563],[-3.842,51.622],[-3.977,51.612],[-4,51.591],[-3.975,51.563],[-4.027,51.554],[-4.046,51.568],[-4.07,51.556],[-4.122,51.566],[-4.201,51.539],[-4.29,51.556],[-4.297,51.569],[-4.278,51.578],[-4.29,51.617],[-4.235,51.645],[-4.221,51.624],[-4.091,51.64],[-4.071,51.676],[-4.107,51.664],[-4.201,51.686],[-4.315,51.677],[-4.379,51.727],[-4.31,51.734],[-4.363,51.743],[-4.365,51.789],[-4.399,51.762],[-4.446,51.773],[-4.427,51.747],[-4.461,51.736],[-4.645,51.732],[-4.678,51.717],[-4.712,51.65],[-4.735,51.659],[-4.759,51.645],[-4.864,51.644],[-4.941,51.597],[-5.046,51.627],[-5.037,51.637],[-5.051,51.657],[-5.12,51.678],[-5.037,51.678],[-5.043,51.693],[-4.988,51.686],[-4.845,51.714],[-4.879,51.762],[-4.824,51.796],[-4.934,51.775],[-4.901,51.762],[-4.906,51.747],[-4.892,51.739],[-4.911,51.718],[-5.01,51.706],[-5.149,51.718],[-5.167,51.714],[-5.157,51.698],[-5.183,51.689],[-5.181,51.706],[-5.25,51.734],[-5.11,51.779],[-5.126,51.856],[-5.222,51.878],[-5.311,51.864],[-5.291,51.892],[-5.298,51.911],[-5.12,51.959],[-5.088,51.976],[-5.07,52.026],[-4.962,52.008],[-4.914,52.015],[-4.921,52.029],[-4.841,52.015],[-4.838,52.049],[-4.778,52.065],[-4.72,52.113],[-4.673,52.097],[-4.676,52.127],[-4.638,52.138],[-4.502,52.138],[-4.386,52.203],[-4.316,52.216],[-4.197,52.279],[-4.11,52.365],[-4.057,52.488],[-4.057,52.529],[-4.016,52.522],[-3.947,52.549],[-4.053,52.542],[-4.125,52.604],[-4.106,52.654],[-4.057,52.701],[-3.988,52.734],[-4.049,52.722],[-4.149,52.812],[-4.117,52.831],[-4.13,52.889],[-4.064,52.919],[-4.078,52.927],[-4.1,52.914],[-4.119,52.927],[-4.144,52.915],[-4.229,52.919],[-4.337,52.892],[-4.407,52.893],[-4.482,52.851],[-4.501,52.827],[-4.489,52.803],[-4.516,52.789],[-4.595,52.817],[-4.763,52.789],[-4.735,52.83],[-4.596,52.928],[-4.524,52.944],[-4.358,53.028],[-4.341,53.113],[-4.321,53.102],[-4.178,53.218],[-4.122,53.233],[-4.067,53.229],[-3.831,53.289],[-3.878,53.338],[-3.769,53.319],[-3.716,53.287],[-3.602,53.289],[-3.33,53.352],[-3.088,53.235],[-3.085,53.275],[-3.186,53.393],[-3.058,53.435],[-3.012,53.417],[-2.953,53.324],[-2.881,53.288],[-2.776,53.3],[-2.748,53.31],[-2.743,53.339],[-2.7,53.352],[-2.764,53.345],[-2.8,53.321],[-2.925,53.35],[-2.981,53.393],[-3.102,53.558],[-3.022,53.653],[-2.899,53.735],[-2.985,53.736],[-3.049,53.77],[-3.045,53.878],[-3.057,53.906],[-3.018,53.932],[-2.926,53.953],[-2.889,53.946],[-2.858,53.968],[-2.869,53.979],[-2.83,54.016],[-2.895,54.002],[-2.918,54.034],[-2.827,54.089],[-2.796,54.125],[-2.854,54.194],[-2.81,54.212],[-2.796,54.249],[-2.939,54.155],[-2.998,54.16],[-3.015,54.212],[-3.049,54.222],[-3.061,54.162],[-3.145,54.1],[-3.145,54.064],[-3.19,54.098],[-3.241,54.112],[-3.233,54.159],[-3.248,54.174],[-3.215,54.18],[-3.207,54.263],[-3.231,54.247],[-3.232,54.203],[-3.307,54.192],[-3.407,54.278],[-3.413,54.343],[-3.634,54.513],[-3.59,54.565],[-3.564,54.643],[-3.509,54.722],[-3.44,54.761],[-3.44,54.797],[-3.388,54.883],[-3.345,54.903],[-3.306,54.886],[-3.255,54.9],[-3.317,54.92],[-3.277,54.943],[-3.214,54.954],[-3.123,54.933],[-3.022,54.954],[-3.091,54.954],[-3.022,54.976],[-3.135,54.968],[-3.501,54.992],[-3.526,54.977],[-3.571,54.995],[-3.584,54.968],[-3.569,54.916],[-3.582,54.884],[-3.718,54.881],[-3.739,54.86],[-3.81,54.866],[-3.812,54.855],[-3.831,54.866],[-3.81,54.873],[-3.817,54.886],[-3.858,54.845],[-3.824,54.825],[-3.964,54.772],[-4.012,54.768],[-4.056,54.783],[-4.048,54.813],[-4.064,54.832],[-4.09,54.81],[-4.084,54.777],[-4.123,54.773],[-4.174,54.792],[-4.209,54.826],[-4.201,54.866],[-4.271,54.839],[-4.357,54.866],[-4.403,54.907],[-4.427,54.869],[-4.417,54.846],[-4.344,54.795],[-4.358,54.771],[-4.344,54.756],[-4.357,54.742],[-4.348,54.702],[-4.382,54.68],[-4.497,54.701],[-4.597,54.775],[-4.781,54.833],[-4.8,54.861],[-4.859,54.866],[-4.926,54.837],[-4.955,54.805],[-4.896,54.705],[-4.867,54.69],[-4.872,54.649],[-4.859,54.633],[-4.954,54.66],[-4.955,54.729],[-4.988,54.735],[-5.003,54.771],[-5.157,54.879],[-5.181,54.954],[-5.171,55.009],[-5.125,55.017],[-5.115,55.032],[-5.069,54.986],[-5.061,54.931],[-5.031,54.911],[-4.996,54.92],[-4.988,54.935],[-5.05,55.027],[-5.008,55.141],[-4.867,55.222],[-4.833,55.331],[-4.773,55.369],[-4.749,55.414],[-4.651,55.448],[-4.618,55.496],[-4.651,55.537],[-4.687,55.544],[-4.666,55.562],[-4.693,55.605],[-4.818,55.637],[-4.811,55.654],[-4.921,55.709],[-4.861,55.757],[-4.883,55.821],[-4.886,55.92],[-4.849,55.948],[-4.799,55.958],[-4.673,55.934],[-4.482,55.928],[-4.673,55.962],[-4.783,56.018],[-4.824,56.079],[-4.844,56.073],[-4.838,56.051],[-4.779,55.992],[-4.852,55.988],[-4.865,56.067],[-4.755,56.188],[-4.756,56.207],[-4.852,56.113],[-4.881,56.12],[-4.894,56.174],[-4.921,56.168],[-4.886,56.08],[-4.904,56.054],[-4.893,55.99],[-4.955,55.997],[-4.914,55.962],[-4.983,55.871],[-5.042,55.885],[-5.071,55.959],[-5.124,56.01],[-5.14,56.003],[-5.086,55.932],[-5.087,55.901],[-5.172,55.936],[-5.181,55.969],[-5.242,55.893],[-5.201,55.831],[-5.297,55.853],[-5.338,55.904],[-5.324,55.959],[-5.338,55.997],[-5.204,56.119],[-5.105,56.152],[-5.043,56.216],[-4.94,56.251],[-4.921,56.278],[-4.975,56.248],[-5.065,56.229],[-5.109,56.175],[-5.228,56.129],[-5.311,56.058],[-5.346,56.051],[-5.369,56.009],[-5.434,56.01],[-5.444,56.028],[-5.455,55.956],[-5.431,55.948],[-5.4,55.893],[-5.407,55.88],[-5.393,55.874],[-5.407,55.866],[-5.352,55.832],[-5.318,55.783],[-5.433,55.721],[-5.469,55.654],[-5.49,55.645],[-5.484,55.61],[-5.455,55.592],[-5.489,55.569],[-5.482,55.55],[-5.51,55.517],[-5.511,55.484],[-5.585,55.427],[-5.544,55.407],[-5.515,55.374],[-5.525,55.359],[-5.616,55.307],[-5.755,55.297],[-5.783,55.314],[-5.791,55.399],[-5.716,55.448],[-5.722,55.514],[-5.708,55.543],[-5.722,55.565],[-5.673,55.641],[-5.681,55.674],[-5.627,55.701],[-5.581,55.758],[-5.505,55.789],[-5.455,55.846],[-5.599,55.764],[-5.66,55.797],[-5.674,55.846],[-5.571,55.935],[-5.672,55.887],[-5.696,55.916],[-5.571,56.038],[-5.626,56.024],[-5.675,55.978],[-5.691,55.938],[-5.708,55.943],[-5.696,55.982],[-5.577,56.097],[-5.532,56.086],[-5.559,56.131],[-5.51,56.188],[-5.606,56.14],[-5.551,56.216],[-5.559,56.23],[-5.493,56.26],[-5.513,56.271],[-5.592,56.25],[-5.573,56.328],[-5.544,56.353],[-5.448,56.36],[-5.538,56.36],[-5.457,56.441],[-5.323,56.455],[-5.209,56.447],[-5.119,56.508],[-5.065,56.565],[-5.201,56.462],[-5.35,56.473],[-5.378,56.459],[-5.411,56.504],[-5.455,56.47],[-5.469,56.476],[-5.428,56.538],[-5.357,56.52],[-5.242,56.565],[-5.372,56.53],[-5.414,56.545],[-5.361,56.606],[-5.298,56.646],[-5.318,56.661],[-5.219,56.689],[-5.153,56.681],[-4.996,56.716],[-5.161,56.696],[-5.238,56.717],[-5.12,56.818],[-5.233,56.761],[-5.268,56.713],[-5.31,56.706],[-5.388,56.655],[-5.434,56.643],[-5.6,56.529],[-5.674,56.497],[-5.77,56.538],[-5.749,56.572],[-5.794,56.543],[-5.854,56.55],[-6.003,56.619],[-6.008,56.642],[-5.934,56.655],[-5.839,56.627],[-5.832,56.634],[-5.866,56.661],[-5.76,56.701],[-5.647,56.681],[-5.544,56.695],[-5.637,56.689],[-5.75,56.715],[-5.897,56.675],[-6.099,56.697],[-6.162,56.678],[-6.223,56.695],[-6.234,56.729],[-6.181,56.755],[-6.027,56.764],[-5.965,56.785],[-5.852,56.747],[-5.886,56.785],[-5.757,56.785],[-5.832,56.805],[-5.851,56.829],[-5.734,56.845],[-5.66,56.873],[-5.744,56.854],[-5.784,56.86],[-5.736,56.894],[-5.921,56.894],[-5.852,56.9],[-5.88,56.922],[-5.832,56.997],[-5.755,57.027],[-5.659,56.979],[-5.571,56.984],[-5.523,57.004],[-5.629,56.992],[-5.686,57.01],[-5.68,57.036],[-5.702,57.045],[-5.742,57.038],[-5.78,57.052],[-5.791,57.059],[-5.776,57.076],[-5.716,57.12],[-5.646,57.129],[-5.558,57.1],[-5.4,57.106],[-5.42,57.121],[-5.541,57.106],[-5.585,57.134],[-5.681,57.158],[-5.626,57.216],[-5.644,57.233],[-5.578,57.267],[-5.544,57.271],[-5.446,57.223],[-5.407,57.23],[-5.502,57.278],[-5.441,57.319],[-5.465,57.325],[-5.578,57.278],[-5.721,57.284],[-5.729,57.298],[-5.702,57.332],[-5.654,57.354],[-5.613,57.342],[-5.501,57.371],[-5.457,57.394],[-5.448,57.422],[-5.563,57.363],[-5.64,57.374],[-5.607,57.389],[-5.62,57.417],[-5.707,57.36],[-5.808,57.355],[-5.825,57.394],[-5.811,57.401],[-5.825,57.429],[-5.811,57.442],[-5.859,57.453],[-5.873,57.494],[-5.847,57.559],[-5.832,57.559],[-5.839,57.579],[-5.804,57.581],[-5.64,57.511],[-5.654,57.532],[-5.513,57.541],[-5.588,57.561],[-5.66,57.545],[-5.694,57.566],[-5.681,57.579],[-5.714,57.583],[-5.763,57.634],[-5.806,57.643],[-5.805,57.667],[-5.785,57.68],[-5.791,57.696],[-5.734,57.708],[-5.692,57.691],[-5.674,57.71],[-5.721,57.733],[-5.804,57.744],[-5.811,57.833],[-5.777,57.868],[-5.699,57.869],[-5.674,57.861],[-5.66,57.792],[-5.606,57.77],[-5.626,57.792],[-5.585,57.785],[-5.585,57.831],[-5.65,57.878],[-5.64,57.888],[-5.654,57.895],[-5.613,57.929],[-5.551,57.915],[-5.556,57.888],[-5.487,57.856],[-5.455,57.854],[-5.437,57.898],[-5.415,57.908],[-5.222,57.847],[-5.393,57.918],[-5.393,57.936],[-5.372,57.931],[-5.366,57.943],[-5.297,57.908],[-5.256,57.915],[-5.199,57.898],[-5.071,57.833],[-5.097,57.871],[-5.222,57.921],[-5.194,57.936],[-5.204,57.96],[-5.293,57.981],[-5.359,58.011],[-5.367,58.029],[-5.428,58.031],[-5.414,58.052],[-5.447,58.084],[-5.428,58.098],[-5.39,58.092],[-5.366,58.066],[-5.301,58.07],[-5.277,58.086],[-5.291,58.121],[-5.277,58.127],[-5.297,58.135],[-5.242,58.148],[-5.331,58.182],[-5.324,58.203],[-5.393,58.245],[-5.392,58.261],[-5.294,58.241],[-5.216,58.261],[-5.173,58.251],[-5.129,58.271],[-5.068,58.251],[-5.002,58.251],[-4.934,58.223],[-4.982,58.251],[-4.927,58.265],[-5.05,58.26],[-5.136,58.306],[-5.173,58.354],[-5.153,58.354],[-5.163,58.374],[-5.143,58.415],[-5.016,58.388],[-5.057,58.422],[-5.098,58.415],[-5.085,58.429],[-5.106,58.437],[-5.05,58.454],[-4.996,58.437],[-5.106,58.487],[-5.106,58.506],[-5.028,58.544],[-5.005,58.618],[-4.988,58.628],[-4.836,58.605],[-4.804,58.559],[-4.818,58.525],[-4.792,58.542],[-4.777,58.607],[-4.66,58.556],[-4.667,58.532],[-4.714,58.506],[-4.761,58.448],[-4.612,58.525],[-4.585,58.574],[-4.475,58.566],[-4.427,58.546],[-4.427,58.525],[-4.495,58.45],[-4.344,58.539],[-4.307,58.546],[-4.235,58.525],[-4.249,58.532],[-4.221,58.552],[-4.081,58.562],[-4.029,58.595],[-4.004,58.571],[-3.896,58.566],[-3.81,58.573],[-3.598,58.627],[-3.543,58.621],[-3.556,58.614],[-3.532,58.602],[-3.447,58.614],[-3.364,58.601],[-3.351,58.621],[-3.413,58.656],[-3.375,58.677],[-3.341,58.648],[-3.204,58.661],[-3.152,58.641],[-3.019,58.64],[-3.049,58.587],[-3.129,58.513],[-3.119,58.484],[-3.064,58.483],[-3.053,58.466],[-3.13,58.369],[-3.221,58.306],[-3.385,58.265],[-3.515,58.168],[-3.809,58.052],[-3.852,58.004],[-3.991,57.96],[-4.002,57.936],[-4.084,57.964],[-4.078,57.943],[-4.016,57.932],[-3.988,57.908],[-4.009,57.868],[-4.07,57.874],[-4.105,57.854],[-4.218,57.874],[-4.299,57.863],[-4.392,57.908],[-4.308,57.851],[-4.208,57.859],[-4.15,57.83],[-4.133,57.83],[-4.139,57.847],[-4.04,57.818],[-3.984,57.842],[-3.951,57.838],[-3.934,57.826],[-3.947,57.813],[-3.915,57.808],[-3.798,57.867],[-3.779,57.856],[-3.79,57.831],[-3.988,57.696],[-4.024,57.698],[-4.016,57.723],[-4.043,57.737],[-4.078,57.73],[-4.169,57.689],[-4.295,57.68],[-4.309,57.655],[-4.412,57.603],[-4.428,57.578],[-4.38,57.589],[-4.329,57.626],[-4.202,57.675],[-4.097,57.658],[-4.009,57.689],[-4.025,57.655],[-4.119,57.593],[-4.105,57.579],[-4.171,57.571],[-4.185,57.548],[-4.263,57.552],[-4.208,57.538],[-4.249,57.497],[-4.195,57.492],[-4.035,57.557],[-4.084,57.586],[-3.837,57.593],[-3.685,57.654],[-3.625,57.662],[-3.646,57.641],[-3.591,57.641],[-3.612,57.668],[-3.536,57.662],[-3.505,57.679],[-3.492,57.713],[-3.409,57.723],[-3.285,57.72],[-3.21,57.694],[-3.035,57.669],[-2.916,57.703],[-2.758,57.703],[-2.731,57.689],[-2.659,57.697],[-2.542,57.682],[-2.526,57.669],[-2.498,57.682],[-2.433,57.668],[-2.361,57.682],[-2.329,57.674],[-2.296,57.696],[-2.21,57.676],[-2.108,57.705],[-1.998,57.703],[-1.973,57.676],[-1.932,57.682],[-1.829,57.613],[-1.8,57.526],[-1.761,57.497],[-1.781,57.48],[-1.759,57.474],[-1.83,57.426],[-1.85,57.394],[-1.98,57.319],[-2.069,57.175],[-2.071,57.136],[-2.049,57.119],[-2.187,56.985],[-2.2,56.949],[-2.186,56.915],[-2.22,56.873],[-2.32,56.802],[-2.426,56.751],[-2.452,56.691],[-2.487,56.654],[-2.481,56.627],[-2.515,56.591],[-2.7,56.504],[-2.728,56.47],[-3.061,56.452],[-3.238,56.368],[-3.323,56.366],[-3.231,56.356],[-2.885,56.458],[-2.803,56.428],[-2.808,56.391],[-2.838,56.366],[-2.813,56.366],[-2.803,56.345],[-2.655,56.322],[-2.577,56.278],[-2.648,56.229],[-2.784,56.192],[-2.964,56.206],[-3.128,56.123],[-3.164,56.064],[-3.343,56.027],[-3.671,56.051],[-3.817,56.112],[-3.837,56.106],[-3.761,56.072],[-3.721,56.031],[-3.687,56.031],[-3.656,56.01],[-3.577,56.017],[-3.405,55.99],[-3.331,55.994],[-3.303,55.978],[-3.122,55.969],[-3.078,55.947],[-2.94,55.969],[-2.858,56.01],[-2.871,56.031],[-2.823,56.06],[-2.635,56.058],[-2.569,56.024],[-2.584,56.003],[-2.529,55.997],[-2.508,56.01],[-2.308,55.935],[-2.138,55.915],[-2.129,55.89],[-2.08,55.869],[-2.01,55.791],[-1.816,55.633],[-1.781,55.646],[-1.748,55.619],[-1.768,55.613],[-1.699,55.613],[-1.631,55.585],[-1.635,55.564],[-1.617,55.55],[-1.631,55.537],[-1.603,55.524],[-1.611,55.508],[-1.585,55.484],[-1.589,55.377],[-1.556,55.311],[-1.568,55.28],[-1.508,55.195],[-1.518,55.157],[-1.413,55],[-1.363,54.965],[-1.356,54.904],[-1.275,54.748],[-1.172,54.701],[-1.192,54.689],[-1.165,54.653],[-1.204,54.626],[-1.153,54.613],[-1.138,54.647],[-1.104,54.625],[-0.788,54.561],[-0.563,54.477],[-0.523,54.447],[-0.52,54.42],[-0.448,54.373],[-0.415,54.297],[-0.391,54.284],[-0.398,54.269],[-0.37,54.248],[-0.277,54.218],[-0.26,54.177],[-0.234,54.16],[-0.076,54.112],[-0.164,54.083],[-0.219,54.023],[-0.151,53.899],[0.133,53.643],[0.149,53.61],[0.131,53.573],[0.11,53.563],[0.136,53.611],[0.12,53.618],[0.035,53.646],[-0.045,53.626],[-0.092,53.631],[-0.26,53.735],[-0.544,53.709],[-0.637,53.732],[-0.726,53.701],[-0.692,53.687],[-0.677,53.703],[-0.62,53.712],[-0.53,53.678],[-0.486,53.694],[-0.279,53.707],[-0.189,53.62],[-0.096,53.577],[-0.047,53.57],[0.096,53.488],[0.152,53.476],[0.176,53.438],[0.219,53.42],[0.212,53.413],[0.256,53.375],[0.342,53.226],[0.357,53.146],[0.33,53.086],[0.161,53.009],[0.082,52.939],[0.022,52.913],[0.01,52.886],[0.106,52.889],[0.171,52.862],[0.247,52.796],[0.326,52.803],[0.385,52.768],[0.379,52.791],[0.439,52.841],[0.486,52.933],[0.57,52.969],[0.685,52.986],[0.968,52.947],[1.014,52.96],[0.966,52.974],[1.275,52.929],[1.396,52.891],[1.644,52.776],[1.697,52.731],[1.747,52.625],[1.748,52.533],[1.771,52.486],[1.684,52.325],[1.631,52.27],[1.631,52.2],[1.582,52.081],[1.487,52.049],[1.472,52.056],[1.425,52.002],[1.332,51.94],[1.264,51.994],[1.158,52.029],[1.214,51.991],[1.271,51.982],[1.271,51.956],[1.165,51.967],[1.069,51.953],[1.282,51.947],[1.278,51.928],[1.2,51.878],[1.264,51.864],[1.287,51.882],[1.276,51.845],[1.168,51.79],[1.065,51.775],[1.037,51.782],[0.98,51.844],[0.962,51.814],[0.887,51.782],[0.874,51.747],[0.699,51.72],[0.761,51.693],[0.93,51.744],[0.946,51.734],[0.938,51.706],[0.952,51.678],[0.935,51.636],[0.911,51.624],[0.952,51.617],[0.924,51.588],[0.771,51.528],[0.651,51.536],[0.569,51.508],[0.553,51.518],[0.456,51.506],[0.428,51.467],[0.385,51.453],[0.535,51.492],[0.695,51.477],[0.723,51.447],[0.641,51.444],[0.573,51.42],[0.555,51.412],[0.577,51.394],[0.713,51.384],[0.7,51.41],[0.726,51.419],[0.764,51.364],[0.977,51.349],[1.101,51.373],[1.424,51.392],[1.448,51.383],[1.436,51.344],[1.378,51.326],[1.413,51.222],[1.384,51.152],[1.357,51.131],[1.218,51.101],[1.192,51.083],[1.067,51.064],[0.966,50.983],[0.98,50.918],[0.945,50.909],[0.802,50.939],[0.762,50.931],[0.624,50.859],[0.365,50.819],[0.271,50.747],[0.122,50.761],[-0.173,50.829],[-0.27,50.831],[-0.398,50.802],[-0.569,50.802],[-0.733,50.767],[-0.758,50.777],[-0.773,50.766],[-0.771,50.737],[-0.79,50.73],[-0.904,50.772],[-0.906,50.788],[-0.864,50.808],[-0.905,50.829],[-0.929,50.823],[-0.919,50.836],[-0.939,50.843],[-1.021,50.844],[-1.056,50.783],[-1.083,50.781],[-1.103,50.795],[-1.069,50.844],[-1.165,50.844],[-1.124,50.819],[-1.125,50.789],[-1.151,50.781],[-1.466,50.918],[-1.323,50.826],[-1.317,50.8],[-1.419,50.788],[-1.405,50.775],[-1.488,50.758],[-1.525,50.761],[-1.561,50.719],[-1.693,50.74],[-1.772,50.72],[-1.857,50.727],[-1.94,50.691],[-1.949,50.713],[-2.022,50.72],[-2.039,50.74],[-2.083,50.699],[-2.036,50.713],[-2.003,50.681],[-1.953,50.677],[-1.953,50.652],[-1.932,50.644],[-1.967,50.617],[-1.965,50.602],[-2.065,50.596],[-2.157,50.621],[-2.398,50.646],[-2.436,50.638],[-2.46,50.607],[-2.466,50.585],[-2.429,50.558],[-2.453,50.528],[-2.46,50.565],[-2.484,50.59],[-2.693,50.693],[-2.865,50.734],[-3.26,50.675],[-3.296,50.638],[-3.368,50.617],[-3.421,50.629],[-3.464,50.679],[-3.433,50.61],[-3.482,50.569],[-3.506,50.521],[-3.487,50.459],[-3.532,50.455],[-3.556,50.432],[-3.549,50.416],[-3.487,50.405],[-3.527,50.35],[-3.571,50.356],[-3.578,50.334],[-3.632,50.312],[-3.653,50.251],[-3.646,50.226],[-3.661,50.221],[-3.789,50.212],[-3.961,50.322],[-4.033,50.295],[-4.054,50.3],[-4.07,50.309],[-4.064,50.322],[-4.108,50.337],[-4.119,50.352],[-4.105,50.371],[-4.171,50.383],[-4.191,50.418],[-4.16,50.459],[-4.201,50.459],[-4.235,50.438],[-4.216,50.416],[-4.229,50.397],[-4.29,50.397],[-4.273,50.382],[-4.194,50.377],[-4.229,50.371],[-4.18,50.356],[-4.198,50.342],[-4.194,50.322],[-4.252,50.356],[-4.338,50.371],[-4.495,50.328],[-4.673,50.315],[-4.694,50.343],[-4.763,50.322],[-4.755,50.302],[-4.78,50.284],[-4.777,50.261],[-4.8,50.23],[-4.85,50.235],[-4.947,50.199],[-5.002,50.144],[-5.02,50.192],[-5.053,50.196],[-5.065,50.158],[-5.043,50.144],[-5.126,50.096],[-5.071,50.09],[-5.057,50.061],[-5.098,50.014],[-5.146,50.011],[-5.191,49.959],[-5.245,49.993],[-5.253,50.028],[-5.304,50.08],[-5.475,50.13],[-5.541,50.113],[-5.535,50.082],[-5.563,50.06],[-5.667,50.043],[-5.705,50.052],[-5.716,50.083],[-5.694,50.096],[-5.709,50.133],[-5.685,50.162],[-5.511,50.219],[-5.438,50.194],[-5.388,50.24],[-5.315,50.254],[-5.15,50.35],[-5.154,50.399],[-5.05,50.429],[-5.016,50.538],[-4.947,50.562],[-4.934,50.52],[-4.845,50.514],[-4.922,50.555],[-4.921,50.589],[-4.792,50.595],[-4.749,50.644],[-4.752,50.67],[-4.657,50.711],[-4.638,50.741],[-4.577,50.775],[-4.55,50.81],[-4.555,50.898],[-4.523,50.973],[-4.526,51.015],[-4.338,50.997],[-4.208,51.076],[-4.256,51.152],[-4.215,51.152],[-4.21,51.173],[-4.229,51.192],[-3.769,51.248],[-3.434,51.21],[-3.385,51.186],[-3.029,51.22],[-3.036,51.199],[-3.022,51.192],[-3,51.233],[-3.022,51.323],[-2.992,51.322],[-2.96,51.374],[-2.975,51.384],[-2.921,51.394],[-2.799,51.483],[-2.716,51.5],[-2.58,51.619],[-2.556,51.659],[-2.465,51.726],[-2.389,51.75],[-2.383,51.773],[-2.398,51.782],[-2.42,51.753],[-2.482,51.743],[-2.665,51.617]]],[[[-1.083,50.713],[-1.062,50.685],[-1.156,50.651],[-1.168,50.603],[-1.279,50.583],[-1.486,50.669],[-1.569,50.658],[-1.506,50.708],[-1.419,50.734],[-1.425,50.72],[-1.401,50.722],[-1.319,50.772],[-1.109,50.733],[-1.083,50.713]]],[[[-0.96,50.808],[-0.939,50.781],[-1.021,50.788],[-0.973,50.83],[-0.95,50.824],[-0.96,50.808]]],[[[0.911,51.412],[0.942,51.383],[0.911,51.364],[0.775,51.375],[0.734,51.412],[0.767,51.448],[0.911,51.412]]],[[[-4.577,53.272],[-4.558,53.253],[-4.582,53.242],[-4.633,53.283],[-4.677,53.285],[-4.694,53.31],[-4.626,53.321],[-4.577,53.272]]],[[[-4.098,53.31],[-4.043,53.303],[-4.098,53.25],[-4.196,53.22],[-4.222,53.182],[-4.28,53.155],[-4.354,53.13],[-4.407,53.131],[-4.412,53.156],[-4.385,53.182],[-4.448,53.159],[-4.495,53.18],[-4.5,53.211],[-4.571,53.275],[-4.559,53.363],[-4.571,53.393],[-4.425,53.427],[-4.325,53.42],[-4.277,53.401],[-4.267,53.369],[-4.235,53.358],[-4.203,53.298],[-4.098,53.31]]],[[[-6.236,55.311],[-6.172,55.293],[-6.195,55.263],[-6.188,55.284],[-6.211,55.295],[-6.284,55.297],[-6.236,55.311]]],[[[-5.071,55.509],[-5.093,55.5],[-5.078,55.455],[-5.118,55.44],[-5.217,55.438],[-5.305,55.462],[-5.346,55.483],[-5.359,55.53],[-5.346,55.55],[-5.389,55.59],[-5.393,55.647],[-5.355,55.69],[-5.291,55.709],[-5.297,55.723],[-5.198,55.704],[-5.146,55.655],[-5.126,55.606],[-5.137,55.592],[-5.094,55.567],[-5.092,55.544],[-5.125,55.537],[-5.12,55.524],[-5.071,55.509]]],[[[-5.03,55.749],[-5.009,55.729],[-5.029,55.723],[-5.116,55.784],[-5.14,55.842],[-5.181,55.863],[-5.2,55.911],[-5.167,55.921],[-5.081,55.88],[-5.022,55.806],[-5.011,55.774],[-5.03,55.749]]],[[[-6.03,55.729],[-6.024,55.682],[-6.058,55.66],[-6.132,55.632],[-6.215,55.627],[-6.227,55.602],[-6.287,55.578],[-6.311,55.583],[-6.319,55.628],[-6.243,55.66],[-6.277,55.704],[-6.325,55.715],[-6.321,55.733],[-6.25,55.777],[-6.329,55.783],[-6.387,55.722],[-6.463,55.674],[-6.504,55.681],[-6.49,55.715],[-6.504,55.723],[-6.449,55.777],[-6.482,55.79],[-6.461,55.803],[-6.445,55.849],[-6.331,55.89],[-6.318,55.887],[-6.338,55.846],[-6.311,55.818],[-6.318,55.845],[-6.297,55.867],[-6.14,55.941],[-6.12,55.929],[-6.099,55.801],[-6.05,55.766],[-6.058,55.743],[-6.03,55.729]]],[[[-6.206,56.103],[-6.138,56.125],[-6.174,56.044],[-6.27,56.038],[-6.206,56.103]]],[[[-5.798,56.113],[-5.716,56.153],[-5.694,56.147],[-5.689,56.112],[-5.74,56.076],[-5.886,55.887],[-5.945,55.859],[-5.962,55.805],[-6.027,55.796],[-6.062,55.809],[-6.087,55.883],[-6.075,55.916],[-5.997,55.952],[-5.886,55.976],[-5.981,55.97],[-5.996,55.986],[-5.983,56.009],[-5.924,56.056],[-5.798,56.113]]],[[[-5.688,56.202],[-5.674,56.179],[-5.749,56.161],[-5.688,56.202]]],[[[-5.633,56.263],[-5.613,56.263],[-5.611,56.249],[-5.637,56.189],[-5.667,56.222],[-5.633,56.263]]],[[[-5.633,56.319],[-5.585,56.326],[-5.605,56.297],[-5.599,56.284],[-5.622,56.276],[-5.647,56.299],[-5.633,56.319]]],[[[-5.558,56.414],[-5.503,56.421],[-5.558,56.386],[-5.585,56.387],[-5.558,56.414]]],[[[-6.16,56.47],[-6.264,56.483],[-6.215,56.504],[-6.16,56.47]]],[[[-6.819,56.538],[-6.742,56.548],[-6.729,56.53],[-6.869,56.48],[-6.888,56.462],[-6.882,56.444],[-6.965,56.46],[-6.99,56.504],[-6.819,56.538]]],[[[-5.688,56.435],[-5.658,56.4],[-5.703,56.393],[-5.742,56.414],[-5.739,56.401],[-5.784,56.366],[-5.712,56.38],[-5.696,56.375],[-5.703,56.365],[-5.809,56.319],[-5.88,56.326],[-5.854,56.344],[-5.873,56.358],[-6.066,56.289],[-6.102,56.298],[-6.24,56.284],[-6.267,56.263],[-6.328,56.277],[-6.366,56.322],[-6.31,56.347],[-6.247,56.312],[-6.229,56.326],[-6.25,56.332],[-6.085,56.353],[-6.021,56.382],[-6.154,56.359],[-6.203,56.38],[-6.157,56.407],[-6.127,56.448],[-6.01,56.47],[-6.003,56.489],[-6.017,56.504],[-6.127,56.474],[-6.174,56.517],[-6.338,56.552],[-6.29,56.572],[-6.325,56.606],[-6.256,56.62],[-6.23,56.609],[-6.22,56.632],[-6.151,56.652],[-6.058,56.64],[-6.064,56.62],[-6.009,56.599],[-5.963,56.526],[-5.794,56.517],[-5.757,56.49],[-5.71,56.485],[-5.681,56.452],[-5.648,56.448],[-5.654,56.428],[-5.688,56.435]]],[[[-6.459,56.678],[-6.497,56.634],[-6.616,56.575],[-6.669,56.578],[-6.678,56.558],[-6.702,56.586],[-6.648,56.603],[-6.559,56.665],[-6.49,56.689],[-6.453,56.688],[-6.459,56.678]]],[[[-7.394,57.01],[-7.374,56.983],[-7.411,56.98],[-7.445,56.947],[-7.557,56.953],[-7.517,56.981],[-7.524,57.01],[-7.457,57.032],[-7.449,57.059],[-7.414,57.045],[-7.435,57.024],[-7.394,57.01]]],[[[-6.325,57.059],[-6.251,57.027],[-6.27,57.01],[-6.243,57.01],[-6.276,56.953],[-6.342,56.942],[-6.455,57.004],[-6.364,57.056],[-6.325,57.059]]],[[[-6.606,57.052],[-6.537,57.073],[-6.49,57.059],[-6.606,57.052]]],[[[-5.959,57.284],[-6.014,57.317],[-5.956,57.322],[-5.929,57.307],[-5.925,57.292],[-5.959,57.284]]],[[[-7.244,57.326],[-7.195,57.306],[-7.257,57.237],[-7.353,57.243],[-7.271,57.216],[-7.26,57.16],[-7.271,57.148],[-7.346,57.148],[-7.277,57.148],[-7.216,57.114],[-7.239,57.101],[-7.322,57.11],[-7.353,57.1],[-7.391,57.129],[-7.417,57.182],[-7.414,57.216],[-7.455,57.237],[-7.39,57.312],[-7.428,57.388],[-7.353,57.408],[-7.264,57.374],[-7.298,57.367],[-7.223,57.34],[-7.272,57.337],[-7.371,57.388],[-7.394,57.381],[-7.37,57.355],[-7.244,57.326]]],[[[-7.264,57.483],[-7.263,57.472],[-7.202,57.463],[-7.264,57.449],[-7.205,57.419],[-7.318,57.408],[-7.408,57.446],[-7.37,57.489],[-7.264,57.483]]],[[[-6.064,57.347],[-6.077,57.372],[-6.069,57.436],[-6.062,57.453],[-6.017,57.463],[-6.037,57.49],[-5.996,57.49],[-6.01,57.511],[-5.993,57.507],[-5.983,57.497],[-6.018,57.418],[-6.017,57.388],[-5.989,57.347],[-6.055,57.326],[-6.072,57.332],[-6.064,57.347]]],[[[-5.968,57.518],[-5.99,57.533],[-5.983,57.566],[-5.962,57.577],[-5.968,57.518]]],[[[-7.129,57.653],[-7.065,57.634],[-7.099,57.607],[-7.171,57.641],[-7.216,57.634],[-7.197,57.631],[-7.202,57.613],[-7.164,57.61],[-7.154,57.587],[-7.106,57.593],[-7.126,57.571],[-7.236,57.552],[-7.257,57.572],[-7.312,57.552],[-7.144,57.549],[-7.134,57.538],[-7.158,57.511],[-7.305,57.511],[-7.346,57.545],[-7.318,57.552],[-7.442,57.579],[-7.471,57.567],[-7.545,57.593],[-7.477,57.662],[-7.387,57.662],[-7.414,57.648],[-7.397,57.635],[-7.312,57.689],[-7.333,57.662],[-7.278,57.65],[-7.257,57.648],[-7.277,57.662],[-7.182,57.689],[-7.165,57.67],[-7.189,57.655],[-7.129,57.653]]],[[[-6.564,57.347],[-6.696,57.364],[-6.732,57.417],[-6.773,57.434],[-6.784,57.456],[-6.722,57.456],[-6.747,57.488],[-6.716,57.514],[-6.607,57.444],[-6.613,57.463],[-6.599,57.469],[-6.631,57.502],[-6.564,57.504],[-6.599,57.538],[-6.655,57.552],[-6.631,57.577],[-6.64,57.607],[-6.572,57.583],[-6.555,57.552],[-6.465,57.513],[-6.421,57.518],[-6.443,57.488],[-6.4,57.521],[-6.311,57.463],[-6.325,57.497],[-6.39,57.552],[-6.36,57.593],[-6.4,57.6],[-6.416,57.646],[-6.311,57.703],[-6.154,57.59],[-6.133,57.476],[-6.147,57.425],[-6.188,57.394],[-6.127,57.408],[-6.118,57.398],[-6.14,57.374],[-6.135,57.357],[-6.099,57.332],[-6.154,57.306],[-6.045,57.308],[-6.078,57.278],[-6.008,57.287],[-5.923,57.267],[-5.901,57.243],[-5.768,57.277],[-5.647,57.265],[-5.663,57.213],[-5.691,57.19],[-5.782,57.166],[-5.8,57.124],[-5.935,57.041],[-6.007,57.028],[-6.03,57.045],[-6.027,57.062],[-5.987,57.118],[-5.942,57.155],[-5.845,57.188],[-5.986,57.175],[-6.044,57.23],[-6.024,57.196],[-6.089,57.127],[-6.113,57.188],[-6.164,57.201],[-6.174,57.196],[-6.16,57.188],[-6.177,57.181],[-6.318,57.161],[-6.277,57.202],[-6.346,57.188],[-6.38,57.223],[-6.346,57.243],[-6.408,57.243],[-6.482,57.312],[-6.416,57.335],[-6.338,57.302],[-6.311,57.298],[-6.324,57.311],[-6.406,57.352],[-6.463,57.347],[-6.449,57.36],[-6.476,57.367],[-6.463,57.374],[-6.479,57.382],[-6.476,57.401],[-6.524,57.381],[-6.531,57.415],[-6.572,57.388],[-6.564,57.347]]],[[[-7.223,57.71],[-7.18,57.735],[-7.152,57.726],[-7.223,57.71]]],[[[-8.621,57.833],[-8.552,57.819],[-8.591,57.805],[-8.621,57.833]]],[[[-7.045,57.902],[-7.065,57.881],[-7.079,57.88],[-7.079,57.895],[-7.038,57.916],[-6.997,57.915],[-7.009,57.89],[-7.045,57.902]]],[[[-6.873,58.217],[-6.86,58.223],[-6.882,58.236],[-6.88,58.258],[-6.819,58.237],[-6.791,58.21],[-6.873,58.217]]],[[[-6.955,57.744],[-6.981,57.735],[-7.113,57.816],[-7.125,57.837],[-7.097,57.838],[-7.079,57.813],[-6.985,57.865],[-6.914,57.868],[-6.963,57.895],[-6.882,57.914],[-6.832,57.902],[-6.866,57.921],[-6.839,57.936],[-7.01,57.955],[-7.113,57.99],[-7.052,58.011],[-7.058,58.025],[-6.935,58.052],[-7.058,58.039],[-7.024,58.052],[-7.052,58.059],[-7.024,58.08],[-7.076,58.062],[-7.113,58.1],[-7.123,58.137],[-7.093,58.168],[-7.113,58.182],[-7.017,58.189],[-7.058,58.213],[-7.031,58.245],[-6.907,58.217],[-6.937,58.211],[-6.86,58.107],[-6.86,58.135],[-6.888,58.168],[-6.869,58.189],[-6.798,58.202],[-6.737,58.168],[-6.709,58.189],[-6.743,58.203],[-6.757,58.23],[-6.784,58.23],[-6.812,58.265],[-6.791,58.271],[-6.819,58.285],[-6.716,58.34],[-6.557,58.369],[-6.267,58.512],[-6.223,58.499],[-6.167,58.42],[-6.192,58.409],[-6.215,58.368],[-6.167,58.347],[-6.318,58.268],[-6.318,58.245],[-6.366,58.237],[-6.348,58.221],[-6.271,58.216],[-6.151,58.258],[-6.167,58.23],[-6.16,58.217],[-6.234,58.184],[-6.4,58.21],[-6.366,58.162],[-6.373,58.141],[-6.49,58.1],[-6.524,58.107],[-6.619,58.086],[-6.581,58.079],[-6.407,58.107],[-6.366,58.059],[-6.4,58.045],[-6.352,58.039],[-6.424,58.004],[-6.545,58.018],[-6.455,57.977],[-6.508,57.936],[-6.551,57.943],[-6.537,57.921],[-6.578,57.917],[-6.63,57.957],[-6.619,57.915],[-6.661,57.929],[-6.709,58.004],[-6.666,58.045],[-6.592,58.059],[-6.688,58.059],[-6.693,58.041],[-6.764,58.004],[-6.674,57.929],[-6.696,57.921],[-6.668,57.908],[-6.661,57.88],[-6.787,57.899],[-6.806,57.88],[-6.764,57.868],[-6.742,57.831],[-6.791,57.826],[-6.784,57.813],[-6.853,57.833],[-6.839,57.813],[-6.888,57.785],[-6.873,57.778],[-6.955,57.744]]],[[[-2.953,58.84],[-2.884,58.832],[-2.919,58.806],[-2.914,58.785],[-2.926,58.779],[-2.911,58.749],[-2.94,58.731],[-2.988,58.757],[-2.974,58.772],[-3.016,58.813],[-2.967,58.82],[-3.036,58.82],[-2.953,58.84]]],[[[-3.248,58.792],[-3.132,58.806],[-3.156,58.787],[-3.299,58.779],[-3.379,58.854],[-3.379,58.874],[-3.433,58.885],[-3.416,58.908],[-3.349,58.929],[-3.246,58.896],[-3.193,58.854],[-3.207,58.84],[-3.173,58.82],[-3.248,58.792]]],[[[-2.728,58.971],[-2.708,58.959],[-2.707,58.932],[-2.785,58.911],[-2.824,58.882],[-2.927,58.905],[-2.981,58.96],[-3.024,58.94],[-3.085,58.943],[-3.07,58.929],[-3.118,58.916],[-3.203,58.916],[-3.239,58.951],[-3.207,59.005],[-3.228,59.039],[-3.246,59.031],[-3.241,59.011],[-3.276,59.011],[-3.257,58.978],[-3.289,58.95],[-3.323,58.957],[-3.367,59.016],[-3.344,59.053],[-3.35,59.098],[-3.324,59.127],[-3.183,59.147],[-3.122,59.124],[-3.085,59.128],[-3.049,59.108],[-3.07,59.101],[-2.994,59.073],[-3.008,59.067],[-2.994,59.06],[-3.063,59.049],[-3.091,59.019],[-3.132,59.005],[-3.117,58.998],[-3.06,58.991],[-3.012,59.017],[-2.974,58.999],[-2.933,59.011],[-2.895,58.991],[-2.878,58.998],[-2.885,58.977],[-2.781,58.99],[-2.782,58.974],[-2.838,58.95],[-2.795,58.926],[-2.775,58.929],[-2.796,58.957],[-2.728,58.971]]],[[[-2.542,59.121],[-2.542,59.103],[-2.515,59.094],[-2.533,59.084],[-2.597,59.073],[-2.599,59.096],[-2.634,59.109],[-2.652,59.101],[-2.649,59.086],[-2.686,59.089],[-2.618,59.128],[-2.666,59.155],[-2.612,59.161],[-2.618,59.148],[-2.569,59.142],[-2.593,59.139],[-2.584,59.121],[-2.542,59.121]]],[[[-3.005,59.128],[-3.092,59.143],[-3.12,59.177],[-3.074,59.197],[-2.953,59.183],[-2.977,59.163],[-2.975,59.134],[-3.005,59.128]]],[[[-2.83,59.197],[-2.786,59.197],[-2.788,59.247],[-2.761,59.252],[-2.769,59.238],[-2.728,59.224],[-2.761,59.193],[-2.759,59.164],[-2.734,59.148],[-2.789,59.145],[-2.802,59.168],[-2.83,59.176],[-2.83,59.197]]],[[[-2.446,59.293],[-2.411,59.319],[-2.392,59.285],[-2.459,59.279],[-2.505,59.233],[-2.515,59.23],[-2.516,59.252],[-2.577,59.224],[-2.569,59.245],[-2.604,59.245],[-2.693,59.192],[-2.688,59.218],[-2.596,59.265],[-2.591,59.279],[-2.612,59.293],[-2.522,59.307],[-2.577,59.271],[-2.563,59.265],[-2.446,59.293]]],[[[-3.049,59.32],[-3.077,59.334],[-3.008,59.334],[-2.965,59.361],[-2.946,59.35],[-2.964,59.34],[-2.96,59.327],[-2.988,59.32],[-2.895,59.303],[-2.83,59.252],[-2.885,59.23],[-2.871,59.258],[-2.947,59.291],[-2.975,59.293],[-2.96,59.271],[-3.008,59.271],[-3.049,59.32]]],[[[-1.651,59.529],[-1.625,59.556],[-1.583,59.56],[-1.608,59.547],[-1.597,59.532],[-1.645,59.514],[-1.651,59.529]]],[[[-0.785,60.615],[-0.758,60.608],[-0.761,60.588],[-0.785,60.576],[-0.87,60.588],[-0.856,60.567],[-0.884,60.571],[-0.939,60.629],[-0.822,60.629],[-0.809,60.608],[-0.785,60.615]]],[[[-1.097,60.416],[-1.073,60.445],[-1.034,60.451],[-1.125,60.384],[-1.118,60.374],[-1.068,60.396],[-1.07,60.36],[-1.172,60.348],[-1.075,60.321],[-1.138,60.291],[-1.134,60.276],[-1.09,60.273],[-1.148,60.249],[-1.193,60.273],[-1.185,60.245],[-1.219,60.238],[-1.179,60.232],[-1.199,60.204],[-1.158,60.225],[-1.193,60.176],[-1.155,60.193],[-1.144,60.188],[-1.158,60.17],[-1.124,60.15],[-1.199,60.129],[-1.19,60.113],[-1.213,60.107],[-1.185,60.094],[-1.202,60.083],[-1.193,60.07],[-1.165,60.06],[-1.185,60.038],[-1.219,60.04],[-1.193,59.998],[-1.201,59.986],[-1.247,59.998],[-1.245,59.956],[-1.275,59.93],[-1.263,59.907],[-1.275,59.882],[-1.261,59.866],[-1.275,59.854],[-1.295,59.875],[-1.311,59.866],[-1.301,59.889],[-1.376,59.909],[-1.356,59.945],[-1.323,59.951],[-1.35,59.978],[-1.323,59.978],[-1.329,59.996],[-1.263,60.115],[-1.268,60.142],[-1.289,60.156],[-1.269,60.185],[-1.312,60.181],[-1.268,60.245],[-1.287,60.246],[-1.329,60.204],[-1.358,60.244],[-1.411,60.259],[-1.35,60.211],[-1.357,60.197],[-1.398,60.211],[-1.405,60.18],[-1.419,60.191],[-1.455,60.156],[-1.527,60.193],[-1.466,60.217],[-1.504,60.243],[-1.525,60.212],[-1.548,60.23],[-1.625,60.217],[-1.67,60.24],[-1.69,60.285],[-1.639,60.311],[-1.548,60.293],[-1.556,60.307],[-1.521,60.3],[-1.528,60.313],[-1.481,60.316],[-1.466,60.279],[-1.446,60.286],[-1.46,60.307],[-1.423,60.326],[-1.374,60.308],[-1.364,60.286],[-1.336,60.307],[-1.364,60.321],[-1.343,60.348],[-1.26,60.355],[-1.338,60.374],[-1.343,60.396],[-1.373,60.381],[-1.395,60.39],[-1.384,60.423],[-1.439,60.431],[-1.446,60.492],[-1.48,60.457],[-1.499,60.469],[-1.48,60.485],[-1.609,60.483],[-1.586,60.512],[-1.556,60.512],[-1.527,60.557],[-1.455,60.509],[-1.384,60.512],[-1.48,60.539],[-1.453,60.567],[-1.411,60.58],[-1.425,60.588],[-1.419,60.608],[-1.367,60.612],[-1.316,60.594],[-1.324,60.621],[-1.301,60.643],[-1.292,60.6],[-1.309,60.588],[-1.301,60.565],[-1.336,60.533],[-1.316,60.533],[-1.336,60.526],[-1.316,60.519],[-1.336,60.485],[-1.295,60.492],[-1.309,60.457],[-1.37,60.402],[-1.323,60.41],[-1.324,60.428],[-1.297,60.438],[-1.234,60.444],[-1.295,60.471],[-1.272,60.484],[-1.26,60.465],[-1.218,60.498],[-1.186,60.482],[-1.193,60.471],[-1.17,60.463],[-1.152,60.431],[-1.186,60.432],[-1.221,60.409],[-1.165,60.412],[-1.144,60.389],[-1.103,60.431],[-1.097,60.416]]],[[[-0.987,60.698],[-0.997,60.676],[-0.98,60.657],[-0.993,60.636],[-1.062,60.663],[-1.014,60.615],[-1.069,60.615],[-1.011,60.578],[-1.023,60.556],[-1.042,60.553],[-1.024,60.503],[-1.101,60.515],[-1.097,60.492],[-1.154,60.508],[-1.18,60.625],[-1.171,60.646],[-1.138,60.649],[-1.13,60.619],[-1.103,60.615],[-1.124,60.66],[-1.114,60.715],[-1.092,60.735],[-1.069,60.718],[-0.993,60.731],[-1.001,60.704],[-0.987,60.698]]],[[[-0.905,60.684],[-0.966,60.69],[-0.966,60.725],[-0.943,60.726],[-0.952,60.752],[-0.926,60.77],[-0.939,60.8],[-0.904,60.814],[-0.881,60.845],[-0.856,60.824],[-0.888,60.79],[-0.853,60.804],[-0.822,60.848],[-0.772,60.833],[-0.761,60.813],[-0.788,60.807],[-0.761,60.8],[-0.808,60.779],[-0.802,60.759],[-0.821,60.759],[-0.802,60.745],[-0.85,60.718],[-0.822,60.685],[-0.905,60.684]]],[[[-6.299,49.935],[-6.284,49.923],[-6.297,49.91],[-6.309,49.914],[-6.299,49.935]]],[[[-6.334,49.96],[-6.333,49.942],[-6.349,49.964],[-6.334,49.96]]],[[[-4.665,51.184],[-4.67,51.16],[-4.68,51.181],[-4.671,51.195],[-4.665,51.184]]],[[[-13.69,57.596],[-13.69,57.596]]],[[[-1.315,60.094],[-1.305,60.087],[-1.334,60.044],[-1.335,60.076],[-1.368,60.045],[-1.338,60.093],[-1.346,60.109],[-1.316,60.115],[-1.315,60.094]]],[[[-2.053,60.156],[-2.048,60.129],[-2.063,60.118],[-2.112,60.138],[-2.053,60.156]]],[[[-1.063,60.164],[-1.051,60.17],[-1.053,60.148],[-1.084,60.105],[-1.122,60.123],[-1.119,60.156],[-1.135,60.179],[-1.079,60.188],[-1.063,60.164]]],[[[-0.919,60.386],[-0.976,60.34],[-1.034,60.34],[-1.006,60.369],[-0.919,60.386]]]]}},{"type":"Feature","properties":{"name":"Russia","blocKey":"csto","blocLabel":"CSTO","color":"#b26a3d","certainty":"member","basis":"CSTO member"},"geometry":{"type":"MultiPolygon","coordinates":[[[[87.816,49.166],[87.506,49.121],[87.476,49.088],[87.4,49.071],[87.324,49.085],[87.272,49.205],[87.19,49.238],[87.025,49.249],[87.013,49.281],[86.913,49.339],[86.905,49.352],[86.933,49.39],[86.814,49.45],[86.824,49.509],[86.733,49.551],[86.643,49.547],[86.592,49.587],[86.647,49.654],[86.776,49.695],[86.741,49.723],[86.76,49.768],[86.748,49.783],[86.685,49.778],[86.61,49.796],[86.565,49.743],[86.473,49.708],[86.475,49.671],[86.272,49.584],[86.177,49.463],[86.112,49.52],[86.07,49.526],[85.98,49.483],[85.946,49.481],[85.931,49.493],[85.941,49.56],[85.881,49.563],[85.809,49.537],[85.747,49.573],[85.673,49.56],[85.615,49.617],[85.476,49.583],[85.384,49.616],[85.263,49.582],[85.224,49.596],[85.195,49.626],[85.185,49.705],[85.082,49.8],[85.056,49.873],[84.955,49.907],[84.955,49.99],[85.025,50.004],[85.028,50.021],[84.987,50.067],[84.91,50.095],[84.839,50.081],[84.791,50.133],[84.72,50.137],[84.642,50.185],[84.536,50.191],[84.441,50.245],[84.369,50.212],[84.331,50.213],[84.304,50.243],[84.25,50.26],[84.239,50.345],[84.177,50.439],[84.196,50.511],[84.102,50.629],[83.976,50.686],[83.95,50.718],[83.951,50.78],[83.883,50.812],[83.82,50.868],[83.713,50.882],[83.61,50.932],[83.498,50.945],[83.434,50.993],[83.108,50.993],[83.058,50.917],[82.976,50.882],[82.726,50.901],[82.7,50.881],[82.698,50.811],[82.673,50.79],[82.476,50.714],[82.408,50.748],[82.328,50.752],[82.288,50.737],[82.256,50.745],[82.199,50.709],[82.147,50.702],[82.096,50.708],[81.945,50.769],[81.822,50.766],[81.744,50.785],[81.674,50.736],[81.46,50.73],[81.419,50.762],[81.466,50.834],[81.416,50.89],[81.401,50.959],[81.277,50.963],[81.104,50.937],[81.052,50.956],[81.147,51.136],[81.152,51.187],[81.113,51.196],[81.07,51.172],[81.022,51.177],[80.924,51.216],[80.906,51.284],[80.882,51.285],[80.843,51.258],[80.683,51.302],[80.632,51.278],[80.599,51.209],[80.452,51.208],[80.422,51.188],[80.411,51.105],[80.452,51.073],[80.464,51.044],[80.439,50.958],[80.36,50.919],[80.267,50.916],[80.181,50.876],[80.143,50.817],[80.102,50.822],[80.049,50.852],[80.015,50.839],[80.086,50.752],[80.021,50.767],[79.967,50.81],[79.47,51.493],[79.043,51.993],[78.476,52.638],[77.867,53.272],[77.613,53.443],[76.526,53.961],[76.495,53.992],[76.476,54.042],[76.377,54.154],[76.476,54.164],[76.665,54.134],[76.762,54.203],[76.838,54.297],[76.834,54.346],[76.753,54.377],[76.805,54.41],[76.904,54.433],[76.91,54.455],[76.896,54.464],[76.782,54.439],[76.673,54.436],[76.652,54.422],[76.641,54.367],[76.623,54.356],[76.562,54.356],[76.476,54.323],[76.433,54.317],[76.234,54.347],[76.177,54.307],[76.184,54.252],[75.64,54.099],[75.429,54.09],[75.361,54.06],[75.434,53.987],[75.028,53.808],[74.888,53.836],[74.772,53.831],[74.735,53.765],[74.654,53.748],[74.616,53.681],[74.453,53.685],[74.438,53.673],[74.421,53.603],[74.457,53.57],[74.388,53.462],[74.27,53.515],[74.27,53.553],[74.25,53.557],[74.223,53.595],[74.148,53.598],[74.119,53.57],[74.077,53.566],[74.063,53.573],[74.058,53.625],[73.904,53.639],[73.788,53.595],[73.653,53.609],[73.641,53.563],[73.583,53.559],[73.547,53.507],[73.411,53.43],[73.347,53.459],[73.391,53.52],[73.231,53.572],[73.259,53.606],[73.225,53.63],[73.23,53.662],[73.307,53.686],[73.331,53.775],[73.347,53.788],[73.438,53.809],[73.391,53.828],[73.432,53.865],[73.485,53.875],[73.634,53.857],[73.683,53.874],[73.741,54.058],[73.685,54.048],[73.67,54.076],[73.602,54.071],[73.589,54.066],[73.604,54.035],[73.587,54.019],[73.528,54.011],[73.518,53.956],[73.482,53.945],[73.393,53.974],[73.36,53.938],[73.063,53.979],[73.024,54.034],[72.977,54.048],[72.968,54.104],[72.942,54.122],[72.624,54.135],[72.573,54.129],[72.527,54.1],[72.503,54.051],[72.632,54.054],[72.656,54.043],[72.695,53.993],[72.7,53.958],[72.674,53.951],[72.557,53.977],[72.477,53.913],[72.392,53.908],[72.373,53.936],[72.419,54.016],[72.364,54.06],[72.358,54.093],[72.408,54.09],[72.423,54.109],[72.467,54.11],[72.483,54.136],[72.299,54.178],[72.333,54.224],[72.324,54.253],[72.279,54.263],[72.253,54.303],[72.185,54.357],[72.043,54.378],[72.025,54.371],[72.027,54.355],[72.103,54.312],[72.072,54.263],[72.067,54.222],[72.17,54.197],[72.187,54.179],[72.19,54.152],[72.155,54.128],[72.1,54.132],[72.019,54.215],[71.984,54.232],[71.762,54.248],[71.715,54.211],[71.709,54.132],[71.647,54.109],[71.574,54.129],[71.477,54.11],[71.453,54.181],[71.321,54.201],[71.218,54.116],[71.161,54.102],[71.097,54.165],[71.044,54.186],[71.052,54.263],[70.977,54.27],[70.971,54.305],[71.003,54.333],[71.116,54.312],[71.191,54.318],[71.198,54.4],[71.166,54.417],[71.171,54.451],[71.145,54.481],[71.141,54.564],[71.148,54.591],[71.252,54.625],[71.265,54.662],[71.201,54.724],[71.097,54.733],[71.006,54.774],[70.99,54.849],[70.946,54.888],[70.974,54.947],[70.957,54.973],[70.977,55.078],[70.96,55.106],[70.793,55.233],[70.789,55.265],[70.82,55.294],[70.721,55.313],[70.666,55.309],[70.561,55.27],[70.441,55.283],[70.388,55.23],[70.382,55.206],[70.285,55.183],[70.214,55.132],[70.059,55.187],[69.94,55.2],[69.802,55.292],[69.674,55.334],[69.477,55.349],[69.335,55.385],[69.186,55.326],[69.123,55.398],[68.927,55.434],[68.902,55.412],[68.918,55.371],[68.977,55.347],[68.971,55.279],[68.923,55.276],[68.846,55.337],[68.701,55.36],[68.676,55.273],[68.614,55.243],[68.605,55.196],[68.477,55.183],[68.377,55.195],[68.306,55.181],[68.262,55.194],[68.177,55.171],[68.207,55.154],[68.191,55.125],[68.308,55.073],[68.304,55.053],[68.235,55.039],[68.166,54.956],[68.01,54.943],[67.882,54.97],[67.817,54.952],[67.698,54.868],[67.623,54.854],[67.311,54.86],[67.213,54.797],[67.099,54.792],[66.977,54.764],[66.782,54.758],[66.7,54.719],[66.447,54.711],[65.977,54.612],[65.961,54.628],[65.952,54.694],[65.933,54.703],[65.827,54.673],[65.744,54.601],[65.45,54.627],[65.449,54.557],[65.342,54.561],[65.198,54.516],[65.202,54.473],[65.181,54.449],[65.213,54.343],[65.184,54.31],[65.085,54.309],[64.978,54.387],[64.911,54.403],[64.72,54.334],[64.653,54.347],[64.579,54.386],[64.511,54.365],[64.467,54.372],[64.433,54.352],[64.294,54.353],[64.177,54.321],[64.094,54.324],[64.06,54.304],[64.004,54.32],[63.979,54.296],[64.025,54.255],[64.008,54.229],[63.897,54.194],[63.709,54.25],[63.545,54.206],[63.478,54.204],[63.368,54.163],[63.157,54.18],[63.11,54.158],[63.127,54.11],[63.085,54.086],[62.985,54.093],[62.902,54.078],[62.812,54.095],[62.581,54.054],[62.551,54.027],[62.587,53.97],[62.532,53.93],[62.545,53.884],[62.525,53.872],[62.39,53.942],[62.4,53.974],[62.444,53.992],[62.446,54.015],[62.413,54.027],[62.003,54.017],[62.004,53.932],[61.856,53.943],[61.836,53.951],[61.821,53.993],[61.791,54.001],[61.742,53.982],[61.62,53.993],[61.611,53.96],[61.582,53.948],[61.556,53.961],[61.553,53.993],[61.479,54.003],[61.418,54.056],[61.338,54.063],[61.25,54.021],[61.194,54.018],[61.231,53.943],[61.211,53.908],[61.176,53.917],[61.145,53.95],[60.996,53.941],[60.972,53.916],[60.978,53.883],[61.085,53.875],[61.202,53.82],[61.199,53.797],[61.127,53.747],[61.107,53.712],[61.052,53.703],[61.043,53.654],[61.008,53.636],[60.905,53.657],[60.88,53.633],[60.907,53.614],[61.096,53.599],[61.14,53.563],[61.281,53.542],[61.316,53.545],[61.361,53.583],[61.503,53.589],[61.528,53.572],[61.555,53.506],[61.412,53.436],[61.353,53.45],[61.288,53.503],[61.235,53.503],[61.218,53.493],[61.201,53.436],[61.137,53.373],[61.134,53.348],[61.163,53.299],[61.203,53.276],[61.38,53.262],[61.514,53.209],[61.643,53.243],[61.764,53.169],[62.051,53.125],[62.083,53.113],[62.116,53.065],[62.094,52.992],[62.035,52.953],[61.959,52.935],[61.82,52.978],[61.675,52.974],[61.606,52.948],[61.448,53.021],[61.349,52.985],[61.287,52.985],[61.19,53.013],[61.089,52.978],[60.975,52.971],[61.058,52.922],[60.885,52.825],[60.829,52.772],[60.696,52.735],[60.673,52.672],[60.724,52.626],[60.803,52.628],[60.815,52.522],[60.936,52.489],[60.961,52.402],[61.04,52.335],[60.897,52.255],[60.781,52.221],[60.672,52.144],[60.507,52.152],[60.426,52.13],[60.203,51.993],[60.003,51.993],[59.986,51.952],[60.061,51.859],[60.118,51.864],[60.138,51.889],[60.274,51.833],[60.452,51.805],[60.476,51.776],[60.44,51.754],[60.437,51.728],[60.356,51.692],[60.355,51.671],[60.376,51.663],[60.485,51.651],[60.515,51.618],[60.937,51.611],[60.945,51.544],[61.029,51.483],[61.305,51.453],[61.356,51.46],[61.474,51.426],[61.563,51.296],[61.664,51.258],[61.567,51.234],[61.534,51.206],[61.427,50.833],[61.372,50.782],[60.718,50.653],[60.3,50.685],[60.177,50.742],[60.136,50.844],[60.021,50.854],[59.962,50.83],[59.915,50.746],[59.915,50.674],[59.816,50.563],[59.775,50.534],[59.622,50.524],[59.523,50.475],[59.466,50.507],[59.452,50.537],[59.478,50.552],[59.56,50.554],[59.563,50.58],[59.438,50.631],[59.273,50.616],[59.197,50.663],[58.926,50.678],[58.812,50.725],[58.748,50.795],[58.664,50.79],[58.647,50.801],[58.641,50.863],[58.571,50.864],[58.55,50.893],[58.554,50.925],[58.596,50.962],[58.595,51.023],[58.52,51.062],[58.378,51.071],[58.366,51.109],[58.308,51.15],[58.224,51.123],[58.191,51.066],[58.168,51.055],[58.114,51.065],[58.077,51.098],[57.96,51.077],[57.912,51.103],[57.769,51.12],[57.734,51.074],[57.737,50.938],[57.722,50.909],[57.689,50.897],[57.556,50.919],[57.468,50.858],[57.418,50.862],[57.334,50.897],[57.273,50.997],[57.197,51.017],[57.181,51.073],[57.154,51.1],[57.072,51.07],[56.865,51.052],[56.76,51.08],[56.716,51.072],[56.68,51.05],[56.71,50.982],[56.688,50.969],[56.597,50.984],[56.508,51.066],[56.478,51.073],[56.421,51.034],[56.432,50.976],[56.35,50.948],[56.336,50.896],[56.315,50.884],[56.158,50.906],[56.1,50.748],[56.079,50.725],[55.66,50.53],[55.57,50.588],[55.524,50.601],[55.468,50.657],[55.348,50.651],[55.305,50.665],[55.084,50.797],[55.061,50.823],[55.063,50.862],[55.048,50.884],[54.894,50.912],[54.812,50.972],[54.686,51.024],[54.638,51.028],[54.534,51.003],[54.525,50.991],[54.546,50.953],[54.503,50.928],[54.638,50.886],[54.652,50.846],[54.627,50.812],[54.65,50.786],[54.639,50.707],[54.676,50.603],[54.591,50.542],[54.499,50.523],[54.436,50.548],[54.38,50.619],[54.422,50.769],[54.485,50.825],[54.479,50.853],[54.276,50.904],[54.145,50.993],[54.112,51.096],[54.018,51.119],[53.994,51.153],[53.936,51.186],[53.858,51.185],[53.674,51.22],[53.594,51.289],[53.593,51.339],[53.574,51.353],[53.618,51.372],[53.61,51.388],[53.453,51.442],[53.407,51.484],[53.346,51.503],[53.214,51.495],[53.166,51.515],[53.149,51.505],[53.157,51.487],[53.037,51.49],[52.944,51.453],[52.883,51.467],[52.897,51.485],[52.821,51.487],[52.78,51.508],[52.669,51.455],[52.546,51.46],[52.479,51.505],[52.445,51.58],[52.378,51.66],[52.335,51.764],[52.308,51.775],[52.258,51.724],[52.148,51.716],[52.092,51.659],[51.869,51.673],[51.765,51.593],[51.782,51.493],[51.693,51.454],[51.647,51.451],[51.624,51.481],[51.62,51.519],[51.584,51.535],[51.56,51.535],[51.515,51.493],[51.462,51.475],[51.304,51.472],[51.237,51.536],[51.359,51.561],[51.381,51.587],[51.372,51.63],[51.288,51.643],[51.234,51.685],[51.17,51.669],[50.925,51.68],[50.839,51.746],[50.767,51.759],[50.744,51.742],[50.747,51.709],[50.795,51.626],[50.791,51.597],[50.72,51.567],[50.671,51.568],[50.659,51.576],[50.694,51.611],[50.582,51.635],[50.576,51.588],[50.525,51.566],[50.527,51.47],[50.479,51.454],[50.457,51.427],[50.36,51.413],[50.376,51.397],[50.338,51.372],[50.349,51.323],[50.325,51.303],[50.207,51.266],[49.987,51.23],[49.779,51.102],[49.437,51.112],[49.347,50.964],[49.424,50.882],[49.408,50.848],[49.369,50.827],[49.144,50.782],[49.013,50.683],[48.83,50.596],[48.74,50.598],[48.609,50.648],[48.568,50.637],[48.573,50.617],[48.648,50.602],[48.673,50.58],[48.674,50.478],[48.701,50.335],[48.789,50.173],[48.783,50.111],[48.852,50.097],[48.874,50.07],[48.886,50.02],[48.785,49.933],[48.479,49.843],[48.43,49.81],[48.303,49.867],[48.239,49.865],[48.2,49.925],[48.142,49.964],[48.075,50.105],[48.025,50.131],[47.993,50.182],[47.808,50.32],[47.599,50.453],[47.557,50.453],[47.47,50.412],[47.392,50.323],[47.323,50.304],[47.295,50.275],[47.322,50.237],[47.265,50.186],[47.273,50.158],[47.328,50.109],[47.329,50.073],[47.309,50.045],[47.177,49.947],[46.959,49.884],[46.923,49.861],[46.9,49.82],[46.775,49.333],[46.979,49.244],[47.029,49.201],[47.04,49.15],[47.021,49.097],[46.93,49.004],[46.754,48.914],[46.478,48.411],[47.099,48.265],[47.112,48.242],[47.075,48.205],[47.116,48.154],[47.104,48.101],[47.192,48.072],[47.137,48.027],[47.044,47.986],[47.159,47.872],[47.125,47.832],[47.124,47.808],[47.36,47.683],[47.383,47.705],[47.389,47.812],[47.412,47.836],[47.65,47.766],[48.044,47.77],[48.174,47.713],[48.411,47.446],[48.525,47.41],[48.697,47.101],[49.006,46.769],[48.917,46.703],[48.764,46.683],[48.74,46.691],[48.677,46.758],[48.618,46.77],[48.557,46.762],[48.506,46.733],[48.455,46.661],[48.53,46.638],[48.563,46.591],[48.539,46.568],[48.705,46.55],[48.82,46.479],[48.918,46.474],[49.033,46.405],[49.227,46.328],[49.306,46.263],[49.282,46.25],[49.16,46.292],[49.142,46.31],[49.168,46.328],[49.15,46.336],[49.076,46.286],[49.059,46.252],[49.105,46.241],[49.115,46.151],[49.069,46.192],[49.042,46.196],[48.935,46.142],[48.955,46.108],[48.932,46.085],[48.899,46.148],[48.88,46.156],[48.887,46.108],[48.839,46.149],[48.874,46.078],[48.86,46.074],[48.819,46.125],[48.791,46.128],[48.828,46.088],[48.818,46.056],[48.782,46.097],[48.714,46.13],[48.702,46.115],[48.679,46.12],[48.664,46.09],[48.627,46.087],[48.688,46.067],[48.729,46.02],[48.647,45.971],[48.655,45.957],[48.699,45.973],[48.752,45.966],[48.742,45.914],[48.791,45.841],[48.765,45.852],[48.721,45.838],[48.716,45.814],[48.687,45.849],[48.71,45.882],[48.63,45.91],[48.594,45.958],[48.555,45.967],[48.51,45.941],[48.466,45.94],[48.394,45.868],[48.365,45.876],[48.363,45.858],[48.414,45.844],[48.399,45.835],[48.289,45.837],[48.277,45.786],[48.221,45.765],[48.243,45.71],[48.18,45.74],[48.148,45.743],[48.134,45.724],[48.079,45.752],[48.007,45.701],[47.969,45.732],[47.897,45.694],[47.859,45.724],[47.835,45.66],[47.852,45.642],[47.818,45.608],[47.752,45.691],[47.665,45.708],[47.619,45.759],[47.56,45.772],[47.555,45.744],[47.592,45.745],[47.626,45.709],[47.609,45.639],[47.661,45.622],[47.646,45.592],[47.654,45.559],[47.615,45.57],[47.586,45.626],[47.541,45.666],[47.482,45.669],[47.433,45.694],[47.455,45.717],[47.503,45.717],[47.385,45.75],[47.428,45.676],[47.551,45.628],[47.572,45.567],[47.542,45.537],[47.509,45.571],[47.51,45.594],[47.494,45.585],[47.538,45.506],[47.501,45.48],[47.497,45.43],[47.381,45.411],[47.46,45.391],[47.384,45.299],[47.37,45.186],[47.297,45.187],[47.201,44.97],[47.166,44.967],[47.146,44.929],[47.099,44.956],[47.112,44.87],[47.078,44.785],[47.024,44.843],[47.003,44.922],[46.989,44.915],[46.984,44.893],[47.01,44.83],[46.962,44.765],[46.924,44.772],[46.868,44.74],[46.831,44.696],[46.792,44.706],[46.746,44.654],[46.722,44.655],[46.708,44.57],[46.723,44.549],[46.68,44.528],[46.701,44.446],[46.759,44.401],[46.852,44.398],[47.026,44.36],[47.055,44.328],[47.078,44.264],[47.122,44.223],[47.18,44.203],[47.222,44.231],[47.246,44.212],[47.29,44.093],[47.358,44.021],[47.433,43.876],[47.462,43.86],[47.441,43.819],[47.483,43.825],[47.503,43.781],[47.445,43.738],[47.434,43.716],[47.455,43.689],[47.394,43.606],[47.366,43.621],[47.38,43.56],[47.405,43.544],[47.404,43.511],[47.424,43.504],[47.448,43.518],[47.465,43.552],[47.478,43.644],[47.507,43.686],[47.503,43.715],[47.534,43.776],[47.544,43.865],[47.596,43.901],[47.702,43.874],[47.644,43.83],[47.602,43.766],[47.491,43.463],[47.493,43.296],[47.51,43.292],[47.57,43.334],[47.586,43.3],[47.565,43.268],[47.486,43.213],[47.482,43.127],[47.455,43.1],[47.462,43.021],[47.53,42.962],[47.59,42.943],[47.622,42.905],[47.698,42.867],[47.727,42.663],[47.752,42.637],[47.868,42.585],[47.993,42.42],[48.096,42.35],[48.222,42.175],[48.304,42.103],[48.387,41.937],[48.416,41.915],[48.553,41.876],[48.579,41.845],[48.455,41.714],[48.413,41.628],[48.37,41.58],[48.202,41.493],[48.054,41.461],[48.002,41.362],[47.953,41.356],[47.892,41.283],[47.899,41.229],[47.871,41.208],[47.744,41.193],[47.622,41.229],[47.547,41.206],[47.501,41.246],[47.376,41.259],[47.268,41.303],[47.241,41.339],[47.239,41.416],[47.159,41.504],[47.141,41.552],[47.107,41.57],[47.027,41.557],[47.004,41.605],[46.916,41.681],[46.902,41.713],[46.835,41.73],[46.769,41.776],[46.741,41.851],[46.568,41.787],[46.544,41.815],[46.544,41.874],[46.526,41.882],[46.431,41.89],[46.382,41.925],[46.294,41.939],[46.224,41.993],[46.099,41.985],[46.058,42.02],[45.934,42.028],[45.881,42.102],[45.812,42.115],[45.631,42.201],[45.621,42.224],[45.736,42.448],[45.74,42.471],[45.699,42.508],[45.537,42.541],[45.356,42.52],[45.323,42.53],[45.283,42.586],[45.184,42.675],[45.123,42.702],[45.03,42.689],[44.903,42.753],[44.859,42.76],[44.773,42.61],[44.736,42.678],[44.679,42.724],[44.601,42.749],[44.508,42.75],[44.361,42.704],[44.272,42.702],[44.197,42.629],[44.055,42.615],[43.94,42.552],[43.885,42.579],[43.751,42.599],[43.723,42.625],[43.726,42.654],[43.812,42.717],[43.801,42.746],[43.663,42.78],[43.586,42.836],[43.517,42.86],[43.156,42.942],[42.999,43.042],[43,43.099],[42.915,43.122],[42.83,43.169],[42.674,43.166],[42.615,43.137],[42.423,43.229],[42.355,43.236],[42.185,43.225],[42.043,43.181],[41.919,43.206],[41.578,43.215],[41.506,43.26],[41.413,43.291],[41.381,43.335],[41.279,43.333],[41.147,43.38],[41.012,43.375],[40.875,43.456],[40.74,43.495],[40.652,43.539],[40.52,43.505],[40.233,43.576],[40.164,43.576],[40.073,43.551],[39.986,43.389],[39.963,43.393],[39.91,43.426],[39.868,43.496],[39.718,43.568],[39.691,43.614],[39.619,43.645],[39.458,43.771],[39.329,43.896],[39.116,44.024],[39.012,44.1],[38.978,44.148],[38.856,44.185],[38.758,44.274],[38.595,44.332],[38.217,44.387],[38.178,44.406],[38.108,44.497],[38.063,44.524],[38.056,44.559],[37.985,44.564],[37.928,44.606],[37.936,44.634],[37.875,44.689],[37.778,44.73],[37.822,44.668],[37.8,44.635],[37.737,44.636],[37.632,44.669],[37.577,44.655],[37.499,44.668],[37.371,44.748],[37.292,44.868],[37.311,44.891],[37.306,44.91],[37.192,44.991],[36.84,45.109],[36.702,45.104],[36.641,45.128],[36.577,45.194],[36.73,45.206],[36.962,45.283],[36.97,45.303],[36.947,45.32],[36.789,45.292],[36.758,45.354],[36.776,45.365],[36.803,45.313],[36.812,45.347],[36.848,45.367],[36.782,45.388],[36.728,45.372],[36.668,45.326],[36.705,45.391],[36.833,45.443],[37.139,45.336],[37.114,45.313],[37.107,45.272],[37.066,45.261],[37.078,45.239],[37.237,45.255],[37.254,45.277],[37.319,45.272],[37.274,45.294],[37.174,45.3],[37.159,45.326],[37.348,45.328],[37.381,45.306],[37.519,45.369],[37.505,45.334],[37.543,45.347],[37.601,45.331],[37.608,45.313],[37.567,45.3],[37.591,45.289],[37.635,45.334],[37.652,45.313],[37.729,45.302],[37.738,45.311],[37.7,45.339],[37.758,45.402],[37.717,45.389],[37.723,45.415],[37.703,45.457],[37.744,45.45],[37.686,45.484],[37.7,45.563],[37.649,45.585],[37.635,45.608],[37.623,45.601],[37.636,45.571],[37.662,45.567],[37.635,45.553],[37.655,45.508],[37.642,45.504],[37.641,45.456],[37.619,45.418],[37.586,45.432],[37.595,45.635],[37.626,45.668],[37.631,45.649],[37.615,45.642],[37.671,45.61],[37.682,45.628],[37.703,45.622],[37.667,45.669],[37.829,45.753],[37.94,46.02],[38.038,46.057],[38.098,46.058],[38.032,46.025],[38.074,46.025],[38.042,45.961],[38.08,45.946],[38.073,45.909],[38.001,45.833],[38.04,45.816],[38.06,45.827],[38.05,45.855],[38.163,46.06],[38.167,46.121],[38.249,46.142],[38.427,46.038],[38.56,46.033],[38.571,46.105],[38.3,46.219],[38.271,46.274],[38.123,46.378],[38.068,46.401],[37.991,46.402],[37.978,46.382],[38.019,46.368],[37.995,46.354],[37.905,46.411],[37.827,46.477],[37.755,46.646],[37.731,46.67],[37.852,46.623],[37.982,46.617],[38.037,46.629],[38.123,46.686],[38.214,46.696],[38.272,46.732],[38.314,46.676],[38.462,46.647],[38.575,46.654],[38.598,46.678],[38.586,46.696],[38.513,46.732],[38.428,46.745],[38.389,46.732],[38.378,46.708],[38.368,46.755],[38.403,46.78],[38.403,46.821],[38.435,46.847],[38.475,46.862],[38.553,46.848],[38.691,46.864],[38.804,46.894],[38.866,46.943],[38.937,46.947],[39.075,47.033],[39.115,47.013],[39.153,47.026],[39.28,47.013],[39.304,47.085],[39.389,47.115],[39.329,47.128],[39.28,47.088],[39.262,47.108],[39.273,47.136],[39.249,47.148],[39.256,47.19],[39.282,47.205],[39.264,47.261],[39.088,47.286],[39.013,47.254],[38.945,47.253],[38.932,47.185],[38.847,47.164],[38.553,47.136],[38.568,47.115],[38.517,47.119],[38.478,47.142],[38.56,47.218],[38.776,47.246],[38.821,47.276],[38.81,47.288],[38.783,47.259],[38.553,47.23],[38.428,47.134],[38.217,47.103],[38.201,47.131],[38.203,47.192],[38.285,47.241],[38.301,47.276],[38.276,47.292],[38.201,47.291],[38.191,47.317],[38.258,47.393],[38.26,47.493],[38.319,47.591],[38.353,47.607],[38.562,47.627],[38.662,47.683],[38.735,47.677],[38.771,47.781],[38.831,47.848],[38.877,47.861],[39.039,47.857],[39.114,47.829],[39.32,47.846],[39.392,47.823],[39.57,47.831],[39.701,47.812],[39.759,47.833],[39.796,47.961],[39.76,48.015],[39.843,48.036],[39.829,48.077],[39.843,48.12],[39.894,48.183],[39.978,48.235],[39.993,48.273],[39.957,48.293],[39.885,48.279],[39.816,48.308],[39.924,48.376],[39.845,48.484],[39.842,48.499],[39.87,48.51],[39.835,48.573],[39.69,48.594],[39.632,48.587],[39.703,48.747],[39.779,48.808],[39.824,48.816],[39.975,48.79],[40.039,48.83],[40.054,48.869],[40.009,48.888],[39.95,48.853],[39.908,48.878],[39.759,48.895],[39.674,48.97],[39.681,49.02],[39.919,49.048],[39.952,49.125],[40.142,49.246],[40.16,49.334],[40.062,49.426],[40.035,49.487],[40.054,49.52],[40.126,49.559],[40.131,49.58],[39.998,49.608],[39.889,49.553],[39.802,49.542],[39.623,49.613],[39.558,49.724],[39.444,49.75],[39.328,49.726],[39.261,49.745],[39.183,49.859],[39.156,49.874],[39.117,49.864],[39.049,49.811],[38.937,49.803],[38.852,49.866],[38.748,49.885],[38.687,49.914],[38.665,49.965],[38.498,49.948],[38.356,49.981],[38.3,50.061],[38.174,50.06],[38.166,49.941],[38.119,49.919],[38.067,49.927],[38,49.9],[37.916,50.003],[37.728,50.079],[37.597,50.197],[37.599,50.291],[37.48,50.34],[37.435,50.425],[37.415,50.432],[37.285,50.415],[37.197,50.362],[37.052,50.335],[36.914,50.339],[36.849,50.324],[36.683,50.261],[36.636,50.214],[36.594,50.204],[36.535,50.22],[36.536,50.268],[36.41,50.305],[36.316,50.275],[36.269,50.281],[36.169,50.384],[36.106,50.421],[35.837,50.423],[35.738,50.382],[35.697,50.345],[35.611,50.352],[35.57,50.376],[35.541,50.45],[35.446,50.476],[35.425,50.5],[35.378,50.622],[35.392,50.646],[35.469,50.669],[35.445,50.688],[35.438,50.762],[35.379,50.797],[35.378,50.834],[35.341,50.876],[35.342,50.916],[35.285,50.944],[35.278,50.993],[35.333,51],[35.355,51.026],[35.309,51.047],[35.173,51.041],[35.144,51.058],[35.079,51.208],[34.946,51.214],[34.818,51.175],[34.675,51.168],[34.643,51.181],[34.608,51.234],[34.513,51.23],[34.372,51.257],[34.282,51.226],[34.186,51.249],[34.284,51.301],[34.309,51.335],[34.3,51.368],[34.247,51.363],[34.186,51.394],[34.187,51.408],[34.217,51.417],[34.224,51.515],[34.153,51.584],[34.14,51.621],[34.08,51.643],[34.089,51.667],[34.376,51.709],[34.414,51.736],[34.413,51.778],[34.386,51.818],[34.295,51.874],[34.234,51.878],[34.228,51.899],[34.146,51.952],[34.096,51.952],[34.101,51.993],[34.063,52.05],[34.065,52.159],[34.022,52.198],[33.958,52.225],[33.804,52.355],[33.688,52.356],[33.51,52.288],[33.493,52.303],[33.499,52.341],[33.481,52.358],[33.419,52.338],[33.359,52.358],[33.183,52.367],[33.08,52.306],[33.03,52.304],[32.909,52.241],[32.844,52.262],[32.725,52.252],[32.528,52.316],[32.481,52.307],[32.394,52.327],[32.354,52.322],[32.34,52.287],[32.367,52.247],[32.328,52.219],[32.307,52.141],[32.278,52.103],[32.233,52.081],[32.096,52.041],[31.981,52.048],[31.91,52.029],[31.892,52.036],[31.882,52.086],[31.859,52.1],[31.764,52.101],[31.763,52.15],[31.682,52.202],[31.699,52.251],[31.631,52.265],[31.567,52.311],[31.603,52.341],[31.608,52.372],[31.583,52.403],[31.588,52.483],[31.551,52.512],[31.576,52.525],[31.559,52.541],[31.611,52.536],[31.629,52.548],[31.579,52.578],[31.481,52.682],[31.57,52.725],[31.561,52.787],[31.524,52.812],[31.505,52.849],[31.388,52.888],[31.323,52.977],[31.247,53.014],[31.319,53.076],[31.364,53.089],[31.36,53.134],[31.379,53.182],[31.416,53.2],[31.536,53.195],[31.594,53.211],[31.739,53.193],[31.77,53.169],[31.796,53.112],[31.931,53.088],[32.01,53.1],[32.117,53.081],[32.201,53.098],[32.216,53.126],[32.268,53.125],[32.353,53.18],[32.424,53.204],[32.479,53.275],[32.456,53.278],[32.455,53.3],[32.569,53.299],[32.596,53.308],[32.58,53.324],[32.717,53.335],[32.704,53.366],[32.72,53.439],[32.701,53.462],[32.647,53.458],[32.65,53.488],[32.577,53.486],[32.554,53.511],[32.429,53.562],[32.399,53.635],[32.49,53.677],[32.442,53.714],[32.372,53.714],[32.29,53.761],[32.084,53.81],[31.873,53.777],[31.745,53.795],[31.81,53.883],[31.838,53.962],[31.847,53.992],[31.823,54.053],[31.771,54.049],[31.737,54.094],[31.506,54.144],[31.325,54.229],[31.299,54.273],[31.285,54.347],[31.249,54.377],[31.209,54.448],[31.065,54.492],[31.168,54.622],[31.105,54.668],[30.999,54.671],[30.981,54.706],[30.771,54.786],[30.768,54.83],[30.826,54.877],[30.815,54.928],[30.917,54.954],[30.936,54.973],[30.907,55.013],[30.913,55.025],[31.006,55.023],[30.97,55.101],[30.984,55.131],[30.959,55.144],[30.96,55.163],[30.887,55.205],[30.857,55.253],[30.794,55.286],[30.811,55.323],[30.918,55.388],[30.919,55.408],[30.881,55.451],[30.919,55.492],[30.899,55.499],[30.92,55.534],[30.913,55.572],[30.886,55.6],[30.848,55.611],[30.742,55.594],[30.694,55.652],[30.596,55.665],[30.584,55.679],[30.587,55.718],[30.481,55.754],[30.469,55.794],[30.271,55.831],[30.2,55.858],[30.106,55.822],[29.988,55.847],[29.908,55.843],[29.869,55.831],[29.806,55.771],[29.684,55.771],[29.481,55.681],[29.351,55.766],[29.348,55.803],[29.384,55.88],[29.444,55.907],[29.377,55.954],[29.224,55.978],[29.145,56.012],[29.031,56.024],[28.86,55.976],[28.833,55.961],[28.831,55.938],[28.809,55.935],[28.706,55.96],[28.681,56.027],[28.611,56.088],[28.39,56.089],[28.311,56.043],[28.169,56.125],[28.149,56.142],[28.217,56.271],[28.167,56.37],[28.164,56.438],[28.093,56.502],[28.132,56.536],[28.126,56.548],[28.011,56.588],[27.981,56.687],[27.865,56.743],[27.919,56.806],[27.914,56.82],[27.831,56.864],[27.786,56.871],[27.661,56.839],[27.628,56.844],[27.715,56.957],[27.751,57.042],[27.745,57.068],[27.682,57.104],[27.824,57.159],[27.841,57.211],[27.84,57.291],[27.641,57.389],[27.511,57.43],[27.528,57.528],[27.353,57.528],[27.329,57.571],[27.337,57.592],[27.385,57.607],[27.377,57.657],[27.391,57.68],[27.508,57.715],[27.502,57.773],[27.554,57.795],[27.525,57.807],[27.701,57.825],[27.799,57.861],[27.774,57.891],[27.665,57.918],[27.675,57.968],[27.669,57.992],[27.632,58.004],[27.63,58.088],[27.495,58.221],[27.483,58.269],[27.494,58.32],[27.555,58.395],[27.411,58.755],[27.478,58.875],[27.713,58.992],[27.842,59.161],[27.891,59.258],[27.882,59.276],[27.96,59.306],[28.077,59.305],[28.097,59.319],[28.001,59.334],[28.158,59.364],[28.182,59.356],[28.186,59.375],[28.138,59.4],[28.105,59.439],[28.019,59.482],[28.073,59.578],[28,59.681],[28.007,59.758],[28.087,59.799],[28.124,59.792],[28.185,59.759],[28.224,59.691],[28.375,59.666],[28.418,59.708],[28.428,59.813],[28.476,59.852],[28.536,59.86],[28.718,59.787],[28.767,59.8],[28.833,59.787],[28.884,59.817],[28.976,59.831],[29.034,59.887],[28.98,59.93],[29.014,59.93],[29.089,59.98],[29.161,60.003],[29.804,59.94],[29.863,59.918],[30.162,59.868],[30.216,59.907],[30.224,59.933],[30.207,59.944],[30.246,59.975],[30.21,60.001],[30.001,60.012],[29.948,60.03],[29.932,60.066],[29.891,60.101],[29.9,60.134],[29.849,60.167],[29.701,60.201],[29.525,60.201],[29.418,60.169],[29.052,60.184],[28.987,60.217],[28.922,60.28],[28.86,60.295],[28.799,60.369],[28.788,60.341],[28.746,60.342],[28.617,60.382],[28.439,60.56],[28.507,60.56],[28.544,60.51],[28.684,60.456],[28.703,60.461],[28.699,60.5],[28.661,60.535],[28.664,60.614],[28.685,60.615],[28.645,60.67],[28.655,60.682],[28.713,60.67],[28.735,60.693],[28.722,60.721],[28.69,60.738],[28.574,60.683],[28.401,60.665],[28.383,60.624],[28.322,60.621],[28.343,60.594],[28.286,60.598],[28.216,60.548],[28.158,60.553],[28.137,60.533],[28.034,60.526],[27.9,60.528],[27.871,60.54],[27.863,60.567],[27.816,60.528],[27.794,60.533],[27.808,60.553],[28.148,60.758],[28.244,60.792],[28.336,60.859],[28.481,60.933],[28.615,60.962],[28.798,61.097],[29.203,61.246],[29.318,61.338],[29.463,61.414],[29.517,61.475],[29.635,61.511],[29.779,61.593],[29.842,61.66],[29.978,61.728],[30.34,61.992],[30.607,62.151],[30.648,62.193],[30.926,62.302],[30.981,62.359],[31.123,62.435],[31.169,62.476],[31.244,62.503],[31.284,62.573],[31.363,62.652],[31.441,62.789],[31.57,62.906],[31.536,62.92],[31.481,62.986],[31.263,63.101],[31.226,63.196],[31.204,63.213],[30.975,63.289],[30.821,63.376],[30.461,63.473],[30.38,63.532],[30.242,63.582],[30.001,63.715],[29.981,63.742],[30.202,63.793],[30.266,63.831],[30.329,63.896],[30.552,64.022],[30.58,64.051],[30.586,64.085],[30.533,64.163],[30.558,64.22],[30.446,64.251],[30.321,64.318],[30.093,64.361],[30.032,64.397],[30.07,64.472],[29.991,64.504],[29.955,64.569],[30.136,64.615],[30.181,64.643],[30.188,64.662],[30.171,64.682],[30.109,64.72],[30.119,64.768],[30.063,64.784],[29.78,64.796],[29.698,64.839],[29.634,64.907],[29.588,64.991],[29.598,65.034],[29.668,65.078],[29.82,65.094],[29.85,65.122],[29.808,65.135],[29.839,65.167],[29.833,65.205],[29.627,65.215],[29.58,65.235],[29.72,65.329],[29.726,65.492],[29.839,65.565],[29.703,65.629],[30.003,65.678],[30.099,65.656],[30.114,65.666],[30.112,65.712],[30.075,65.823],[29.958,65.974],[29.9,66.108],[29.651,66.288],[29.57,66.378],[29.524,66.491],[29.409,66.568],[29.322,66.68],[29.089,66.838],[29.052,66.908],[29.1,66.991],[29.429,67.233],[29.491,67.263],[29.52,67.298],[29.916,67.508],[29.96,67.572],[29.978,67.662],[30.009,67.686],[29.651,67.824],[29.331,68.073],[28.69,68.183],[28.447,68.515],[28.46,68.542],[28.716,68.728],[28.801,68.835],[28.728,68.865],[28.444,68.866],[28.413,68.88],[28.41,68.899],[28.833,68.984],[28.974,69.034],[29.12,69.047],[29.24,69.115],[29.302,69.201],[29.335,69.277],[29.377,69.302],[29.604,69.315],[29.751,69.357],[29.901,69.358],[29.967,69.373],[30.123,69.442],[30.155,69.506],[30.225,69.541],[30.22,69.6],[30.119,69.635],[30.231,69.637],[30.512,69.536],[30.755,69.521],[30.898,69.544],[30.927,69.578],[30.928,69.672],[30.884,69.702],[30.877,69.738],[30.844,69.766],[30.841,69.806],[31.214,69.756],[31.283,69.76],[31.395,69.724],[31.409,69.716],[31.406,69.695],[31.297,69.613],[31.326,69.615],[31.478,69.698],[31.811,69.688],[31.798,69.704],[31.701,69.737],[31.728,69.77],[31.711,69.827],[31.754,69.854],[31.868,69.849],[32.029,69.782],[32.099,69.792],[32.092,69.816],[31.981,69.873],[31.981,69.901],[31.918,69.926],[31.942,69.965],[31.985,69.97],[32.054,69.964],[32.267,69.876],[32.358,69.88],[32.488,69.851],[32.523,69.832],[32.507,69.811],[32.625,69.783],[32.727,69.792],[32.92,69.78],[33.049,69.74],[33.12,69.744],[33.133,69.729],[33.107,69.649],[33.036,69.618],[32.872,69.583],[32.437,69.65],[32.371,69.64],[32.17,69.655],[32.16,69.668],[32.18,69.715],[32.13,69.756],[32.107,69.746],[32.119,69.708],[32.102,69.674],[31.968,69.654],[32.056,69.637],[32.064,69.619],[32.016,69.58],[32.016,69.564],[32.133,69.598],[32.288,69.574],[32.399,69.584],[32.434,69.564],[32.392,69.537],[32.502,69.517],[32.486,69.503],[32.42,69.503],[32.365,69.469],[32.194,69.435],[32.238,69.422],[32.42,69.465],[32.455,69.493],[32.528,69.489],[32.537,69.51],[32.604,69.484],[32.687,69.503],[32.878,69.491],[32.899,69.482],[32.792,69.443],[32.77,69.414],[32.893,69.462],[33.085,69.476],[32.862,69.365],[32.813,69.301],[32.895,69.315],[32.953,69.378],[32.989,69.394],[33.318,69.451],[33.362,69.435],[33.448,69.447],[33.524,69.428],[33.505,69.404],[33.414,69.373],[33.496,69.38],[33.376,69.308],[33.261,69.291],[33.235,69.27],[33.448,69.288],[33.476,69.27],[33.297,69.229],[33.406,69.23],[33.406,69.209],[33.512,69.225],[33.544,69.209],[33.512,69.184],[33.318,69.119],[33.061,69.083],[33.016,69.039],[33.023,68.955],[33.064,69.058],[33.113,69.075],[33.427,69.105],[33.455,69.141],[33.576,69.199],[33.572,69.304],[33.62,69.328],[33.724,69.337],[33.74,69.323],[33.722,69.304],[33.779,69.317],[33.873,69.311],[33.852,69.339],[34.421,69.311],[34.414,69.293],[34.447,69.284],[34.606,69.27],[34.662,69.249],[34.982,69.229],[34.956,69.195],[34.973,69.193],[35.031,69.222],[35.087,69.226],[35.141,69.215],[35.144,69.191],[35.169,69.181],[35.264,69.215],[35.247,69.236],[35.147,69.27],[35.183,69.28],[35.33,69.276],[35.967,69.177],[36.055,69.128],[36.25,69.111],[36.274,69.098],[36.265,69.078],[36.312,69.058],[36.518,69.03],[36.729,68.98],[36.764,68.955],[36.842,68.945],[37.044,68.874],[37.21,68.845],[37.243,68.809],[37.355,68.79],[37.454,68.745],[37.681,68.713],[37.946,68.601],[38.04,68.544],[38.067,68.51],[38.176,68.495],[38.217,68.461],[38.33,68.442],[38.391,68.399],[38.389,68.343],[38.424,68.338],[38.444,68.359],[38.765,68.291],[38.51,68.365],[38.537,68.378],[38.589,68.36],[38.615,68.365],[38.598,68.382],[38.639,68.385],[38.794,68.329],[38.926,68.311],[38.952,68.287],[38.931,68.277],[38.954,68.266],[39.359,68.15],[39.521,68.076],[39.608,68.063],[39.86,68.047],[39.795,68.118],[39.71,68.169],[39.793,68.165],[39.913,68.123],[39.945,68.067],[40.004,68.02],[40.058,68.01],[40.149,67.958],[40.304,67.902],[40.352,67.906],[40.411,67.875],[40.404,67.853],[40.322,67.845],[40.467,67.761],[40.538,67.755],[40.568,67.783],[40.564,67.807],[40.655,67.815],[40.684,67.781],[40.801,67.728],[40.923,67.735],[40.966,67.725],[41.04,67.678],[41.052,67.619],[40.989,67.564],[41.014,67.536],[40.999,67.467],[41.087,67.46],[41.15,67.423],[41.133,67.309],[41.109,67.254],[41.243,67.213],[41.308,67.235],[41.34,67.224],[41.363,67.204],[41.336,67.16],[41.39,67.125],[41.343,67.087],[41.36,67.014],[41.267,66.988],[41.305,66.95],[41.178,66.81],[40.745,66.597],[40.705,66.528],[40.602,66.497],[40.566,66.456],[40.444,66.406],[40.309,66.382],[40.085,66.289],[39.704,66.207],[39.465,66.18],[39.344,66.135],[39.064,66.104],[38.972,66.111],[38.554,66.055],[37.927,66.089],[37.656,66.123],[37.273,66.23],[36.887,66.285],[36.406,66.295],[36.275,66.321],[35.77,66.361],[35.671,66.387],[35.558,66.387],[35.381,66.418],[35.314,66.457],[35.181,66.481],[34.888,66.6],[34.804,66.614],[34.565,66.543],[34.48,66.538],[34.434,66.547],[34.356,66.63],[34.393,66.646],[34.503,66.638],[34.522,66.657],[34.47,66.646],[34.175,66.687],[34.13,66.669],[34.092,66.672],[34.161,66.735],[34.141,66.774],[34.069,66.702],[33.947,66.685],[33.886,66.714],[33.87,66.715],[33.859,66.694],[33.833,66.696],[33.764,66.767],[33.67,66.805],[33.642,66.801],[33.592,66.831],[33.606,66.79],[33.524,66.831],[33.52,66.802],[33.626,66.748],[33.524,66.782],[33.572,66.742],[33.489,66.769],[33.558,66.728],[33.517,66.724],[33.101,66.858],[32.843,66.976],[32.805,67.01],[32.802,67.049],[32.817,67.063],[32.969,67.091],[32.93,67.1],[32.772,67.093],[32.636,67.133],[32.454,67.135],[32.383,67.16],[32.074,67.142],[31.91,67.168],[31.851,67.153],[31.927,67.153],[31.913,67.125],[32.262,67.125],[32.358,67.07],[32.29,67.078],[32.314,67.06],[32.419,67.054],[32.503,67.03],[32.55,67],[32.552,66.977],[32.507,66.949],[32.392,66.954],[32.496,66.933],[32.475,66.927],[32.478,66.91],[32.42,66.886],[32.545,66.883],[32.653,66.842],[32.676,66.828],[32.667,66.81],[32.705,66.796],[32.907,66.776],[32.935,66.742],[32.919,66.737],[32.77,66.742],[32.975,66.691],[33.183,66.692],[33.309,66.655],[33.324,66.646],[33.319,66.629],[33.121,66.65],[33.066,66.598],[32.865,66.598],[32.901,66.575],[33.105,66.577],[33.092,66.584],[33.106,66.594],[33.206,66.599],[33.22,66.616],[33.26,66.618],[33.423,66.592],[33.469,66.556],[33.537,66.536],[33.499,66.523],[33.193,66.579],[33.153,66.57],[33.187,66.556],[33.073,66.557],[32.941,66.528],[33.047,66.506],[33.229,66.533],[33.297,66.519],[33.307,66.498],[33.355,66.48],[33.509,66.464],[33.602,66.502],[33.623,66.491],[33.634,66.474],[33.585,66.46],[33.705,66.444],[33.735,66.426],[33.516,66.406],[33.643,66.378],[33.675,66.357],[33.629,66.344],[33.388,66.344],[33.311,66.317],[33.599,66.33],[33.635,66.321],[33.62,66.309],[33.871,66.267],[33.9,66.229],[33.972,66.251],[34.103,66.247],[34.167,66.221],[34.149,66.197],[34.161,66.185],[34.33,66.165],[34.553,66.094],[34.57,66.068],[34.723,65.988],[34.661,65.953],[34.716,65.933],[34.695,65.909],[34.778,65.92],[34.852,65.9],[34.866,65.878],[34.825,65.843],[34.839,65.828],[34.9,65.824],[34.871,65.774],[34.969,65.728],[34.925,65.702],[34.9,65.706],[34.689,65.81],[34.689,65.728],[34.757,65.713],[34.695,65.686],[34.74,65.662],[34.777,65.597],[34.737,65.583],[34.74,65.544],[34.633,65.487],[34.669,65.479],[34.682,65.453],[34.511,65.456],[34.492,65.441],[34.511,65.412],[34.366,65.419],[34.393,65.398],[34.297,65.385],[34.463,65.364],[34.478,65.349],[34.462,65.316],[34.48,65.281],[34.64,65.241],[34.606,65.227],[34.647,65.224],[34.682,65.2],[34.682,65.183],[34.627,65.172],[34.675,65.152],[34.663,65.127],[34.774,65.1],[34.747,65.066],[34.754,65.055],[34.816,65.043],[34.799,65.021],[34.702,64.98],[34.778,64.967],[34.841,64.919],[34.873,64.918],[34.892,64.875],[34.942,64.858],[34.872,64.802],[34.757,64.774],[34.812,64.754],[34.975,64.771],[35.009,64.743],[34.855,64.714],[34.832,64.698],[34.913,64.662],[34.978,64.612],[34.847,64.56],[34.743,64.556],[34.928,64.525],[35.009,64.494],[34.997,64.472],[34.956,64.452],[35.014,64.423],[35.161,64.38],[35.307,64.372],[35.322,64.362],[35.306,64.343],[35.349,64.296],[35.411,64.287],[35.589,64.322],[35.618,64.34],[35.566,64.406],[35.583,64.411],[35.639,64.384],[35.811,64.342],[35.895,64.296],[35.888,64.268],[35.949,64.24],[35.977,64.199],[36.006,64.193],[36.06,64.218],[36.227,64.136],[36.235,64.125],[36.21,64.103],[36.222,64.075],[36.284,64.046],[36.265,64.024],[36.292,64.01],[36.42,63.996],[36.48,63.972],[36.578,63.969],[36.703,63.925],[36.792,63.938],[36.857,63.911],[36.936,63.932],[37.011,63.897],[37.194,63.891],[37.279,63.822],[37.438,63.792],[37.608,63.816],[37.614,63.881],[37.657,63.899],[37.829,63.902],[37.985,63.946],[38.074,64.017],[38.086,64.059],[38.046,64.148],[37.902,64.24],[37.923,64.258],[38.005,64.275],[38.026,64.295],[38.02,64.309],[37.909,64.343],[37.957,64.364],[37.833,64.358],[37.797,64.377],[37.806,64.425],[37.749,64.442],[37.687,64.431],[37.63,64.377],[37.473,64.382],[37.339,64.34],[37.122,64.395],[36.835,64.593],[36.744,64.681],[36.644,64.719],[36.56,64.717],[36.516,64.769],[36.528,64.792],[36.504,64.836],[36.573,64.83],[36.495,64.851],[36.44,64.917],[36.466,64.934],[36.537,64.928],[36.569,64.902],[36.631,64.904],[36.655,64.928],[36.807,64.959],[36.803,64.994],[36.867,65.076],[36.864,65.113],[36.818,65.131],[36.82,65.147],[37.008,65.173],[37.217,65.14],[37.565,65.048],[37.673,65.036],[37.706,65.017],[37.718,64.959],[37.795,64.921],[38.046,64.854],[38.385,64.845],[38.368,64.809],[38.403,64.774],[38.294,64.804],[38.245,64.781],[38.067,64.781],[38.036,64.762],[38.045,64.744],[38.126,64.696],[38.04,64.658],[38.048,64.646],[38.163,64.672],[38.186,64.723],[38.275,64.732],[38.339,64.758],[38.473,64.743],[38.492,64.768],[38.416,64.802],[38.419,64.819],[38.448,64.818],[38.512,64.788],[38.922,64.733],[39.142,64.662],[39.331,64.64],[39.342,64.623],[39.567,64.545],[39.736,64.555],[39.76,64.562],[39.747,64.576],[39.767,64.581],[39.924,64.603],[39.903,64.624],[39.786,64.597],[39.81,64.659],[39.85,64.676],[40.063,64.622],[40.182,64.559],[40.359,64.562],[40.517,64.541],[40.533,64.559],[40.528,64.578],[40.472,64.636],[40.411,64.737],[40.415,64.755],[40.451,64.768],[40.52,64.754],[40.517,64.774],[40.437,64.809],[40.366,64.939],[40.297,64.984],[40.273,65.021],[40.114,65.075],[39.872,65.277],[39.741,65.357],[39.712,65.402],[39.709,65.448],[39.749,65.552],[39.827,65.607],[40.28,65.73],[40.472,65.813],[40.71,65.972],[41.343,66.063],[41.555,66.152],[41.644,66.173],[41.643,66.189],[41.858,66.296],[42.156,66.526],[42.365,66.511],[42.645,66.453],[42.66,66.426],[42.549,66.385],[43.252,66.437],[43.302,66.426],[43.367,66.347],[43.406,66.332],[43.555,66.324],[43.655,66.285],[43.693,66.237],[43.665,66.218],[43.467,66.17],[43.389,66.117],[43.302,66.102],[43.288,66.09],[43.336,66.067],[43.353,66.041],[43.451,66.037],[43.515,65.974],[43.522,66.036],[43.501,66.053],[43.382,66.072],[43.411,66.098],[43.48,66.131],[43.636,66.152],[43.693,66.183],[43.836,66.186],[44.046,66.081],[44.049,66.056],[44.028,66.029],[44.041,65.994],[44.18,65.864],[44.191,65.905],[44.125,65.988],[44.159,66.087],[44.084,66.159],[44.079,66.207],[44.096,66.262],[44.152,66.357],[44.21,66.402],[44.236,66.447],[44.36,66.508],[44.395,66.622],[44.43,66.644],[44.563,66.666],[44.551,66.678],[44.488,66.676],[44.364,66.782],[44.377,66.805],[44.466,66.82],[44.488,66.844],[44.482,66.894],[44.522,66.919],[44.499,66.921],[44.41,67.012],[44.303,67.056],[44.378,67.104],[44.287,67.088],[44.096,67.159],[43.815,67.177],[43.761,67.221],[43.767,67.278],[43.793,67.343],[44.003,67.576],[44.042,67.68],[44.084,67.687],[44.097,67.667],[44.145,67.679],[44.143,67.707],[44.07,67.714],[44.131,67.792],[44.125,67.817],[44.087,67.841],[44.087,67.885],[44.2,67.893],[44.268,67.927],[44.125,67.934],[44.138,67.975],[44.214,67.989],[44.138,67.995],[44.335,68.057],[44.412,68.063],[44.308,68.066],[44.181,68.036],[44.175,68.086],[44.244,68.256],[44.228,68.297],[44.16,68.336],[43.326,68.614],[43.274,68.658],[43.317,68.667],[43.477,68.669],[43.985,68.551],[44.239,68.537],[44.51,68.554],[45.306,68.545],[45.582,68.514],[45.944,68.446],[45.972,68.389],[46.016,68.365],[46.029,68.324],[46.276,68.214],[46.366,68.21],[46.535,68.133],[46.461,68.112],[46.54,68.108],[46.558,68.016],[46.639,67.968],[46.703,67.892],[46.722,67.845],[46.698,67.816],[46.375,67.819],[46.004,67.768],[45.35,67.73],[45.31,67.713],[45.303,67.694],[45.347,67.685],[45.351,67.663],[45.338,67.615],[45.315,67.592],[45.166,67.584],[45.028,67.532],[44.919,67.441],[44.927,67.422],[44.912,67.372],[44.952,67.321],[45.055,67.284],[45.309,67.212],[45.509,67.186],[45.594,67.158],[45.666,67.063],[45.785,66.968],[45.824,66.899],[45.964,66.867],[46.025,66.833],[46.301,66.84],[46.489,66.878],[46.578,66.873],[46.599,66.838],[46.534,66.827],[46.481,66.784],[46.379,66.748],[46.407,66.746],[46.583,66.815],[46.927,66.845],[47.41,66.929],[47.559,66.905],[47.576,66.892],[47.572,66.864],[47.581,66.87],[47.607,66.892],[47.591,66.919],[47.607,66.946],[47.726,67.001],[47.742,67.031],[47.75,67.121],[47.689,67.196],[47.787,67.252],[47.77,67.338],[47.793,67.361],[47.908,67.402],[47.948,67.444],[47.921,67.489],[47.825,67.56],[47.815,67.581],[47.846,67.601],[48.052,67.652],[48.099,67.639],[48.071,67.59],[48.093,67.592],[48.256,67.683],[48.36,67.689],[48.487,67.664],[48.7,67.716],[48.744,67.7],[48.702,67.694],[48.925,67.688],[48.997,67.667],[48.962,67.653],[48.994,67.643],[49.107,67.639],[49.045,67.653],[49.059,67.674],[48.86,67.735],[48.778,67.727],[48.771,67.742],[48.805,67.774],[48.794,67.831],[48.586,67.934],[48.669,67.935],[48.843,67.865],[48.971,67.851],[49.133,67.863],[49.655,67.981],[49.973,68.088],[50.018,68.091],[49.983,68.061],[49.882,68.04],[49.847,68.016],[50.001,68.058],[50.099,68.124],[50.201,68.169],[50.435,68.221],[50.642,68.3],[50.779,68.379],[50.896,68.342],[51.059,68.351],[51.125,68.376],[51.336,68.401],[51.423,68.431],[51.511,68.422],[51.569,68.436],[51.587,68.448],[51.532,68.454],[51.561,68.483],[51.703,68.489],[52.06,68.544],[52.177,68.582],[52.217,68.585],[52.205,68.56],[52.128,68.523],[52.046,68.51],[52.059,68.485],[52.177,68.504],[52.294,68.5],[52.361,68.475],[52.3,68.474],[52.286,68.461],[52.296,68.424],[52.159,68.399],[52.136,68.379],[52.249,68.318],[52.402,68.338],[52.574,68.41],[52.677,68.423],[52.731,68.474],[52.704,68.503],[52.567,68.537],[52.535,68.576],[52.491,68.592],[52.499,68.62],[52.624,68.629],[52.648,68.648],[52.634,68.659],[52.495,68.64],[52.411,68.586],[52.279,68.598],[52.328,68.633],[53.25,68.878],[53.437,68.918],[53.879,68.974],[54.348,69.012],[54.527,69.01],[54.557,68.993],[54.356,68.959],[53.595,68.907],[53.666,68.866],[53.732,68.866],[53.691,68.886],[53.728,68.897],[53.958,68.877],[54.026,68.845],[53.865,68.798],[53.829,68.764],[53.838,68.713],[53.818,68.689],[53.72,68.657],[53.755,68.61],[53.904,68.507],[53.944,68.406],[53.932,68.391],[53.863,68.386],[53.804,68.345],[53.656,68.408],[53.609,68.413],[53.574,68.4],[53.632,68.386],[53.691,68.345],[53.661,68.332],[53.44,68.373],[53.375,68.341],[53.327,68.351],[53.232,68.297],[53.211,68.269],[53.327,68.242],[53.472,68.26],[53.808,68.251],[53.875,68.224],[53.993,68.221],[54.088,68.246],[54.185,68.321],[54.219,68.318],[54.182,68.281],[54.177,68.236],[54.203,68.21],[54.24,68.211],[54.504,68.312],[54.563,68.288],[54.65,68.194],[54.691,68.176],[54.832,68.173],[54.864,68.185],[54.924,68.253],[54.917,68.283],[54.856,68.324],[54.908,68.329],[54.937,68.398],[54.997,68.439],[55.068,68.446],[55.109,68.482],[55.189,68.491],[55.229,68.524],[55.393,68.564],[55.7,68.577],[55.997,68.66],[56.202,68.62],[56.504,68.628],[56.521,68.619],[56.494,68.585],[56.569,68.636],[56.63,68.642],[56.848,68.572],[57.092,68.548],[57.33,68.565],[57.414,68.597],[57.448,68.644],[57.604,68.742],[57.93,68.751],[57.981,68.794],[57.95,68.818],[57.957,68.846],[58.171,68.889],[58.245,68.888],[58.204,68.832],[58.264,68.781],[58.378,68.756],[58.337,68.736],[58.424,68.743],[58.439,68.763],[58.285,68.8],[58.287,68.825],[58.254,68.842],[58.273,68.86],[58.282,68.903],[58.879,69.003],[59.224,69],[59.242,68.989],[59.218,68.983],[58.97,68.965],[58.892,68.934],[59.105,68.903],[59.423,68.757],[59.419,68.718],[59.398,68.701],[59.269,68.715],[59.202,68.706],[59.118,68.642],[59.056,68.62],[59.07,68.569],[59.119,68.532],[59.072,68.459],[59.087,68.417],[59.675,68.336],[59.857,68.381],[59.964,68.466],[59.929,68.538],[59.763,68.639],[59.774,68.668],[59.811,68.688],[59.911,68.72],[60.084,68.687],[60.467,68.722],[60.556,68.745],[60.702,68.815],[60.755,68.866],[60.819,68.894],[60.969,68.907],[60.907,68.927],[60.938,68.963],[60.948,69.003],[60.934,69.078],[60.903,69.122],[60.777,69.177],[60.722,69.174],[60.722,69.133],[60.742,69.119],[60.711,69.106],[60.591,69.133],[60.59,69.256],[60.542,69.316],[60.434,69.366],[60.414,69.408],[60.311,69.454],[60.215,69.531],[60.215,69.555],[60.139,69.578],[60.153,69.626],[60.233,69.665],[60.654,69.673],[60.667,69.695],[60.633,69.725],[60.709,69.729],[60.722,69.743],[60.684,69.784],[60.706,69.824],[60.77,69.849],[60.927,69.867],[61.044,69.845],[61.105,69.866],[61.159,69.833],[61.302,69.825],[61.409,69.791],[61.771,69.762],[62.631,69.742],[63.41,69.671],[64.128,69.55],[64.548,69.452],[64.724,69.383],[65.004,69.304],[64.962,69.283],[64.831,69.294],[64.834,69.277],[64.786,69.237],[64.806,69.222],[64.766,69.183],[64.762,69.163],[64.786,69.147],[64.932,69.197],[64.943,69.209],[64.916,69.243],[64.923,69.261],[65.068,69.268],[65.419,69.177],[65.865,69.133],[65.903,69.113],[65.883,69.106],[65.754,69.107],[65.734,69.113],[65.745,69.127],[65.677,69.119],[65.646,69.131],[65.635,69.127],[65.69,69.085],[66.114,69.037],[66.329,68.964],[66.678,68.896],[66.991,68.876],[67.09,68.856],[67.129,68.839],[67.046,68.818],[67.04,68.797],[67.143,68.756],[67.196,68.707],[67.33,68.697],[67.584,68.603],[67.808,68.503],[67.705,68.516],[67.793,68.479],[68.135,68.423],[68.246,68.355],[68.259,68.334],[68.203,68.295],[68.205,68.269],[68.184,68.242],[68.263,68.249],[68.282,68.224],[68.26,68.201],[68.288,68.188],[68.481,68.249],[68.486,68.269],[68.548,68.304],[68.651,68.318],[68.589,68.332],[68.565,68.35],[68.561,68.373],[68.76,68.504],[68.924,68.637],[69.01,68.767],[69.013,68.806],[69.069,68.823],[69.109,68.879],[69,68.879],[68.946,68.893],[68.951,68.903],[69.088,68.916],[69.131,68.927],[69.061,68.927],[69.097,68.941],[69.219,68.962],[69.013,68.948],[69.027,68.962],[68.999,68.965],[68.788,68.916],[68.686,68.918],[68.458,68.985],[68.376,69.068],[68.125,69.222],[68.026,69.319],[68.02,69.335],[68.04,69.359],[68.105,69.397],[68.088,69.421],[68.107,69.549],[68.031,69.541],[68.014,69.514],[68.04,69.49],[67.824,69.511],[67.629,69.591],[67.459,69.627],[67.315,69.63],[67.102,69.693],[67.017,69.703],[66.971,69.688],[67.002,69.674],[67,69.653],[66.855,69.637],[66.958,69.537],[66.887,69.537],[66.796,69.586],[66.784,69.623],[66.795,69.711],[66.769,69.762],[66.885,70.013],[66.938,70.051],[66.978,70.058],[67.006,70.03],[66.965,69.996],[66.985,69.97],[67.143,69.983],[67.252,70.021],[67.328,70.106],[67.279,70.106],[67.286,70.154],[67.272,70.189],[67.252,70.195],[67.265,70.145],[67.244,70.145],[67.165,70.172],[67.094,70.221],[67.164,70.305],[67.193,70.382],[67.219,70.409],[67.266,70.415],[67.255,70.456],[67.293,70.477],[67.215,70.524],[67.277,70.66],[67.327,70.717],[67.334,70.758],[67.257,70.826],[67.138,70.842],[67.04,70.816],[66.689,70.77],[66.668,70.828],[66.608,70.881],[66.771,70.96],[66.833,71.013],[66.841,71.059],[66.889,71.079],[66.82,71.101],[66.8,71.093],[66.806,71.075],[66.738,71.052],[66.772,71.024],[66.69,71.001],[66.643,71.009],[66.616,71.032],[66.62,71.058],[66.811,71.161],[66.845,71.226],[66.912,71.295],[67.033,71.298],[67.588,71.415],[67.586,71.432],[67.605,71.442],[67.947,71.528],[68.255,71.688],[68.305,71.696],[68.349,71.675],[68.308,71.717],[68.469,71.826],[68.513,71.902],[68.556,71.923],[68.561,71.976],[68.644,72.033],[68.685,72.152],[68.733,72.21],[68.754,72.267],[68.774,72.278],[68.768,72.293],[68.822,72.326],[68.852,72.467],[68.917,72.484],[68.869,72.532],[68.916,72.565],[68.977,72.656],[69.054,72.662],[68.993,72.675],[68.976,72.696],[69.232,72.805],[69.305,72.884],[69.302,72.93],[69.354,72.953],[69.465,72.975],[69.774,72.973],[69.795,72.964],[69.798,72.944],[69.774,72.936],[69.557,72.914],[69.562,72.889],[69.588,72.878],[70.172,72.9],[70.655,72.889],[71.033,72.907],[71.267,72.895],[71.563,72.916],[71.674,72.885],[71.983,72.848],[72.008,72.834],[71.817,72.812],[71.886,72.797],[72.131,72.832],[72.297,72.794],[72.496,72.788],[72.837,72.71],[72.721,72.703],[72.742,72.676],[72.81,72.655],[72.731,72.617],[72.731,72.597],[72.782,72.544],[72.845,72.52],[72.799,72.481],[72.799,72.413],[72.85,72.324],[72.884,72.307],[72.874,72.281],[72.743,72.206],[72.708,72.114],[72.577,72.045],[72.56,71.979],[72.522,71.922],[72.485,71.898],[72.351,71.864],[72.32,71.823],[72.363,71.736],[72.345,71.708],[72.234,71.685],[72.209,71.615],[72.167,71.599],[72.029,71.572],[71.974,71.58],[71.838,71.532],[71.803,71.48],[71.839,71.431],[72.106,71.29],[72.636,71.132],[72.676,71.09],[72.634,71.052],[72.632,71.011],[72.827,70.888],[72.837,70.86],[72.781,70.756],[72.775,70.695],[72.688,70.634],[72.683,70.617],[72.694,70.593],[72.775,70.538],[72.758,70.472],[72.771,70.425],[72.612,70.384],[72.436,70.286],[72.434,70.266],[72.467,70.24],[72.599,70.193],[72.622,70.162],[72.574,70.096],[72.492,70.041],[72.519,70.02],[72.525,69.986],[72.649,69.905],[72.692,69.837],[72.65,69.748],[72.56,69.689],[72.553,69.664],[72.502,69.647],[72.562,69.604],[72.627,69.511],[72.638,69.441],[72.488,69.414],[72.613,69.359],[72.648,69.292],[72.528,69.235],[72.478,69.177],[72.48,69.13],[72.528,69.072],[72.577,68.94],[72.692,68.864],[72.852,68.798],[73.075,68.747],[73.539,68.581],[73.635,68.517],[73.646,68.458],[73.605,68.432],[73.59,68.452],[73.605,68.482],[73.579,68.493],[73.534,68.482],[73.454,68.444],[73.398,68.361],[73.091,68.214],[73.137,68.166],[73.132,68.146],[73.081,68.12],[73.073,68.09],[73.19,67.992],[73.204,67.957],[73.195,67.85],[73.072,67.816],[73.084,67.783],[73.151,67.732],[73.114,67.69],[73.084,67.722],[73.039,67.729],[72.892,67.685],[72.899,67.659],[72.852,67.635],[72.581,67.62],[72.547,67.591],[72.553,67.537],[72.533,67.52],[72.392,67.467],[72.454,67.401],[72.403,67.328],[72.255,67.31],[72.191,67.333],[72.048,67.303],[72.052,67.268],[72.214,67.224],[72.226,67.159],[72.175,67.162],[72.154,67.196],[72.128,67.207],[72.119,67.191],[72.139,67.16],[71.913,67.132],[72.015,67.111],[71.994,67.107],[72.007,67.077],[71.995,67.056],[71.944,67.043],[71.873,66.991],[71.795,66.974],[71.748,66.916],[71.625,66.946],[71.522,66.919],[71.394,66.975],[71.302,66.954],[71.428,66.927],[71.453,66.906],[71.391,66.906],[71.515,66.878],[71.489,66.857],[71.481,66.827],[71.55,66.782],[71.518,66.763],[71.584,66.732],[71.597,66.697],[71.556,66.68],[71.577,66.659],[71.391,66.642],[71.35,66.659],[71.385,66.687],[71.295,66.638],[71.165,66.659],[71.234,66.625],[71.057,66.625],[71.042,66.605],[71.124,66.584],[71.08,66.569],[70.939,66.584],[70.994,66.556],[70.98,66.536],[70.689,66.515],[70.413,66.563],[70.319,66.594],[70.295,66.638],[70.466,66.68],[70.6,66.693],[70.636,66.721],[70.68,66.716],[70.735,66.748],[70.741,66.758],[70.723,66.762],[70.575,66.76],[70.535,66.742],[70.617,66.742],[70.466,66.721],[70.542,66.7],[70.316,66.68],[70.173,66.707],[70.153,66.727],[70.178,66.742],[70.067,66.76],[69.993,66.8],[69.936,66.863],[69.898,66.872],[69.882,66.861],[69.884,66.837],[69.837,66.816],[69.74,66.81],[69.603,66.838],[69.577,66.83],[69.637,66.797],[69.598,66.789],[69.398,66.83],[69.302,66.817],[69.131,66.831],[68.965,66.81],[68.997,66.787],[69.104,66.771],[69.119,66.733],[69.103,66.669],[69.113,66.619],[69.206,66.569],[69.386,66.513],[69.729,66.484],[69.903,66.415],[70.27,66.362],[70.363,66.334],[71.146,66.366],[71.429,66.356],[71.679,66.324],[71.833,66.235],[71.919,66.251],[71.99,66.231],[72.043,66.247],[72.076,66.236],[72.261,66.296],[72.306,66.289],[72.347,66.306],[72.376,66.341],[72.398,66.413],[72.367,66.471],[72.412,66.509],[72.382,66.517],[72.289,66.501],[72.318,66.528],[72.45,66.567],[72.474,66.611],[72.942,66.657],[72.995,66.707],[72.988,66.728],[73.003,66.739],[73.492,66.823],[73.657,66.942],[73.797,66.964],[73.869,67.001],[73.874,67.053],[73.92,67.078],[73.892,67.119],[73.951,67.211],[73.953,67.231],[73.9,67.296],[74.098,67.432],[74.73,67.686],[74.792,67.797],[74.825,67.94],[74.757,68.057],[74.725,68.152],[74.58,68.262],[74.37,68.351],[74.332,68.386],[74.458,68.506],[74.468,68.535],[74.413,68.62],[74.454,68.694],[74.514,68.736],[74.628,68.775],[75.191,68.875],[75.621,68.9],[75.82,68.944],[76.113,68.978],[76.376,68.994],[76.582,68.975],[76.609,68.966],[76.691,68.873],[76.696,68.858],[76.619,68.805],[76.663,68.763],[77.007,68.653],[77.114,68.567],[77.148,68.579],[77.1,68.592],[77.127,68.606],[77.326,68.523],[77.248,68.457],[77.285,68.428],[77.295,68.382],[77.246,68.339],[77.178,68.32],[77.162,68.294],[77.195,68.267],[77.357,68.233],[77.294,68.15],[77.217,68.105],[77.243,68.071],[77.241,68.044],[77.193,67.985],[77.305,67.91],[77.217,67.831],[77.141,67.851],[77.083,67.833],[77.072,67.824],[77.08,67.79],[77.676,67.617],[77.703,67.598],[77.685,67.564],[77.693,67.545],[77.86,67.577],[77.904,67.558],[77.957,67.568],[78.047,67.544],[78.234,67.585],[78.366,67.555],[78.497,67.557],[78.603,67.586],[78.741,67.592],[78.96,67.557],[79.053,67.571],[78.98,67.611],[78.822,67.616],[78.812,67.634],[78.868,67.653],[78.751,67.653],[78.623,67.605],[78.565,67.604],[78.463,67.633],[78.573,67.633],[78.616,67.65],[78.61,67.663],[78.58,67.674],[78.484,67.667],[78.438,67.703],[78.422,67.7],[78.4,67.637],[78.327,67.68],[78.252,67.659],[78.185,67.669],[78.113,67.657],[78.012,67.694],[77.874,67.685],[77.86,67.691],[77.872,67.705],[77.949,67.728],[77.852,67.731],[77.776,67.778],[77.758,67.776],[77.738,67.74],[77.619,67.734],[77.494,67.751],[77.459,67.786],[77.479,67.907],[77.586,67.948],[77.525,67.945],[77.47,67.995],[77.504,68.028],[77.504,68.085],[77.537,68.129],[77.709,68.222],[78.103,68.248],[78.173,68.274],[78.112,68.312],[78.09,68.36],[77.959,68.398],[77.909,68.469],[77.956,68.495],[77.928,68.519],[77.895,68.529],[77.787,68.515],[77.768,68.571],[77.715,68.621],[77.744,68.677],[77.744,68.715],[77.692,68.817],[77.683,68.886],[77.647,68.911],[77.409,68.926],[77.233,68.99],[76.929,69.009],[76.829,69.085],[76.731,69.131],[76.622,69.154],[76.548,69.13],[76.428,69.144],[76.161,69.199],[76.042,69.239],[75.801,69.234],[75.509,69.261],[75.129,69.157],[75.092,69.133],[75.154,69.119],[75.107,69.104],[74.941,69.106],[74.773,69.081],[74.509,69.133],[74.314,69.146],[73.961,69.084],[73.835,69.117],[73.759,69.169],[73.757,69.199],[73.85,69.315],[73.9,69.421],[73.859,69.482],[73.755,69.565],[73.563,69.684],[73.516,69.746],[73.535,69.776],[73.66,69.86],[73.656,69.893],[73.705,69.955],[73.711,70.019],[73.765,70.079],[73.756,70.11],[73.692,70.138],[73.708,70.161],[74.007,70.305],[74.077,70.383],[74.197,70.435],[74.316,70.52],[74.339,70.582],[74.318,70.668],[74.261,70.716],[73.928,70.855],[73.896,70.973],[73.704,71.071],[73.655,71.153],[73.556,71.255],[73.339,71.339],[73.033,71.406],[73.022,71.429],[73.365,71.583],[73.499,71.665],[73.525,71.706],[73.47,71.773],[73.526,71.822],[73.939,71.914],[74.25,71.96],[74.332,71.956],[74.928,72.098],[74.995,72.138],[75.076,72.21],[75.111,72.346],[75.109,72.404],[75.055,72.565],[75.059,72.595],[75,72.674],[74.748,72.808],[74.751,72.82],[75.037,72.882],[75.191,72.834],[75.319,72.819],[75.502,72.767],[75.531,72.741],[75.456,72.71],[75.407,72.724],[75.338,72.683],[75.421,72.697],[75.487,72.645],[75.653,72.599],[75.708,72.566],[75.702,72.547],[75.597,72.547],[75.562,72.525],[75.556,72.498],[75.623,72.412],[75.626,72.382],[75.683,72.34],[75.667,72.333],[75.755,72.306],[75.742,72.266],[75.594,72.215],[75.518,72.153],[75.517,72.076],[75.414,72.031],[75.439,71.985],[75.354,71.958],[75.285,71.96],[75.254,71.942],[75.284,71.894],[75.224,71.842],[75.236,71.826],[75.22,71.81],[75.228,71.777],[75.258,71.768],[75.263,71.743],[75.287,71.729],[75.492,71.666],[75.506,71.652],[75.491,71.639],[75.392,71.618],[75.533,71.542],[75.434,71.502],[75.426,71.49],[75.442,71.462],[75.242,71.454],[75.228,71.405],[75.263,71.366],[75.343,71.335],[75.734,71.265],[76.017,71.237],[76.108,71.204],[76.126,71.203],[76.12,71.22],[76.15,71.229],[76.889,71.19],[76.914,71.182],[76.882,71.16],[76.894,71.127],[76.918,71.113],[76.914,71.072],[76.963,71.113],[76.929,71.161],[77.005,71.184],[77.382,71.159],[77.558,71.174],[77.838,71.125],[77.886,71.089],[77.9,71.01],[77.949,70.976],[78.279,70.942],[78.411,70.895],[78.598,70.928],[78.769,70.914],[78.881,70.922],[78.929,70.948],[78.965,70.929],[79.04,70.937],[79.054,70.962],[79.018,70.969],[79.115,71.004],[79.074,71.024],[78.968,70.987],[78.845,71.013],[78.786,70.991],[78.902,70.976],[78.758,70.935],[78.565,70.963],[78.442,70.914],[78.435,70.95],[78.488,71.012],[78.463,71.024],[78.56,71.045],[78.498,71.079],[78.525,71.093],[78.497,71.115],[78.346,71.1],[78.376,71.076],[78.498,71.045],[78.364,71.057],[78.238,71.11],[78.234,71.123],[78.289,71.164],[78.311,71.208],[78.313,71.226],[78.279,71.259],[78.022,71.279],[77.928,71.257],[77.901,71.313],[77.99,71.346],[78.011,71.367],[77.988,71.375],[77.734,71.311],[77.751,71.292],[77.712,71.281],[77.515,71.329],[77.436,71.333],[77.525,71.305],[77.492,71.301],[77.232,71.362],[77.104,71.424],[76.713,71.463],[76.581,71.529],[76.272,71.573],[76.249,71.597],[76.268,71.63],[76.264,71.653],[76.162,71.735],[76.08,71.863],[75.997,71.908],[76.354,71.999],[76.878,72.05],[77.027,72.021],[77.585,71.831],[77.727,71.827],[78.11,71.88],[78.197,71.922],[78.226,71.983],[77.986,72.11],[77.713,72.115],[77.511,72.062],[77.387,72.092],[77.377,72.11],[77.491,72.175],[77.442,72.21],[77.474,72.222],[77.668,72.193],[77.741,72.216],[77.879,72.3],[78.088,72.359],[78.125,72.385],[78.232,72.364],[78.426,72.393],[78.504,72.382],[78.498,72.408],[79.017,72.377],[79.391,72.386],[79.514,72.362],[79.785,72.265],[80.01,72.208],[80.474,72.152],[80.835,72.083],[80.852,72.069],[80.821,72.025],[80.732,72.045],[80.814,72.08],[80.686,72.079],[80.632,72.046],[80.647,72.034],[81.25,71.859],[81.279,71.796],[81.342,71.764],[81.547,71.742],[81.737,71.7],[82.194,71.708],[82.499,71.755],[82.867,71.786],[83.019,71.729],[83.153,71.74],[83.252,71.726],[83.32,71.683],[83.305,71.658],[83.136,71.572],[83.05,71.562],[83.012,71.529],[82.985,71.463],[83.048,71.415],[82.82,71.391],[82.273,71.279],[82.259,71.253],[82.28,71.223],[82.279,71.188],[82.332,71.144],[82.353,71.096],[82.314,71.059],[82.203,71.016],[82.208,70.987],[82.307,70.908],[82.301,70.896],[82.33,70.874],[82.324,70.846],[82.349,70.818],[82.417,70.777],[82.369,70.743],[82.235,70.696],[82.192,70.657],[82.187,70.622],[82.1,70.589],[82.082,70.565],[82.153,70.518],[82.153,70.476],[82.203,70.349],[82.233,70.318],[82.24,70.277],[82.349,70.202],[82.327,70.25],[82.287,70.29],[82.252,70.376],[82.225,70.48],[82.24,70.497],[82.157,70.572],[82.297,70.604],[82.465,70.613],[82.472,70.63],[82.434,70.667],[82.431,70.695],[82.483,70.708],[82.502,70.753],[82.554,70.762],[82.479,70.805],[82.569,70.853],[82.582,70.87],[82.579,70.911],[82.688,70.962],[82.735,70.966],[82.843,70.952],[82.877,70.917],[82.897,70.94],[82.876,70.997],[82.902,71.001],[82.932,70.954],[82.967,70.934],[83.134,70.882],[83.137,70.764],[83.065,70.693],[83.057,70.597],[82.993,70.572],[83.053,70.5],[83.011,70.427],[82.876,70.373],[82.664,70.26],[82.651,70.23],[82.671,70.189],[82.644,70.181],[82.776,70.142],[82.883,70.089],[83.111,70.069],[83.177,70.083],[83.186,70.092],[83.158,70.099],[83.182,70.11],[83.183,70.139],[83.13,70.209],[83.065,70.233],[83.014,70.287],[82.952,70.325],[83.013,70.335],[83.337,70.313],[83.534,70.332],[83.534,70.353],[83.646,70.399],[83.775,70.477],[83.745,70.503],[83.764,70.547],[83.757,70.569],[83.603,70.703],[83.602,70.77],[83.541,70.791],[83.476,70.918],[83.383,70.976],[83.399,71.003],[83.382,71.033],[83.316,71.066],[83.169,71.082],[83.116,71.113],[83.257,71.117],[83.21,71.189],[83.148,71.245],[83.266,71.286],[83.376,71.37],[83.382,71.465],[83.563,71.51],[83.631,71.576],[83.619,71.631],[83.548,71.669],[83.527,71.703],[83.411,71.751],[83.416,71.808],[83.361,71.841],[83.162,71.884],[82.97,71.898],[82.787,71.905],[82.678,71.879],[82.641,71.902],[82.624,71.942],[82.471,72.021],[82.185,72.093],[82.3,72.134],[82.307,72.183],[82.286,72.233],[82.219,72.257],[82.198,72.282],[81.944,72.293],[81.862,72.317],[81.586,72.351],[81.208,72.355],[80.834,72.474],[80.704,72.545],[80.834,72.621],[80.686,72.646],[80.634,72.704],[80.632,72.734],[80.773,72.806],[80.842,72.922],[80.814,72.974],[80.764,73.008],[80.75,73.038],[80.437,73.101],[80.595,73.115],[80.569,73.142],[80.327,73.183],[80.231,73.176],[80.322,73.203],[80.467,73.203],[80.563,73.222],[80.568,73.238],[80.528,73.281],[80.273,73.31],[80.255,73.33],[80.321,73.355],[80.35,73.383],[80.429,73.372],[80.485,73.419],[80.587,73.436],[80.61,73.449],[80.623,73.486],[80.677,73.505],[80.634,73.514],[80.54,73.487],[80.506,73.498],[80.513,73.567],[80.536,73.581],[80.832,73.572],[81.254,73.605],[81.53,73.648],[81.957,73.663],[83.484,73.655],[83.728,73.695],[84.366,73.71],[84.572,73.753],[84.793,73.765],[85.008,73.71],[85.427,73.712],[85.494,73.738],[85.472,73.76],[85.481,73.769],[85.604,73.822],[85.868,73.824],[86.016,73.867],[86.783,73.902],[87.08,73.872],[87.104,73.845],[87.027,73.784],[86.863,73.765],[86.723,73.706],[86.52,73.672],[86.396,73.625],[86.116,73.588],[85.787,73.481],[85.785,73.456],[85.803,73.403],[85.797,73.365],[85.833,73.332],[86.234,73.255],[86.247,73.224],[86.329,73.181],[86.523,73.163],[86.663,73.122],[86.713,73.084],[86.734,73.033],[86.782,73.001],[86.765,73.084],[86.623,73.166],[86.49,73.185],[86.378,73.244],[86.25,73.277],[85.894,73.34],[85.852,73.375],[85.858,73.423],[85.844,73.44],[85.882,73.496],[86.204,73.558],[86.773,73.584],[86.845,73.606],[87.165,73.611],[87.344,73.704],[87.249,73.691],[87.281,73.73],[87.617,73.824],[87.664,73.891],[87.611,73.914],[87.545,73.914],[87.531,73.907],[87.517,73.85],[87.454,73.825],[87.296,73.841],[87.167,73.897],[87.145,73.931],[87.043,73.992],[86.94,74.033],[86.997,74.05],[87.257,74.039],[87.366,74.011],[87.42,74.012],[87.362,74.048],[87.291,74.063],[86.896,74.07],[86.851,74.088],[86.865,74.108],[86.724,74.132],[86.803,74.184],[86.663,74.236],[86.506,74.255],[86.02,74.263],[85.949,74.293],[85.96,74.321],[85.906,74.355],[85.937,74.368],[86.159,74.358],[86.305,74.318],[86.308,74.339],[86.282,74.348],[86.255,74.389],[86.072,74.408],[86.049,74.416],[86.07,74.424],[86.201,74.431],[86.254,74.42],[86.475,74.458],[86.591,74.437],[86.639,74.41],[86.598,74.396],[86.624,74.388],[86.954,74.389],[86.886,74.351],[86.717,74.325],[86.699,74.307],[86.833,74.302],[86.949,74.343],[86.991,74.296],[86.968,74.28],[87.021,74.273],[87.05,74.306],[87.002,74.355],[87.016,74.367],[87.262,74.355],[87.08,74.39],[87.06,74.402],[87.088,74.426],[87.079,74.442],[86.796,74.424],[86.769,74.444],[86.707,74.451],[86.687,74.478],[86.535,74.512],[86.782,74.561],[86.491,74.567],[86.194,74.622],[85.74,74.636],[85.865,74.671],[85.834,74.687],[85.842,74.701],[85.9,74.723],[86.016,74.715],[86.101,74.736],[86.125,74.773],[86.028,74.814],[86.091,74.821],[86.367,74.775],[86.378,74.759],[86.213,74.766],[86.321,74.708],[86.474,74.725],[86.639,74.697],[86.605,74.663],[86.687,74.656],[86.667,74.643],[86.692,74.622],[86.842,74.63],[86.958,74.609],[86.965,74.625],[86.903,74.654],[86.954,74.684],[86.795,74.685],[86.762,74.704],[86.914,74.758],[87.064,74.725],[87.082,74.773],[87.036,74.8],[87.061,74.84],[87.097,74.862],[87.386,74.944],[87.173,74.985],[87.27,75.012],[87.426,75.006],[87.48,74.987],[87.434,74.965],[87.445,74.953],[87.574,74.93],[87.598,74.937],[87.564,74.965],[87.666,74.978],[87.706,75.005],[87.68,75.013],[87.79,75.026],[87.732,75.039],[87.365,75.04],[87.268,75.073],[87.035,75.093],[86.919,75.076],[86.899,75.088],[86.919,75.111],[87.025,75.164],[87.201,75.169],[87.588,75.143],[87.953,75.1],[88.083,75.144],[88.117,75.146],[88.139,75.129],[88.169,75.15],[88.307,75.176],[88.326,75.235],[88.371,75.255],[88.518,75.283],[88.626,75.267],[88.55,75.314],[88.612,75.344],[88.818,75.362],[88.77,75.376],[88.925,75.412],[89.085,75.403],[89.056,75.426],[89.007,75.434],[88.757,75.417],[89.132,75.453],[89.246,75.507],[89.394,75.465],[89.395,75.449],[89.704,75.444],[89.723,75.451],[89.624,75.477],[89.613,75.492],[89.636,75.505],[90.058,75.52],[90.036,75.543],[89.915,75.561],[89.954,75.578],[90.599,75.612],[90.887,75.671],[90.944,75.626],[90.978,75.62],[91.128,75.666],[91.195,75.664],[91.186,75.643],[91.217,75.632],[91.451,75.65],[91.58,75.638],[91.642,75.654],[91.641,75.684],[91.621,75.698],[91.7,75.736],[91.812,75.717],[92.226,75.754],[92.371,75.74],[92.516,75.773],[93.55,75.853],[94.053,75.915],[94.163,75.944],[94.144,75.955],[94.053,75.931],[93.74,75.9],[93.594,75.917],[93.603,75.939],[93.546,75.953],[93.448,75.909],[93.494,75.895],[93.419,75.873],[93.32,75.937],[93.258,75.952],[93.32,75.972],[93.277,75.982],[92.964,75.931],[93.108,75.911],[93.071,75.889],[92.888,75.896],[92.902,75.913],[92.884,75.934],[92.827,75.965],[92.929,75.993],[92.914,76.029],[92.929,76.034],[92.924,76.053],[92.952,76.067],[93.041,76.071],[93.101,76.024],[93.231,76.054],[93.219,76.071],[93.121,76.096],[93.43,76.107],[93.334,76.068],[93.422,76.047],[93.388,76.021],[93.427,76.012],[93.532,76.047],[93.704,76.062],[93.765,76.04],[93.999,76.054],[93.935,76.08],[93.882,76.074],[93.784,76.103],[93.674,76.099],[93.636,76.123],[93.686,76.132],[94.102,76.123],[94.201,76.105],[94.374,76.121],[94.395,76.109],[94.382,76.096],[94.472,76.075],[94.437,76.062],[94.459,76.052],[94.595,76.064],[94.615,76.075],[94.587,76.085],[94.604,76.1],[94.739,76.116],[94.71,76.139],[94.54,76.15],[94.573,76.16],[94.835,76.15],[94.932,76.112],[95.055,76.112],[95.153,76.132],[95.255,76.123],[95.39,76.164],[95.873,76.138],[95.975,76.114],[96.137,76.107],[96.193,76.08],[96.038,76.081],[95.993,76.062],[96.075,76.047],[95.979,76.034],[96.013,76.003],[96.005,75.993],[95.851,75.974],[95.711,75.907],[95.575,75.889],[95.74,75.856],[95.821,75.917],[95.937,75.949],[96.309,75.959],[96.342,75.972],[96.266,75.993],[96.519,76.016],[96.548,76.006],[96.5,75.978],[96.639,75.985],[96.665,75.965],[96.438,75.876],[96.461,75.872],[96.686,75.907],[96.835,75.889],[96.831,75.915],[96.863,75.928],[96.938,75.936],[97.003,75.975],[97.251,76.043],[97.397,76.047],[97.199,75.993],[97.199,75.976],[97.247,75.958],[97.185,75.931],[97.312,75.935],[97.342,75.944],[97.313,75.955],[97.317,75.965],[97.394,75.989],[97.824,75.988],[97.843,75.992],[97.821,76.019],[97.701,76.052],[97.548,76.054],[97.626,76.082],[97.799,76.095],[97.913,76.059],[98.161,76.091],[98.22,76.103],[98.019,76.105],[97.918,76.123],[97.971,76.144],[98.028,76.157],[98.118,76.148],[98.165,76.178],[98.404,76.184],[98.576,76.232],[98.816,76.267],[98.783,76.232],[98.713,76.205],[98.837,76.198],[98.933,76.225],[99.172,76.212],[99.235,76.224],[99.296,76.205],[99.2,76.178],[99.234,76.164],[99.09,76.164],[99.214,76.13],[99.574,76.155],[99.6,76.131],[99.468,76.109],[99.487,76.095],[99.576,76.081],[99.556,76.068],[99.571,76.064],[99.663,76.083],[99.755,76.049],[99.762,76.035],[99.745,76.01],[99.682,75.966],[99.692,75.914],[99.679,75.876],[99.615,75.837],[99.424,75.793],[99.571,75.78],[99.613,75.789],[99.713,75.862],[99.86,75.899],[99.902,75.927],[99.913,75.953],[99.9,75.976],[99.825,76.024],[99.878,76.096],[99.81,76.129],[99.798,76.156],[99.643,76.196],[99.615,76.255],[99.591,76.272],[99.395,76.28],[99.315,76.341],[99.265,76.352],[99.02,76.362],[99.02,76.399],[98.924,76.45],[98.82,76.478],[98.818,76.494],[98.849,76.517],[99.509,76.469],[100.23,76.492],[100.304,76.462],[100.693,76.507],[100.851,76.54],[101.057,76.486],[101.016,76.459],[101.316,76.484],[101.42,76.464],[101.738,76.45],[101.816,76.408],[101.86,76.401],[102.25,76.383],[102.174,76.415],[101.753,76.47],[101.564,76.473],[101.523,76.486],[101.551,76.492],[101.375,76.514],[101.036,76.52],[100.878,76.555],[101.037,76.582],[101.105,76.616],[101.091,76.63],[101.126,76.678],[101.112,76.684],[101.136,76.705],[101.126,76.733],[101.188,76.737],[101.235,76.767],[100.981,76.787],[100.864,76.838],[100.892,76.869],[100.858,76.873],[100.872,76.899],[100.934,76.952],[100.919,76.976],[101.05,76.993],[101.206,76.986],[101.235,77.006],[101.238,77.051],[101.166,77.061],[101.175,77.083],[101.207,77.099],[101.432,77.159],[101.584,77.222],[101.788,77.269],[102.037,77.363],[102.043,77.381],[102.076,77.391],[102.194,77.401],[102.229,77.38],[102.271,77.381],[102.569,77.501],[102.889,77.546],[102.92,77.555],[102.899,77.582],[103.197,77.659],[103.257,77.664],[103.356,77.62],[103.593,77.632],[104.023,77.733],[104.29,77.738],[104.326,77.73],[104.257,77.685],[104.289,77.673],[104.752,77.706],[104.808,77.635],[104.867,77.613],[104.982,77.589],[105.233,77.57],[105.334,77.541],[105.874,77.569],[105.833,77.541],[105.902,77.522],[105.923,77.5],[105.91,77.476],[105.984,77.438],[105.977,77.425],[106.171,77.402],[106.292,77.37],[106.22,77.356],[105.758,77.369],[105.724,77.341],[105.614,77.302],[105.435,77.274],[105.538,77.267],[105.456,77.24],[104.879,77.167],[104.608,77.16],[104.483,77.13],[104.346,77.135],[104.164,77.108],[104.12,77.096],[104.142,77.089],[104.772,77.122],[104.873,77.091],[105.067,77.089],[105.195,77.111],[105.341,77.089],[105.613,77.115],[105.797,77.113],[105.928,77.144],[105.943,77.13],[105.888,77.096],[105.737,77.061],[105.785,77.041],[105.487,77.035],[105.435,77],[105.451,76.984],[105.895,76.995],[106.206,77.062],[106.755,77.001],[106.779,77.006],[106.751,77.017],[106.649,77.034],[106.733,77.031],[106.83,77.055],[107.011,77.027],[106.97,77.014],[107.003,77.003],[107.286,77.021],[107.238,77.006],[107.256,76.993],[107.341,76.973],[107.327,76.966],[107.372,76.946],[107.5,76.925],[107.47,76.906],[107.266,76.891],[107.355,76.869],[107.225,76.858],[107.19,76.842],[107.286,76.836],[107.19,76.801],[107.08,76.808],[107.059,76.789],[107.06,76.764],[106.926,76.713],[106.724,76.719],[106.789,76.685],[106.79,76.661],[106.612,76.56],[106.546,76.563],[106.553,76.589],[106.511,76.6],[106.397,76.604],[106.367,76.575],[106.381,76.575],[106.377,76.554],[106.4,76.535],[106.389,76.52],[106.417,76.509],[106.705,76.499],[106.82,76.469],[106.913,76.509],[107.036,76.507],[107.27,76.535],[107.592,76.505],[107.845,76.535],[107.985,76.623],[107.991,76.649],[107.902,76.671],[107.941,76.712],[107.916,76.719],[107.946,76.737],[108.225,76.739],[108.32,76.725],[108.286,76.705],[108.499,76.727],[108.685,76.716],[109.049,76.74],[109.198,76.731],[109.398,76.76],[109.431,76.739],[109.605,76.739],[109.636,76.723],[109.835,76.719],[110.061,76.692],[110.359,76.756],[110.567,76.764],[110.705,76.727],[110.906,76.73],[110.945,76.739],[110.897,76.753],[110.946,76.765],[111.09,76.762],[111.137,76.747],[111.069,76.719],[111.119,76.682],[111.21,76.709],[111.555,76.684],[111.487,76.671],[111.542,76.651],[111.446,76.63],[111.489,76.61],[111.665,76.621],[111.826,76.596],[112.199,76.472],[111.829,76.341],[112.257,76.454],[112.748,76.335],[112.658,76.322],[112.732,76.289],[112.74,76.267],[112.673,76.246],[112.693,76.232],[112.614,76.222],[112.527,76.246],[112.501,76.239],[112.633,76.193],[112.78,76.192],[112.858,76.144],[112.761,76.075],[112.57,76.047],[112.962,76.065],[113.029,76.086],[113.042,76.116],[112.987,76.144],[113.059,76.164],[113.147,76.163],[113.303,76.116],[113.256,76.159],[113.289,76.171],[113.025,76.21],[112.972,76.224],[112.932,76.26],[113.131,76.253],[113.259,76.266],[113.296,76.246],[113.227,76.225],[113.241,76.205],[113.359,76.211],[113.46,76.148],[113.44,76.087],[113.453,76.041],[113.549,76.021],[113.501,75.986],[113.556,75.972],[113.532,75.954],[113.44,75.944],[113.521,75.931],[113.563,75.896],[113.556,75.876],[113.481,75.856],[113.652,75.876],[113.617,75.924],[113.703,75.931],[113.76,75.918],[113.781,75.939],[113.858,75.911],[113.828,75.895],[113.89,75.854],[113.837,75.798],[113.837,75.774],[113.72,75.671],[113.72,75.619],[113.692,75.593],[113.572,75.566],[113.556,75.54],[113.426,75.54],[113.582,75.621],[113.617,75.656],[113.261,75.694],[113.068,75.683],[113.129,75.694],[113.138,75.711],[113.123,75.721],[112.559,75.851],[112.337,75.848],[112.459,75.823],[112.518,75.774],[112.665,75.772],[112.823,75.739],[112.871,75.711],[112.825,75.686],[112.748,75.698],[112.878,75.647],[112.859,75.615],[112.789,75.589],[112.814,75.557],[113.035,75.553],[112.994,75.589],[112.993,75.61],[113.267,75.651],[113.295,75.645],[113.309,75.616],[113.255,75.574],[113.291,75.551],[113.536,75.507],[113.638,75.524],[113.703,75.471],[113.72,75.41],[113.634,75.422],[113.549,75.406],[113.536,75.39],[113.654,75.384],[113.671,75.369],[113.605,75.285],[113.363,75.186],[113.012,75.068],[112.993,75.039],[112.88,74.993],[112.514,74.922],[112.147,74.878],[112.092,74.857],[112.097,74.828],[112.056,74.789],[111.953,74.772],[111.911,74.738],[111.953,74.731],[111.772,74.669],[111.466,74.697],[111.403,74.691],[111.117,74.608],[110.986,74.594],[111.052,74.579],[110.96,74.548],[110.815,74.539],[110.557,74.481],[110.332,74.496],[110.281,74.478],[110.352,74.471],[110.39,74.451],[110.363,74.418],[110.212,74.372],[110,74.374],[109.951,74.337],[109.798,74.314],[109.78,74.328],[109.561,74.314],[109.642,74.289],[109.728,74.287],[109.968,74.305],[109.977,74.288],[109.89,74.197],[109.481,74.077],[109.18,74.057],[108.996,74.016],[108.901,73.965],[108.822,73.956],[108.624,73.873],[108.551,73.812],[108.438,73.82],[108.492,73.773],[108.398,73.754],[108.067,73.635],[108.094,73.663],[108.037,73.677],[107.749,73.612],[107.375,73.635],[107.147,73.618],[107.101,73.574],[107.17,73.553],[106.882,73.444],[106.831,73.375],[106.785,73.341],[106.648,73.307],[106.498,73.326],[106.395,73.313],[106.232,73.323],[106.063,73.273],[106.046,73.255],[106.048,73.203],[106.009,73.155],[105.874,73.115],[105.853,73.095],[105.847,73.014],[105.834,73.002],[105.751,72.977],[105.628,72.902],[105.354,72.831],[105.29,72.8],[105.067,72.786],[105.073,72.765],[105.483,72.768],[105.676,72.815],[105.787,72.87],[105.931,72.889],[106.002,72.947],[106.036,72.953],[106.118,72.941],[106.137,72.911],[106.409,72.872],[106.558,72.867],[106.657,72.832],[106.823,72.826],[107.103,72.856],[106.971,72.883],[106.62,72.896],[106.224,72.977],[106.189,73.039],[106.181,73.108],[106.217,73.144],[106.282,73.153],[106.333,73.19],[106.776,73.141],[106.9,73.145],[107.036,73.182],[107.327,73.158],[107.493,73.173],[107.722,73.169],[107.834,73.183],[107.966,73.231],[108.092,73.246],[108.317,73.222],[108.375,73.232],[108.396,73.258],[108.365,73.276],[108.198,73.279],[108.241,73.301],[108.393,73.317],[108.539,73.311],[108.685,73.34],[108.923,73.35],[109.221,73.387],[109.253,73.403],[109.255,73.42],[109.205,73.444],[109.209,73.469],[109.417,73.416],[109.435,73.427],[109.431,73.452],[109.287,73.498],[109.18,73.51],[109.17,73.54],[109.194,73.552],[109.512,73.458],[109.714,73.453],[110.104,73.516],[110.157,73.546],[110.089,73.56],[110.124,73.58],[110.425,73.607],[110.397,73.615],[110.423,73.64],[110.471,73.649],[110.899,73.686],[110.925,73.704],[110.876,73.735],[110.918,73.766],[110.664,73.787],[110.287,73.706],[109.8,73.705],[109.752,73.683],[109.787,73.669],[109.737,73.662],[109.674,73.678],[109.541,73.764],[109.527,73.796],[109.536,73.821],[109.82,73.877],[109.887,73.961],[110.021,74.014],[110.3,74.019],[110.581,73.991],[110.959,73.909],[111.103,73.95],[111.068,73.98],[111.096,74.018],[111.126,74.03],[111.536,74.051],[111.582,74.026],[111.561,74.009],[111.35,73.986],[111.254,74.001],[111.198,73.978],[111.295,73.869],[111.436,73.813],[111.804,73.744],[112.147,73.708],[112.372,73.705],[112.821,73.747],[112.945,73.79],[112.959,73.807],[112.935,73.882],[112.823,73.957],[112.823,73.998],[112.847,73.995],[112.946,73.94],[113.131,73.882],[113.159,73.844],[113.277,73.754],[113.396,73.686],[113.428,73.634],[113.423,73.591],[113.293,73.57],[113.131,73.45],[113.206,73.426],[113.272,73.375],[113.498,73.336],[113.493,73.29],[113.508,73.244],[113.487,73.17],[113.521,73.104],[113.455,72.993],[113.487,72.964],[113.312,72.894],[113.118,72.861],[113.097,72.841],[113.105,72.822],[113.17,72.78],[113.177,72.733],[113.264,72.689],[113.497,72.645],[114.09,72.601],[114.042,72.621],[113.391,72.681],[113.238,72.735],[113.216,72.776],[113.158,72.823],[113.18,72.849],[113.258,72.879],[113.354,72.891],[113.517,72.953],[113.542,72.977],[113.519,73.017],[113.531,73.048],[113.601,73.104],[113.599,73.128],[113.529,73.183],[113.532,73.214],[113.562,73.253],[113.724,73.321],[113.853,73.314],[114.036,73.347],[113.99,73.361],[113.844,73.347],[113.775,73.356],[113.535,73.44],[113.467,73.505],[113.915,73.536],[114.109,73.6],[114.675,73.593],[114.854,73.609],[115.112,73.675],[115.413,73.71],[116.173,73.676],[116.603,73.675],[117.06,73.615],[117.444,73.589],[118.45,73.589],[118.791,73.556],[118.998,73.491],[118.883,73.452],[118.738,73.46],[118.707,73.444],[118.626,73.457],[118.576,73.486],[118.467,73.478],[118.433,73.45],[118.372,73.432],[118.346,73.403],[118.428,73.375],[118.373,73.34],[118.379,73.314],[118.353,73.282],[118.394,73.238],[118.462,73.209],[118.918,73.12],[119.088,73.106],[119.252,73.073],[119.367,73.079],[119.535,73.055],[119.593,73.003],[119.685,72.995],[119.723,72.959],[120.534,72.874],[120.573,72.889],[120.54,72.901],[119.842,72.957],[119.778,72.985],[119.764,73.008],[119.783,73.018],[120.231,72.986],[120.656,72.977],[120.825,72.947],[121.055,72.932],[121.388,72.976],[121.735,72.958],[121.791,72.977],[121.964,72.964],[121.924,72.926],[122.043,72.892],[122.423,72.875],[122.534,72.839],[122.732,72.827],[122.313,72.934],[122.321,72.95],[122.843,72.873],[122.953,72.892],[122.437,72.977],[122.505,72.991],[122.465,73.019],[122.614,73.031],[122.859,72.998],[122.89,72.959],[123.138,72.918],[123.191,72.922],[123.349,72.988],[123.314,73.026],[123.4,73.093],[123.42,73.1],[123.45,73.075],[123.468,73.08],[123.469,73.106],[123.397,73.122],[123.376,73.156],[123.401,73.174],[123.547,73.197],[123.513,73.176],[123.545,73.161],[123.664,73.17],[123.609,73.183],[123.671,73.203],[123.651,73.215],[123.539,73.22],[123.48,73.258],[123.501,73.258],[123.503,73.275],[123.396,73.293],[123.338,73.341],[123.332,73.351],[123.413,73.391],[123.25,73.393],[123.218,73.409],[123.307,73.426],[123.26,73.457],[123.282,73.464],[123.333,73.464],[123.397,73.432],[123.417,73.444],[123.361,73.484],[123.286,73.505],[123.294,73.519],[123.246,73.546],[123.266,73.564],[123.37,73.56],[123.314,73.594],[123.424,73.581],[123.376,73.622],[123.388,73.643],[123.37,73.663],[123.513,73.687],[123.591,73.717],[123.629,73.697],[123.574,73.676],[123.595,73.669],[123.562,73.643],[123.657,73.635],[123.602,73.615],[123.646,73.603],[123.886,73.624],[123.89,73.635],[123.974,73.627],[124,73.642],[123.921,73.669],[123.905,73.7],[123.903,73.717],[123.931,73.745],[123.877,73.773],[123.986,73.759],[124.055,73.724],[123.993,73.691],[124.06,73.685],[124.094,73.688],[124.13,73.719],[124.219,73.724],[124.239,73.735],[124.24,73.76],[124.306,73.775],[124.336,73.805],[124.383,73.806],[124.404,73.792],[124.37,73.786],[124.486,73.779],[124.612,73.737],[124.695,73.742],[124.692,73.717],[124.726,73.708],[124.856,73.724],[124.836,73.704],[124.851,73.698],[124.908,73.691],[124.93,73.667],[124.98,73.676],[124.987,73.628],[125.043,73.641],[125.059,73.66],[125.048,73.683],[125.127,73.688],[125.137,73.704],[125.165,73.669],[125.151,73.656],[125.212,73.649],[125.178,73.622],[125.214,73.616],[125.172,73.577],[125.198,73.551],[125.233,73.567],[125.246,73.544],[125.287,73.539],[125.334,73.552],[125.365,73.583],[125.366,73.569],[125.399,73.556],[125.44,73.574],[125.476,73.559],[125.453,73.546],[125.555,73.546],[125.652,73.525],[125.623,73.505],[125.644,73.498],[125.538,73.475],[125.521,73.457],[125.575,73.423],[125.563,73.409],[125.623,73.42],[125.63,73.434],[125.604,73.45],[125.639,73.458],[125.761,73.47],[125.802,73.452],[125.877,73.461],[125.816,73.491],[125.905,73.519],[125.918,73.54],[125.973,73.532],[125.957,73.469],[125.912,73.436],[125.941,73.428],[126.004,73.454],[126.021,73.478],[126.006,73.499],[126.014,73.509],[126.288,73.557],[126.405,73.512],[126.381,73.49],[126.391,73.464],[126.329,73.43],[126.296,73.452],[126.239,73.443],[126.171,73.459],[126.152,73.436],[126.208,73.429],[126.255,73.403],[126.158,73.381],[126.42,73.409],[126.453,73.395],[126.432,73.375],[126.494,73.372],[126.549,73.347],[126.59,73.296],[126.561,73.269],[126.565,73.233],[126.659,73.303],[126.563,73.381],[126.64,73.381],[126.659,73.389],[126.666,73.426],[126.73,73.444],[126.762,73.439],[126.785,73.391],[126.829,73.389],[126.843,73.409],[126.833,73.44],[126.932,73.43],[126.905,73.457],[126.918,73.504],[126.83,73.519],[126.897,73.539],[127.05,73.549],[127.451,73.491],[127.988,73.471],[127.899,73.436],[128.077,73.406],[127.96,73.347],[128.365,73.354],[128.303,73.316],[128.31,73.299],[128.235,73.265],[128.326,73.268],[128.439,73.236],[128.615,73.266],[128.893,73.217],[128.845,73.19],[128.961,73.19],[128.957,73.154],[128.851,73.156],[128.864,73.116],[128.777,73.071],[128.843,73.075],[128.933,73.113],[129.066,73.128],[129.226,73.098],[129.444,73.029],[129.479,72.979],[129.441,72.949],[129.36,72.94],[128.928,72.98],[128.291,72.909],[128.24,72.89],[128.214,72.861],[128.243,72.837],[128.228,72.819],[128.129,72.786],[128.356,72.794],[129.308,72.717],[129.358,72.703],[129.228,72.688],[129.194,72.669],[129.221,72.662],[129.198,72.655],[128.869,72.678],[128.663,72.71],[128.52,72.704],[128.479,72.725],[128.396,72.673],[127.905,72.667],[127.994,72.625],[128.188,72.568],[128.611,72.483],[128.839,72.465],[129.117,72.482],[129.258,72.464],[129.274,72.447],[129.242,72.416],[129.369,72.397],[129.489,72.354],[129.468,72.347],[129.501,72.332],[129.485,72.317],[129.34,72.305],[129.334,72.286],[129.358,72.278],[129.358,72.263],[129.522,72.249],[129.564,72.231],[129.545,72.217],[129.468,72.217],[129.242,72.134],[129.459,72.142],[129.489,72.128],[129.333,72.091],[129.22,72.086],[129.128,72.101],[129.048,72.077],[128.934,72.073],[128.775,72.148],[128.494,72.203],[128.494,72.22],[128.57,72.244],[128.529,72.259],[128.15,72.317],[127.859,72.429],[127.666,72.43],[127.864,72.332],[127.747,72.326],[127.78,72.306],[127.912,72.291],[128.103,72.234],[128.192,72.228],[128.249,72.205],[128.31,72.151],[128.442,72.1],[128.453,72.093],[128.443,72.042],[128.453,72.024],[128.489,72.021],[128.528,71.98],[128.624,71.963],[128.67,71.894],[128.664,71.863],[128.784,71.827],[128.927,71.739],[129.139,71.784],[129.184,71.809],[129.189,71.833],[129.097,71.908],[129.067,71.967],[129.023,72.004],[129.041,72.019],[129.287,71.883],[129.303,71.864],[129.295,71.832],[129.31,71.804],[129.544,71.723],[129.486,71.719],[129.305,71.761],[129.095,71.712],[128.908,71.708],[128.83,71.679],[128.82,71.658],[128.875,71.597],[129.146,71.613],[129.249,71.55],[129.236,71.497],[129.314,71.466],[129.392,71.347],[129.463,71.307],[129.653,71.261],[129.712,71.217],[129.719,71.171],[129.763,71.148],[129.708,71.11],[129.626,71.086],[129.866,71.11],[129.941,71.093],[129.92,71.066],[130.08,71.083],[130.16,71.052],[130.162,71.022],[130.222,70.994],[130.216,70.979],[130.167,70.969],[130.468,70.927],[130.496,70.887],[130.62,70.866],[130.699,70.888],[130.722,70.963],[130.769,70.978],[130.826,70.923],[130.843,70.88],[130.891,70.845],[130.888,70.763],[131.042,70.739],[131.226,70.75],[131.394,70.807],[131.546,70.887],[131.771,71.1],[131.761,71.135],[131.866,71.149],[131.868,71.173],[131.827,71.182],[131.851,71.208],[131.99,71.229],[132.188,71.216],[131.942,71.267],[131.949,71.293],[132.04,71.389],[132.092,71.498],[132.264,71.682],[132.539,71.884],[132.718,71.946],[132.914,71.948],[133.066,71.971],[133.179,71.958],[133.341,71.886],[133.354,71.834],[133.303,71.88],[133.156,71.94],[133.031,71.955],[132.939,71.935],[132.932,71.911],[132.796,71.911],[132.775,71.88],[132.813,71.831],[132.715,71.811],[132.715,71.777],[132.73,71.769],[132.985,71.72],[133.08,71.643],[133.1,71.607],[133.152,71.579],[133.426,71.49],[133.65,71.437],[133.909,71.399],[134.168,71.371],[134.489,71.377],[134.609,71.403],[134.745,71.361],[134.651,71.297],[134.669,71.264],[134.696,71.309],[134.77,71.367],[134.697,71.421],[134.778,71.429],[134.78,71.461],[134.81,71.482],[135.033,71.539],[135.119,71.516],[135.207,71.552],[135.32,71.531],[135.423,71.531],[135.411,71.548],[135.341,71.566],[135.422,71.593],[135.622,71.623],[135.985,71.635],[136.303,71.583],[136.444,71.576],[136.516,71.558],[136.513,71.518],[136.556,71.509],[136.547,71.477],[136.662,71.529],[136.775,71.523],[136.919,71.454],[137.268,71.393],[137.239,71.367],[137.284,71.36],[137.356,71.374],[137.403,71.354],[137.492,71.347],[137.445,71.313],[137.485,71.298],[137.403,71.285],[137.532,71.246],[137.616,71.247],[137.705,71.285],[137.671,71.251],[137.739,71.251],[137.692,71.221],[137.526,71.22],[137.766,71.168],[137.764,71.142],[137.813,71.12],[137.859,71.123],[137.91,71.149],[137.973,71.141],[137.945,71.127],[137.977,71.119],[138.074,71.134],[138.065,71.15],[137.994,71.191],[137.918,71.203],[137.842,71.182],[137.848,71.205],[137.739,71.229],[137.831,71.254],[137.969,71.225],[138.067,71.225],[138.104,71.249],[138.184,71.245],[138.24,71.278],[137.992,71.292],[137.996,71.302],[138.15,71.333],[138.267,71.313],[138.363,71.319],[138.305,71.339],[138.01,71.339],[137.931,71.361],[137.966,71.38],[137.887,71.367],[137.829,71.387],[138.015,71.474],[138.039,71.559],[138.099,71.581],[138.5,71.613],[138.404,71.58],[138.438,71.539],[138.577,71.552],[138.595,71.583],[138.555,71.607],[138.677,71.644],[138.756,71.643],[138.877,71.6],[139.045,71.569],[139.089,71.49],[139.158,71.449],[139.116,71.429],[139.192,71.415],[139.346,71.422],[139.443,71.495],[139.588,71.495],[139.718,71.457],[139.857,71.494],[140.033,71.472],[140.026,71.492],[139.98,71.504],[140.001,71.525],[139.836,71.59],[139.735,71.672],[139.699,71.765],[139.708,71.777],[139.692,71.792],[139.743,71.845],[139.809,71.861],[139.71,71.871],[139.574,71.933],[139.336,71.95],[139.428,71.963],[139.635,71.955],[139.682,71.97],[139.712,71.998],[139.702,72.059],[139.716,72.083],[139.832,72.138],[139.874,72.178],[140.028,72.149],[140.132,72.154],[140.219,72.186],[140.197,72.214],[139.561,72.232],[139.432,72.183],[139.556,72.175],[139.533,72.164],[139.257,72.179],[139.28,72.153],[139.35,72.134],[139.192,72.163],[139.096,72.227],[139.094,72.248],[139.167,72.328],[139.329,72.423],[139.384,72.429],[139.542,72.498],[139.845,72.503],[140.073,72.479],[140.577,72.496],[140.878,72.538],[140.934,72.568],[141.111,72.587],[140.933,72.601],[140.988,72.635],[140.98,72.642],[141.011,72.668],[141.013,72.691],[140.992,72.709],[140.664,72.809],[140.659,72.834],[140.583,72.867],[140.594,72.893],[140.726,72.899],[141.273,72.866],[141.39,72.843],[141.551,72.774],[142.232,72.702],[142.543,72.718],[143.091,72.689],[143.487,72.7],[143.707,72.667],[144.304,72.642],[144.569,72.609],[145.41,72.556],[145.714,72.496],[146.125,72.47],[146.41,72.427],[146.484,72.402],[146.854,72.354],[146.792,72.331],[145.688,72.364],[145.353,72.347],[145.277,72.395],[145.204,72.402],[145.17,72.421],[145.092,72.4],[145.036,72.427],[144.943,72.438],[144.851,72.424],[144.708,72.374],[144.521,72.225],[144.342,72.294],[144.263,72.292],[144.207,72.267],[144.105,72.278],[144.194,72.244],[144.211,72.222],[144.478,72.17],[144.623,72.181],[144.675,72.213],[144.752,72.233],[144.951,72.242],[145.069,72.264],[146.929,72.313],[146.893,72.271],[146.776,72.228],[146.495,72.066],[146.244,71.987],[145.973,71.856],[145.94,71.857],[145.942,71.888],[145.999,71.939],[145.987,71.967],[146.003,71.992],[145.993,72.03],[146.033,72.044],[146.107,72.039],[146.347,72.128],[146.237,72.155],[146.235,72.172],[146.079,72.17],[146.047,72.157],[146.066,72.123],[145.968,72.071],[145.935,72.1],[145.962,72.127],[145.942,72.155],[145.849,72.162],[145.839,72.183],[145.907,72.203],[145.88,72.219],[145.692,72.257],[145.613,72.244],[145.75,72.21],[145.723,72.162],[145.621,72.08],[145.674,72.033],[145.791,72.028],[145.818,71.963],[145.806,71.929],[145.748,71.91],[145.567,71.906],[145.329,71.871],[145.256,71.907],[145.022,71.954],[144.971,71.98],[144.956,71.935],[144.974,71.914],[145.216,71.843],[145.196,71.813],[145.102,71.801],[145.029,71.771],[144.927,71.783],[144.886,71.771],[144.921,71.743],[144.901,71.733],[144.893,71.675],[144.953,71.702],[144.986,71.7],[145.011,71.682],[145.003,71.675],[145.078,71.696],[145.181,71.675],[145.251,71.687],[145.333,71.661],[145.57,71.741],[145.73,71.73],[145.923,71.776],[146.036,71.786],[146.157,71.821],[146.259,71.879],[146.365,71.906],[146.384,71.939],[146.469,71.97],[146.619,72.075],[146.67,72.087],[147.105,72.306],[147.196,72.33],[147.33,72.324],[147.434,72.34],[147.665,72.326],[147.747,72.339],[148.402,72.311],[148.965,72.251],[149.611,72.148],[149.725,72.121],[149.951,72],[150.067,71.922],[150.074,71.894],[150.056,71.867],[149.67,71.771],[149.369,71.904],[149.286,71.881],[149.327,71.874],[149.304,71.855],[149.211,71.826],[149.149,71.771],[149.106,71.767],[148.834,71.812],[148.891,71.775],[149.039,71.758],[149.01,71.734],[149.005,71.703],[148.866,71.695],[148.827,71.675],[149.003,71.668],[149.102,71.703],[149.772,71.648],[149.953,71.67],[149.985,71.641],[150.102,71.595],[150.006,71.572],[150.012,71.6],[149.952,71.592],[149.939,71.574],[149.965,71.529],[149.868,71.497],[149.868,71.462],[150.117,71.516],[150.277,71.521],[150.327,71.511],[150.307,71.504],[150.327,71.499],[150.418,71.518],[150.635,71.515],[150.671,71.49],[150.67,71.466],[150.626,71.429],[150.554,71.403],[150.515,71.346],[150.21,71.28],[150.037,71.228],[150.03,71.216],[150.047,71.21],[150.145,71.221],[150.28,71.278],[150.409,71.285],[150.657,71.39],[150.739,71.394],[150.66,71.357],[150.626,71.298],[150.595,71.278],[150.825,71.367],[151.033,71.394],[151.145,71.366],[151.492,71.333],[151.591,71.31],[151.767,71.223],[151.753,71.21],[151.799,71.181],[151.906,71.142],[151.989,71.087],[152.104,71.05],[152.137,71.017],[152.134,70.998],[152.061,70.983],[151.657,70.991],[151.681,70.976],[151.969,70.945],[152.211,70.881],[152.505,70.848],[152.549,70.827],[152.541,70.791],[152.613,70.835],[152.99,70.835],[153.311,70.858],[153.327,70.861],[153.315,70.873],[153.348,70.883],[153.618,70.883],[153.664,70.861],[153.93,70.894],[154.239,70.965],[155.48,71.062],[155.522,71.045],[155.495,71.004],[155.53,70.976],[155.546,71.019],[155.605,71.066],[155.936,71.099],[157.586,71.075],[157.989,71.048],[158.369,70.981],[158.524,70.969],[159.238,70.829],[159.689,70.671],[159.843,70.582],[160.025,70.419],[160.094,70.31],[160.106,70.264],[160.088,70.238],[159.994,70.192],[159.938,70.128],[159.738,70.146],[159.689,70.134],[159.797,70.106],[159.915,70.099],[159.851,70.055],[159.863,69.993],[159.761,69.962],[159.692,69.911],[159.689,69.891],[159.763,69.839],[159.73,69.839],[159.801,69.807],[159.769,69.762],[159.862,69.79],[160.169,69.703],[160.189,69.702],[160.141,69.729],[160.256,69.719],[160.312,69.7],[160.319,69.654],[160.516,69.687],[160.848,69.635],[160.915,69.647],[161.006,69.577],[160.959,69.54],[160.921,69.462],[161.023,69.296],[161.004,69.246],[161.039,69.195],[161.036,69.163],[160.963,69.106],[161.059,69.07],[161.287,69.044],[161.39,69.006],[161.415,68.982],[161.394,68.943],[161.299,68.873],[161.279,68.831],[161.219,68.792],[161.21,68.692],[161.147,68.653],[161.107,68.605],[161.032,68.56],[160.758,68.564],[160.779,68.539],[160.821,68.527],[161.047,68.534],[161.134,68.561],[161.257,68.666],[161.347,68.701],[161.29,68.754],[161.319,68.79],[161.574,68.921],[161.559,69.03],[161.484,69.092],[161.48,69.123],[161.449,69.154],[161.466,69.182],[161.399,69.221],[161.463,69.287],[161.415,69.331],[161.484,69.345],[161.436,69.38],[161.6,69.428],[161.703,69.496],[161.768,69.506],[161.824,69.535],[161.946,69.528],[162.026,69.551],[162.015,69.573],[162.03,69.584],[162.196,69.626],[162.172,69.633],[162.19,69.65],[162.299,69.652],[162.328,69.68],[162.327,69.702],[162.408,69.677],[162.621,69.682],[162.769,69.654],[163.023,69.685],[163.165,69.721],[163.304,69.72],[163.478,69.688],[163.585,69.684],[163.773,69.694],[164.027,69.774],[164.108,69.759],[164.136,69.726],[164.237,69.683],[164.439,69.621],[164.834,69.567],[165.269,69.598],[165.675,69.596],[165.946,69.558],[166.075,69.523],[166.63,69.534],[166.693,69.515],[166.678,69.496],[166.894,69.496],[167.51,69.695],[167.674,69.772],[167.802,69.775],[167.938,69.722],[168.083,69.709],[167.978,69.683],[167.926,69.654],[168.22,69.568],[168.254,69.544],[168.24,69.462],[168.192,69.38],[168.233,69.336],[168.244,69.276],[168.288,69.243],[168.372,69.221],[168.658,69.214],[168.851,69.188],[169.152,69.106],[169.304,69.098],[169.371,69.077],[169.42,69.024],[169.435,68.887],[169.454,68.845],[169.524,68.805],[169.625,68.777],[170.351,68.828],[170.494,68.8],[170.625,68.749],[170.549,68.793],[170.536,68.811],[170.564,68.825],[170.459,68.832],[170.44,68.845],[170.449,68.863],[170.633,68.918],[170.66,68.914],[170.653,68.886],[170.728,68.822],[170.708,68.876],[170.715,68.91],[170.68,68.94],[170.894,68.993],[170.979,69.056],[171.05,69.028],[171.159,69.044],[171.028,69.055],[170.98,69.144],[170.9,69.171],[170.897,69.194],[170.93,69.234],[170.913,69.304],[170.859,69.347],[170.749,69.391],[170.732,69.457],[170.687,69.476],[170.668,69.54],[170.606,69.59],[170.51,69.602],[170.286,69.579],[170.18,69.585],[170.161,69.613],[170.232,69.689],[170.592,69.765],[170.55,69.804],[170.56,69.89],[170.523,69.938],[170.539,70.007],[170.529,70.03],[170.553,70.058],[170.557,70.092],[170.407,70.113],[170.432,70.134],[170.482,70.142],[170.611,70.116],[171.038,70.081],[171.316,70.073],[171.994,69.993],[172.647,69.972],[172.725,69.981],[172.791,69.963],[172.799,69.929],[172.861,69.903],[173.179,69.845],[173.236,69.819],[173.181,69.802],[173.198,69.783],[173.419,69.798],[173.479,69.836],[173.403,69.877],[173.254,69.919],[173.209,69.911],[173.173,69.881],[173.161,69.9],[173.176,69.914],[173.279,69.942],[173.461,69.949],[173.702,69.887],[173.675,69.88],[173.738,69.852],[173.778,69.853],[173.743,69.873],[173.788,69.884],[173.928,69.845],[174.004,69.88],[174.071,69.887],[174.329,69.887],[175.088,69.846],[175.716,69.881],[175.725,69.871],[175.53,69.856],[175.997,69.769],[176.143,69.782],[176.159,69.803],[176.146,69.84],[176.1,69.858],[175.844,69.861],[175.782,69.885],[176.128,69.894],[176.272,69.819],[176.282,69.802],[176.243,69.799],[176.231,69.787],[176.242,69.774],[176.504,69.754],[176.735,69.675],[177.162,69.616],[177.358,69.617],[177.643,69.57],[177.683,69.551],[177.641,69.559],[177.609,69.544],[177.771,69.531],[178.212,69.443],[178.3,69.462],[178.277,69.48],[178.3,69.487],[178.365,69.487],[178.773,69.415],[178.811,69.394],[178.993,69.359],[179.068,69.325],[178.897,69.321],[178.838,69.365],[178.7,69.366],[178.666,69.383],[178.654,69.317],[178.674,69.298],[178.746,69.284],[178.862,69.298],[178.986,69.283],[179.068,69.298],[179.261,69.272],[179.959,68.996],[179.848,69.01],[179.577,69.111],[179.548,69.113],[179.572,69.093],[179.651,69.065],[179.692,69.016],[179.774,68.989],[180,68.981],[180,65.066],[179.896,65.055],[179.78,65.018],[179.713,64.953],[179.479,64.823],[179.25,64.811],[179.171,64.793],[178.912,64.715],[178.758,64.641],[178.562,64.592],[178.514,64.59],[178.486,64.611],[178.719,64.648],[178.756,64.682],[178.75,64.692],[178.668,64.699],[178.568,64.679],[178.218,64.658],[178.273,64.669],[178.241,64.689],[178.084,64.689],[177.978,64.672],[177.927,64.707],[177.625,64.72],[177.602,64.726],[177.643,64.748],[177.492,64.789],[177.503,64.803],[177.488,64.82],[177.389,64.836],[177.492,64.85],[177.433,64.929],[177.238,64.946],[177.17,65.028],[176.937,65.083],[176.813,65.076],[176.608,65.032],[176.419,65.09],[176.381,65.09],[176.395,65.064],[176.371,65.055],[176.306,65.055],[176.336,65.038],[176.444,65.042],[176.499,65.008],[176.546,65.001],[176.959,65.047],[176.992,65.011],[177.053,64.997],[177.222,64.915],[177.245,64.884],[177.224,64.864],[177.298,64.838],[177.285,64.815],[177.204,64.795],[177.026,64.774],[176.886,64.842],[176.626,64.868],[176.536,64.823],[176.436,64.811],[176.426,64.84],[176.397,64.86],[176.189,64.928],[176.111,64.925],[176.046,64.963],[175.955,64.925],[175.868,64.845],[175.715,64.794],[175.563,64.812],[175.289,64.775],[175.241,64.787],[175.186,64.771],[175.041,64.778],[174.75,64.689],[174.442,64.692],[174.519,64.67],[174.772,64.681],[175.022,64.755],[175.107,64.765],[175.278,64.751],[175.591,64.789],[175.657,64.768],[175.712,64.775],[175.925,64.848],[176.005,64.915],[176.082,64.919],[176.21,64.874],[176.317,64.767],[176.424,64.71],[176.327,64.666],[176.182,64.647],[176.145,64.628],[176.115,64.59],[176.101,64.548],[176.114,64.542],[176.121,64.57],[176.21,64.62],[176.368,64.634],[176.458,64.692],[176.582,64.674],[176.69,64.628],[176.743,64.571],[176.819,64.597],[176.855,64.643],[176.986,64.711],[177.169,64.727],[177.338,64.781],[177.492,64.768],[177.452,64.685],[177.455,64.652],[177.362,64.548],[177.387,64.492],[177.454,64.421],[177.67,64.305],[177.813,64.254],[178,64.21],[178.184,64.206],[178.075,64.254],[178.217,64.304],[178.283,64.354],[178.218,64.427],[178.184,64.411],[178.2,64.44],[178.4,64.243],[178.441,64.165],[178.589,64.035],[178.484,64.071],[178.4,64.035],[178.383,64.001],[178.492,63.987],[178.383,63.973],[178.533,63.97],[178.639,63.946],[178.66,63.963],[178.643,64.001],[178.698,63.897],[178.691,63.856],[178.74,63.737],[178.759,63.623],[178.723,63.651],[178.609,63.677],[178.589,63.671],[178.649,63.629],[178.725,63.617],[178.733,63.608],[178.705,63.596],[178.641,63.588],[178.59,63.633],[178.531,63.644],[178.506,63.637],[178.532,63.632],[178.502,63.597],[178.472,63.596],[178.46,63.623],[178.355,63.63],[178.26,63.582],[178.269,63.565],[178.372,63.522],[178.51,63.579],[178.711,63.57],[178.729,63.531],[178.718,63.521],[178.735,63.513],[178.72,63.476],[178.663,63.46],[178.595,63.411],[178.699,63.386],[178.838,63.435],[178.754,63.538],[178.759,63.582],[178.777,63.595],[178.816,63.491],[179.006,63.321],[178.848,63.404],[178.807,63.39],[178.809,63.35],[178.918,63.325],[178.931,63.294],[179.055,63.281],[179.132,63.238],[179.233,63.239],[179.386,63.161],[179.413,63.132],[179.418,63.068],[179.404,63.055],[179.311,63.061],[179.249,63.026],[179.242,63.006],[179.316,62.906],[179.471,62.885],[179.541,62.849],[179.551,62.798],[179.584,62.777],[179.609,62.706],[179.559,62.658],[179.563,62.625],[179.433,62.616],[179.41,62.547],[179.349,62.506],[179.149,62.496],[179.116,62.472],[179.113,62.448],[179.15,62.418],[179.135,62.38],[179.15,62.342],[179.074,62.287],[179.035,62.326],[178.938,62.366],[178.489,62.437],[178.061,62.541],[177.68,62.575],[177.307,62.582],[177.341,62.588],[177.266,62.616],[177.334,62.688],[177.32,62.746],[177.344,62.767],[177.43,62.77],[177.424,62.792],[177.458,62.815],[177.333,62.807],[177.252,62.733],[177.266,62.712],[177.189,62.71],[177.128,62.746],[177.153,62.778],[177.148,62.796],[176.992,62.869],[176.975,62.862],[176.998,62.794],[177.042,62.769],[176.931,62.694],[176.928,62.673],[177.05,62.584],[177.176,62.596],[177.266,62.588],[177.239,62.57],[177.015,62.55],[176.709,62.499],[176.683,62.513],[176.724,62.541],[176.662,62.535],[176.636,62.522],[176.635,62.5],[176.594,62.486],[176.598,62.474],[176.642,62.472],[176.393,62.395],[176.279,62.317],[175.633,62.191],[175.306,62.075],[175.395,62.123],[175.318,62.11],[175.258,62.169],[175.251,62.066],[175.174,62.022],[174.815,61.947],[174.765,61.917],[174.805,61.944],[174.785,61.958],[174.699,61.958],[174.6,61.985],[174.618,61.96],[174.73,61.896],[174.69,61.861],[174.49,61.815],[174.36,61.821],[174.38,61.84],[174.353,61.848],[174.285,61.814],[174.155,61.801],[174.193,61.817],[174.17,61.833],[174.073,61.842],[174.086,61.828],[174.014,61.817],[174.021,61.797],[174.061,61.776],[174.107,61.78],[174.039,61.761],[173.991,61.715],[173.924,61.704],[173.805,61.65],[173.802,61.692],[173.673,61.721],[173.6,61.754],[173.545,61.749],[173.474,61.643],[173.496,61.589],[173.481,61.555],[173.38,61.561],[173.331,61.547],[173.291,61.519],[173.309,61.492],[173.286,61.465],[173.128,61.397],[173.084,61.393],[173.002,61.415],[172.969,61.444],[172.915,61.451],[172.897,61.472],[172.826,61.469],[172.716,61.431],[172.899,61.372],[172.955,61.314],[172.895,61.278],[172.668,61.334],[172.769,61.286],[172.767,61.263],[172.7,61.248],[172.647,61.191],[172.574,61.187],[172.386,61.227],[172.338,61.211],[172.434,61.143],[172.337,61.122],[172.243,61.143],[172.263,61.115],[172.403,61.098],[172.437,61.071],[172.49,61.081],[172.476,61.056],[172.373,61.013],[172.243,61.02],[172.009,61.101],[172.161,61.027],[172.201,60.976],[172.181,60.945],[172.115,60.941],[172.084,60.887],[172.047,60.861],[172.007,60.855],[171.989,60.889],[172.004,60.936],[171.958,60.953],[171.958,60.919],[171.941,60.91],[171.962,60.855],[171.949,60.848],[171.825,60.832],[171.746,60.854],[171.663,60.817],[171.585,60.8],[171.537,60.807],[171.62,60.774],[171.633,60.745],[171.503,60.731],[171.413,60.69],[171.468,60.731],[171.415,60.785],[171.396,60.783],[171.407,60.715],[171.379,60.698],[171.372,60.643],[171.179,60.559],[171.056,60.556],[170.96,60.521],[170.811,60.512],[170.751,60.529],[170.735,60.519],[170.75,60.501],[170.811,60.498],[170.788,60.476],[170.79,60.451],[170.717,60.428],[170.639,60.423],[170.588,60.451],[170.516,60.451],[170.526,60.435],[170.581,60.434],[170.618,60.389],[170.599,60.377],[170.653,60.361],[170.662,60.332],[170.619,60.302],[170.502,60.273],[170.457,60.182],[170.401,59.966],[170.265,59.92],[170.119,59.968],[170.101,59.989],[170.119,60.019],[169.936,60.076],[169.849,60.182],[169.844,60.211],[169.975,60.232],[169.92,60.25],[169.837,60.243],[169.755,60.276],[169.708,60.348],[169.708,60.399],[169.693,60.416],[169.569,60.469],[169.264,60.55],[169.248,60.567],[169.371,60.567],[169.285,60.621],[169.214,60.629],[169.214,60.601],[169.189,60.583],[169.133,60.587],[169.167,60.567],[168.748,60.57],[168.65,60.553],[168.532,60.593],[168.28,60.596],[168.096,60.571],[167.838,60.511],[167.768,60.553],[167.75,60.535],[167.772,60.497],[167.592,60.445],[167.549,60.444],[167.48,60.468],[167.463,60.427],[167.434,60.42],[167.336,60.471],[167.374,60.406],[167.282,60.416],[167.306,60.393],[167.278,60.373],[167.192,60.355],[167.116,60.378],[167.081,60.4],[167.075,60.423],[167.025,60.428],[167.048,60.328],[166.898,60.3],[166.933,60.28],[166.932,60.259],[166.838,60.22],[166.361,59.884],[166.245,59.831],[166.11,59.827],[166.103,59.909],[166.144,59.966],[166.146,60.042],[166.175,60.12],[166.285,60.197],[166.288,60.225],[166.258,60.286],[166.276,60.331],[166.233,60.396],[166.275,60.384],[166.313,60.393],[166.363,60.451],[166.35,60.457],[166.393,60.48],[166.373,60.499],[166.322,60.471],[166.254,60.485],[166.013,60.44],[165.924,60.382],[165.941,60.366],[166.081,60.437],[166.212,60.457],[166.053,60.424],[165.967,60.365],[165.856,60.342],[165.671,60.252],[165.461,60.219],[165.445,60.259],[165.432,60.228],[165.445,60.197],[165.299,60.141],[165.229,60.097],[165.185,60.099],[165.16,60.129],[165.192,60.17],[165.162,60.169],[165.082,60.113],[164.999,60.135],[165.024,60.072],[165.044,60.068],[165.064,60.091],[165.13,60.084],[165.15,60.032],[165.212,59.991],[165.162,59.974],[165.014,59.848],[164.93,59.834],[164.839,59.787],[164.807,59.79],[164.786,59.813],[164.773,59.841],[164.786,59.861],[164.702,59.981],[164.489,60.111],[164.412,60.11],[164.377,60.075],[164.321,60.089],[164.336,60.036],[164.369,60.025],[164.339,59.992],[164.208,59.973],[164.118,59.941],[164.109,59.903],[164.19,59.854],[164.064,59.875],[164.042,59.908],[164.089,59.917],[164.205,59.998],[164.109,59.991],[164.017,60.036],[163.855,60.025],[163.875,60.047],[163.834,60.059],[163.797,60.045],[163.629,60.047],[163.638,60.004],[163.683,59.974],[163.722,59.972],[163.766,59.998],[163.794,59.991],[163.688,59.898],[163.535,59.905],[163.362,59.827],[163.378,59.814],[163.362,59.742],[163.39,59.632],[163.321,59.587],[163.247,59.587],[163.18,59.558],[163.21,59.56],[163.171,59.506],[163.278,59.451],[163.321,59.411],[163.313,59.288],[163.295,59.259],[163.244,59.238],[163.23,59.25],[163.288,59.287],[163.286,59.299],[163.133,59.291],[163.081,59.271],[163.067,59.234],[163.075,59.193],[163.219,59.151],[163.262,59.081],[163.164,59.034],[163.146,59.047],[163.176,59.073],[163.165,59.097],[163.067,59.121],[163.074,59.142],[162.958,59.162],[162.944,59.135],[162.883,59.133],[162.887,59.114],[162.969,59.052],[163.078,59.008],[163.069,58.968],[162.878,58.906],[162.92,58.972],[162.89,58.979],[162.816,58.887],[162.734,58.891],[162.677,58.874],[162.682,58.856],[162.714,58.847],[162.786,58.874],[162.788,58.832],[162.513,58.721],[162.405,58.654],[162.17,58.406],[162.047,58.206],[161.993,58.087],[162.026,57.929],[162.082,57.882],[162.215,57.822],[162.37,57.785],[162.456,57.784],[162.466,57.764],[162.355,57.689],[162.522,57.754],[162.491,57.887],[162.53,57.937],[162.69,57.97],[162.765,57.929],[162.851,57.918],[163.004,57.838],[163.219,57.813],[163.33,57.709],[163.242,57.67],[163.243,57.595],[163.164,57.562],[163.075,57.461],[162.909,57.417],[162.833,57.383],[162.8,57.346],[162.776,57.255],[162.795,57.184],[162.786,57.145],[162.86,57.051],[162.79,56.922],[162.784,56.763],[162.835,56.722],[162.967,56.704],[163.069,56.741],[163.126,56.727],[163.239,56.733],[163.226,56.721],[163.281,56.688],[163.239,56.623],[163.241,56.593],[163.278,56.564],[163.247,56.532],[163.279,56.462],[163.25,56.451],[163.353,56.322],[163.337,56.278],[163.366,56.181],[163.118,56.106],[163.053,56.028],[163.051,56.005],[162.931,56.018],[162.822,56.056],[162.754,56.108],[162.738,56.15],[162.638,56.221],[162.557,56.229],[162.707,56.271],[162.754,56.347],[162.873,56.359],[162.94,56.382],[162.944,56.406],[163,56.438],[163.085,56.461],[163.116,56.501],[163.101,56.518],[163.043,56.521],[163.02,56.538],[162.99,56.533],[162.958,56.499],[162.943,56.449],[162.91,56.426],[162.74,56.48],[162.683,56.484],[162.628,56.44],[162.573,56.427],[162.512,56.441],[162.414,56.384],[162.401,56.37],[162.526,56.326],[162.593,56.268],[162.496,56.242],[162.488,56.217],[162.142,56.129],[162.057,56.069],[162.04,56.045],[162.077,56.022],[162.018,55.976],[162.019,55.931],[161.969,55.895],[161.921,55.825],[161.925,55.794],[161.841,55.703],[161.777,55.608],[161.764,55.555],[161.748,55.376],[161.813,55.179],[161.875,55.079],[161.96,55.035],[162.047,54.956],[162.049,54.924],[162.152,54.863],[162.153,54.85],[162.107,54.825],[162.128,54.76],[162.045,54.726],[161.977,54.663],[161.817,54.591],[161.753,54.52],[161.724,54.509],[161.637,54.526],[161.312,54.49],[161.238,54.518],[161.21,54.571],[161.151,54.597],[160.892,54.571],[160.741,54.535],[160.42,54.378],[160.237,54.249],[160.161,54.235],[160.053,54.176],[160.001,54.131],[159.991,54.098],[159.902,53.982],[159.844,53.797],[159.843,53.74],[159.867,53.694],[159.818,53.66],[159.873,53.634],[159.915,53.591],[159.919,53.611],[159.873,53.666],[159.903,53.673],[159.931,53.645],[159.969,53.57],[159.96,53.497],[159.949,53.475],[159.92,53.476],[159.825,53.536],[159.791,53.516],[159.815,53.501],[159.797,53.482],[159.859,53.475],[159.876,53.4],[159.936,53.393],[159.928,53.338],[159.975,53.332],[159.969,53.31],[159.915,53.269],[159.969,53.215],[159.962,53.244],[159.98,53.266],[160.018,53.265],[160.059,53.097],[160.016,53.115],[159.963,53.113],[159.931,53.146],[159.771,53.204],[159.757,53.221],[159.763,53.242],[159.825,53.283],[159.73,53.239],[159.632,53.257],[159.478,53.229],[159.382,53.162],[159.291,53.174],[159.164,53.135],[159.003,53.077],[158.709,52.892],[158.659,52.973],[158.674,52.995],[158.592,53.062],[158.54,53.069],[158.438,53.025],[158.415,52.993],[158.454,52.983],[158.427,52.947],[158.436,52.92],[158.53,52.906],[158.483,52.94],[158.506,52.947],[158.608,52.932],[158.647,52.899],[158.606,52.878],[158.628,52.857],[158.592,52.823],[158.545,52.837],[158.565,52.796],[158.5,52.779],[158.495,52.759],[158.571,52.741],[158.599,52.714],[158.598,52.692],[158.571,52.687],[158.565,52.647],[158.5,52.621],[158.421,52.659],[158.448,52.618],[158.427,52.594],[158.461,52.575],[158.524,52.57],[158.519,52.517],[158.503,52.502],[158.53,52.488],[158.462,52.461],[158.462,52.433],[158.421,52.412],[158.503,52.433],[158.543,52.421],[158.571,52.392],[158.503,52.358],[158.558,52.313],[158.49,52.268],[158.427,52.268],[158.438,52.243],[158.39,52.226],[158.386,52.207],[158.427,52.184],[158.372,52.13],[158.319,52.13],[158.331,52.073],[158.286,52.034],[158.287,51.968],[158.131,51.851],[158.119,51.816],[158.015,51.766],[157.999,51.728],[157.918,51.661],[157.913,51.631],[157.854,51.622],[157.759,51.544],[157.713,51.55],[157.606,51.526],[157.537,51.486],[157.473,51.411],[157.488,51.391],[157.476,51.361],[157.447,51.348],[157.389,51.351],[157.352,51.33],[157.263,51.238],[156.877,51.019],[156.72,50.886],[156.67,50.864],[156.658,50.883],[156.762,50.984],[156.762,51.078],[156.708,51.088],[156.7,51.118],[156.722,51.195],[156.642,51.258],[156.547,51.279],[156.524,51.312],[156.52,51.423],[156.482,51.464],[156.501,51.775],[156.486,51.958],[156.439,52.216],[156.373,52.405],[156.303,52.481],[156.282,52.529],[156.371,52.49],[156.372,52.447],[156.42,52.472],[156.447,52.511],[156.331,52.536],[156.266,52.598],[156.111,52.935],[155.955,53.786],[155.884,53.982],[155.871,54.071],[155.728,54.427],[155.639,54.769],[155.645,54.832],[155.61,54.895],[155.551,55.284],[155.566,55.433],[155.623,55.639],[155.653,55.921],[155.684,55.994],[155.686,56.039],[155.71,56.081],[155.762,56.119],[155.742,56.127],[155.743,56.146],[155.765,56.175],[155.78,56.248],[155.811,56.291],[155.947,56.622],[156.048,56.765],[156.125,56.832],[156.17,56.836],[156.083,56.767],[156.064,56.716],[156.122,56.775],[156.208,56.826],[156.206,56.854],[156.461,56.948],[156.53,57.021],[156.536,57.088],[156.552,57.109],[156.573,57.114],[156.605,57.086],[156.656,57.076],[156.684,57.048],[157.001,57.426],[156.978,57.546],[156.931,57.658],[156.82,57.736],[156.749,57.73],[156.801,57.773],[156.981,57.857],[157.051,57.805],[157.242,57.77],[157.392,57.781],[157.47,57.804],[157.557,57.876],[157.587,57.951],[157.653,58.004],[157.64,58.025],[157.723,58.025],[157.789,57.997],[157.947,57.983],[158.225,58.025],[158.338,57.953],[158.346,57.967],[158.291,58.004],[158.295,58.025],[158.229,58.039],[158.247,58.052],[158.655,58.269],[159.024,58.415],[159.145,58.488],[159.153,58.508],[159.184,58.506],[159.237,58.468],[159.233,58.487],[159.188,58.508],[159.194,58.542],[159.402,58.678],[159.504,58.697],[159.497,58.716],[159.609,58.799],[159.62,58.826],[159.728,58.883],[159.753,58.958],[159.73,59.011],[159.792,59.068],[159.803,59.096],[160.215,59.332],[160.336,59.361],[160.446,59.455],[160.466,59.521],[160.497,59.552],[160.612,59.57],[160.668,59.595],[160.847,59.618],[161.039,59.752],[161.098,59.763],[161.192,59.83],[161.284,59.871],[161.338,59.945],[161.418,59.982],[161.467,60.032],[161.533,60.068],[161.654,60.089],[161.897,60.203],[161.936,60.236],[161.948,60.27],[161.922,60.313],[161.893,60.303],[161.939,60.417],[162.165,60.502],[162.206,60.538],[162.403,60.561],[162.502,60.621],[162.625,60.611],[162.754,60.646],[162.869,60.71],[162.891,60.732],[162.889,60.752],[162.917,60.76],[163.021,60.78],[163.099,60.755],[163.123,60.766],[163.102,60.777],[163.171,60.782],[163.194,60.805],[163.325,60.805],[163.346,60.799],[163.295,60.728],[163.315,60.722],[163.334,60.725],[163.395,60.815],[163.436,60.832],[163.615,60.869],[163.7,60.856],[163.751,60.883],[163.774,60.919],[163.734,60.939],[163.487,61.002],[163.559,61.047],[163.618,61.059],[163.631,61.082],[163.616,61.105],[163.666,61.145],[163.933,61.235],[163.951,61.301],[164.029,61.347],[164.023,61.372],[163.952,61.435],[163.848,61.453],[163.776,61.413],[163.751,61.443],[163.759,61.479],[163.846,61.58],[163.866,61.647],[163.931,61.668],[163.987,61.659],[164.045,61.683],[164.068,61.786],[164.042,61.843],[164.09,61.895],[164.073,61.996],[164.106,62.023],[164.08,62.091],[164.127,62.129],[164.105,62.168],[164.126,62.194],[164.127,62.262],[164.244,62.328],[164.418,62.353],[164.455,62.405],[164.503,62.413],[164.538,62.451],[164.739,62.46],[164.948,62.409],[165.225,62.383],[165.297,62.323],[165.316,62.324],[165.287,62.366],[165.111,62.429],[165.124,62.451],[165.387,62.466],[165.595,62.444],[165.651,62.459],[165.354,62.487],[165.11,62.485],[164.928,62.536],[164.766,62.558],[164.598,62.673],[164.447,62.689],[164.375,62.691],[164.308,62.661],[164.055,62.656],[163.908,62.584],[163.859,62.604],[163.764,62.602],[163.626,62.589],[163.476,62.545],[163.399,62.576],[163.388,62.548],[163.267,62.522],[163.25,62.508],[163.269,62.466],[163.244,62.448],[163.168,62.432],[163.177,62.419],[163.235,62.418],[163.229,62.385],[163.302,62.375],[163.37,62.34],[163.369,62.328],[163.232,62.311],[163.225,62.294],[163.241,62.285],[163.179,62.273],[163.091,62.227],[163.108,62.154],[163.15,62.113],[163.101,62.092],[163.105,62.08],[163.193,62.067],[163.148,62.038],[163.119,61.989],[163.069,61.967],[163.08,61.955],[163.067,61.936],[163.026,61.921],[163.064,61.917],[163.058,61.898],[162.977,61.8],[163.145,61.744],[163.343,61.706],[163.322,61.693],[163.327,61.658],[163.208,61.637],[163.23,61.611],[163.166,61.63],[163.112,61.616],[163.076,61.585],[163.108,61.571],[163.112,61.548],[163.017,61.517],[162.982,61.537],[162.968,61.572],[162.908,61.58],[162.909,61.609],[162.86,61.603],[162.86,61.617],[162.943,61.65],[162.931,61.675],[162.839,61.708],[162.766,61.705],[162.623,61.659],[162.631,61.637],[162.746,61.624],[162.775,61.594],[162.672,61.605],[162.539,61.652],[162.417,61.676],[162.351,61.615],[162.292,61.618],[162.328,61.59],[162.252,61.553],[162.216,61.558],[162.228,61.525],[162.215,61.513],[162.139,61.496],[162.095,61.436],[162.041,61.436],[162.061,61.417],[161.986,61.373],[161.939,61.377],[161.888,61.431],[161.889,61.385],[161.913,61.357],[161.89,61.336],[161.807,61.372],[161.802,61.317],[161.596,61.255],[161.603,61.226],[161.567,61.184],[161.471,61.196],[161.46,61.171],[161.412,61.152],[161.454,61.136],[161.446,61.121],[161.298,61.056],[161.212,61.054],[161.215,61.036],[161.182,61.014],[161.184,60.993],[160.978,60.909],[160.915,60.9],[160.902,60.86],[160.872,60.848],[160.847,60.814],[160.828,60.755],[160.796,60.747],[160.792,60.718],[160.687,60.76],[160.661,60.753],[160.636,60.716],[160.559,60.741],[160.47,60.699],[160.41,60.706],[160.443,60.743],[160.431,60.749],[160.372,60.723],[160.382,60.702],[160.358,60.659],[160.289,60.639],[160.282,60.609],[160.186,60.578],[160.154,60.576],[160.136,60.602],[160.16,60.641],[160.147,60.662],[160.22,60.665],[160.202,60.697],[160.245,60.714],[160.234,60.725],[160.251,60.735],[160.252,60.772],[160.17,60.825],[160.218,60.846],[160.254,60.825],[160.241,60.875],[160.282,60.906],[160.358,60.911],[160.353,60.945],[160.425,60.984],[160.408,61.005],[160.444,61.036],[160.372,61.043],[160.281,61.019],[160.202,61.038],[160.072,61.005],[159.998,60.963],[159.966,60.966],[159.951,60.941],[159.885,60.941],[159.899,60.916],[159.798,60.931],[159.828,60.942],[159.83,60.978],[159.968,61.059],[159.952,61.071],[160,61.106],[159.963,61.182],[159.918,61.214],[159.956,61.227],[159.943,61.244],[159.908,61.259],[159.855,61.258],[159.823,61.233],[159.776,61.242],[159.79,61.266],[159.828,61.279],[159.819,61.289],[159.909,61.294],[159.964,61.273],[159.996,61.284],[159.91,61.314],[159.972,61.339],[159.965,61.378],[160.053,61.379],[160.051,61.395],[160.107,61.43],[160.088,61.453],[160.035,61.459],[160.113,61.5],[160.217,61.512],[160.285,61.554],[160.251,61.575],[160.285,61.606],[160.26,61.625],[160.313,61.645],[160.319,61.667],[160.307,61.683],[160.259,61.69],[160.414,61.765],[160.399,61.794],[160.362,61.814],[160.4,61.831],[160.371,61.872],[160.391,61.881],[160.346,61.917],[160.346,61.945],[160.241,61.919],[160.182,61.88],[160.039,61.846],[159.967,61.759],[159.881,61.705],[159.806,61.722],[159.788,61.7],[159.726,61.702],[159.708,61.721],[159.708,61.685],[159.653,61.683],[159.577,61.653],[159.519,61.675],[159.512,61.7],[159.54,61.735],[159.537,61.785],[159.566,61.817],[159.53,61.819],[159.526,61.796],[159.485,61.793],[159.478,61.764],[159.356,61.817],[159.351,61.826],[159.392,61.834],[159.402,61.853],[159.394,61.876],[159.36,61.893],[159.118,61.917],[158.895,61.894],[158.845,61.859],[158.853,61.826],[158.837,61.821],[158.548,61.83],[158.521,61.798],[158.485,61.79],[158.403,61.822],[158.26,61.826],[158.169,61.767],[158.14,61.771],[158.08,61.734],[157.794,61.781],[157.537,61.792],[157.465,61.782],[157.393,61.746],[157.357,61.715],[157.365,61.685],[157.257,61.693],[157.028,61.651],[156.924,61.552],[156.798,61.516],[156.722,61.527],[156.67,61.516],[156.693,61.512],[156.671,61.498],[156.632,61.424],[156.624,61.371],[156.649,61.328],[156.62,61.275],[156.651,61.251],[156.655,61.197],[156.547,61.209],[156.374,61.149],[156.091,61.002],[156.045,60.973],[156.03,60.945],[156.008,60.95],[155.982,60.924],[155.964,60.933],[155.943,60.923],[155.973,60.905],[155.917,60.859],[155.923,60.833],[155.903,60.796],[155.921,60.755],[155.914,60.704],[155.83,60.729],[155.725,60.655],[155.68,60.658],[155.571,60.626],[155.541,60.592],[155.492,60.582],[155.475,60.555],[155.48,60.534],[155.432,60.515],[155.398,60.53],[155.34,60.525],[155.241,60.484],[155.138,60.411],[154.952,60.367],[154.814,60.272],[154.833,60.303],[154.804,60.289],[154.794,60.255],[154.761,60.228],[154.692,60.201],[154.51,60.025],[154.488,59.946],[154.479,59.973],[154.499,60.029],[154.564,60.094],[154.512,60.094],[154.408,60.063],[154.407,60.036],[154.467,59.968],[154.462,59.945],[154.488,59.896],[154.473,59.879],[154.398,59.848],[154.433,59.896],[154.396,59.902],[154.281,59.892],[154.221,59.87],[154.215,59.784],[154.229,59.73],[154.368,59.575],[154.286,59.624],[154.276,59.65],[154.22,59.664],[154.196,59.627],[154.197,59.583],[154.159,59.561],[154.149,59.536],[154.109,59.54],[154.075,59.509],[154.138,59.457],[154.298,59.443],[154.354,59.49],[154.357,59.526],[154.402,59.535],[154.41,59.507],[154.38,59.47],[154.427,59.421],[154.516,59.41],[154.537,59.423],[154.533,59.436],[154.436,59.484],[154.418,59.546],[154.429,59.547],[154.554,59.513],[154.644,59.543],[154.783,59.471],[154.842,59.475],[154.878,59.461],[154.963,59.496],[155.015,59.476],[155.023,59.437],[155.097,59.395],[155.167,59.379],[155.21,59.344],[155.193,59.33],[155.216,59.305],[155.158,59.296],[155.197,59.237],[155.15,59.222],[155.194,59.176],[155.056,59.192],[155.029,59.173],[154.936,59.192],[154.813,59.194],[154.785,59.156],[154.805,59.132],[154.791,59.131],[154.678,59.146],[154.573,59.2],[154.502,59.218],[154.438,59.216],[154.397,59.196],[154.333,59.192],[154.358,59.111],[154.341,59.118],[154.279,59.086],[154.192,59.101],[154.049,59.053],[153.905,59.087],[153.802,59.172],[153.692,59.185],[153.722,59.218],[153.767,59.231],[153.769,59.247],[153.697,59.226],[153.648,59.191],[153.495,59.234],[153.369,59.241],[153.348,59.154],[153.284,59.149],[153.284,59.131],[153.35,59.134],[153.356,59.116],[153.337,59.09],[153.09,59.083],[153.007,59.061],[152.989,59.029],[152.943,59.007],[152.9,58.904],[152.817,58.926],[152.732,58.909],[152.665,58.94],[152.557,58.95],[152.523,58.983],[152.431,59.009],[152.405,59.023],[152.405,59.046],[152.363,59.06],[152.339,59.055],[152.356,59.032],[152.342,59.02],[152.166,58.984],[152.157,58.927],[152.11,58.895],[152.02,58.875],[151.812,58.871],[151.717,58.849],[151.453,58.865],[151.354,58.833],[151.337,58.839],[151.359,58.856],[151.238,58.963],[151.236,58.998],[151.151,59.042],[151.088,59.102],[151.102,59.114],[151.217,59.092],[151.343,59.12],[151.438,59.17],[151.657,59.161],[151.766,59.134],[151.838,59.153],[151.924,59.138],[151.993,59.154],[152.051,59.148],[152.225,59.202],[152.322,59.207],[152.312,59.227],[152.137,59.296],[151.979,59.265],[151.901,59.303],[151.734,59.307],[151.728,59.322],[151.77,59.35],[151.705,59.39],[151.695,59.431],[151.666,59.459],[151.58,59.503],[151.516,59.509],[151.491,59.542],[151.429,59.565],[151.461,59.569],[151.451,59.577],[151.396,59.604],[151.371,59.601],[151.322,59.556],[151.063,59.579],[150.907,59.559],[150.895,59.546],[150.904,59.532],[150.938,59.519],[150.91,59.491],[150.937,59.484],[150.942,59.461],[150.926,59.448],[150.78,59.432],[150.74,59.44],[150.774,59.465],[150.766,59.484],[150.504,59.489],[150.772,59.537],[150.774,59.562],[150.601,59.541],[150.516,59.557],[150.519,59.572],[150.468,59.581],[150.457,59.613],[150.306,59.646],[150.168,59.653],[150.004,59.7],[149.598,59.758],[149.438,59.736],[149.38,59.754],[149.375,59.772],[149.327,59.759],[149.379,59.725],[149.133,59.641],[149.081,59.653],[149.041,59.643],[149.042,59.614],[149.089,59.61],[149.104,59.592],[149.081,59.56],[149.201,59.525],[149.212,59.469],[149.115,59.493],[148.968,59.452],[148.954,59.471],[148.892,59.467],[148.84,59.501],[148.856,59.531],[148.888,59.546],[148.846,59.553],[148.743,59.472],[148.72,59.421],[148.736,59.368],[148.814,59.364],[148.865,59.405],[148.875,59.399],[148.861,59.354],[148.882,59.356],[148.916,59.395],[148.99,59.375],[148.992,59.356],[148.934,59.317],[148.93,59.297],[148.964,59.273],[148.935,59.233],[148.842,59.277],[148.799,59.271],[148.788,59.236],[148.739,59.237],[148.728,59.26],[148.686,59.266],[148.59,59.242],[148.437,59.262],[148.394,59.379],[148.219,59.409],[147.845,59.377],[147.789,59.344],[147.847,59.297],[147.826,59.27],[147.739,59.262],[147.656,59.302],[147.591,59.304],[147.565,59.293],[147.546,59.238],[147.438,59.261],[147.375,59.303],[147.271,59.332],[147.231,59.332],[147.199,59.313],[147.056,59.363],[146.861,59.361],[146.72,59.382],[146.697,59.394],[146.693,59.424],[146.504,59.463],[146.44,59.46],[146.319,59.402],[146.325,59.319],[146.312,59.279],[146.333,59.259],[146.319,59.238],[146.363,59.213],[146.323,59.18],[146.205,59.205],[146.158,59.192],[146.136,59.169],[146.099,59.174],[146.05,59.139],[145.976,59.143],[145.99,59.172],[145.932,59.213],[145.825,59.241],[145.844,59.293],[145.946,59.355],[145.976,59.399],[145.957,59.417],[145.889,59.402],[145.818,59.416],[145.809,59.367],[145.693,59.412],[145.675,59.436],[145.652,59.422],[145.354,59.393],[145.229,59.408],[145.001,59.37],[144.763,59.381],[144.804,59.395],[144.613,59.395],[144.695,59.375],[144.455,59.375],[144.366,59.381],[144.448,59.381],[144.38,59.402],[144.281,59.388],[143.938,59.405],[143.904,59.423],[143.494,59.319],[143.408,59.324],[143.311,59.361],[143.165,59.381],[143.139,59.361],[143.16,59.354],[142.582,59.226],[142.262,59.125],[142.015,58.997],[141.782,58.765],[141.584,58.618],[141.249,58.477],[141.186,58.456],[141.105,58.459],[140.904,58.383],[140.74,58.271],[140.667,58.191],[140.519,57.933],[140.496,57.845],[140.346,57.787],[140.302,57.748],[140.28,57.763],[140.223,57.76],[140.035,57.713],[139.935,57.653],[139.79,57.483],[139.712,57.492],[139.621,57.467],[139.563,57.43],[139.522,57.36],[139.418,57.297],[139.38,57.308],[139.317,57.278],[139.197,57.273],[139.069,57.207],[139.026,57.14],[138.99,57.154],[138.933,57.135],[138.922,57.058],[138.885,57.019],[138.806,57.032],[138.787,57.006],[138.718,56.98],[138.662,56.978],[138.606,56.945],[138.586,56.922],[138.562,56.827],[138.582,56.785],[138.564,56.778],[138.543,56.794],[138.55,56.86],[138.454,56.839],[138.467,56.817],[138.396,56.731],[138.29,56.692],[138.262,56.654],[138.261,56.616],[138.231,56.624],[138.216,56.61],[138.148,56.604],[138.13,56.586],[138.115,56.528],[138.125,56.507],[138.175,56.472],[138.258,56.466],[138.223,56.424],[138.163,56.451],[138.069,56.438],[138.054,56.388],[137.914,56.36],[137.834,56.225],[137.776,56.211],[137.723,56.159],[137.724,56.136],[137.572,56.117],[137.5,56.063],[137.444,56.049],[137.426,56.031],[137.417,55.973],[137.391,55.946],[137.331,55.969],[137.296,55.961],[137.238,55.916],[137.156,55.888],[137.047,55.819],[137.05,55.793],[136.979,55.792],[136.91,55.771],[136.773,55.661],[136.671,55.646],[136.623,55.616],[136.566,55.623],[136.529,55.58],[136.43,55.565],[136.319,55.487],[136.308,55.425],[136.269,55.415],[136.22,55.355],[136.178,55.343],[136.162,55.318],[135.981,55.245],[135.869,55.174],[135.811,55.171],[135.706,55.115],[135.67,55.121],[135.469,55.057],[135.455,55.029],[135.339,54.981],[135.22,54.894],[135.184,54.859],[135.173,54.821],[135.265,54.722],[135.244,54.701],[135.341,54.715],[135.654,54.666],[135.68,54.65],[135.699,54.599],[135.75,54.571],[135.98,54.581],[136.207,54.621],[136.535,54.596],[136.598,54.623],[136.662,54.685],[136.677,54.674],[136.659,54.637],[136.681,54.615],[136.72,54.614],[136.776,54.651],[136.823,54.648],[136.814,54.626],[136.883,54.591],[136.807,54.516],[136.842,54.488],[136.818,54.473],[136.841,54.432],[136.807,54.424],[136.759,54.437],[136.739,54.414],[136.76,54.381],[136.752,54.365],[136.821,54.316],[136.801,54.297],[136.755,54.297],[136.752,54.284],[136.814,54.249],[136.763,54.204],[136.814,54.159],[136.769,54.08],[136.78,54.064],[136.689,54.012],[136.692,53.98],[136.659,53.935],[136.685,53.808],[136.775,53.773],[136.822,53.788],[136.842,53.829],[136.899,53.847],[137.02,53.852],[137.108,53.808],[137.143,53.814],[137.186,53.851],[137.291,54.036],[137.272,54.05],[137.157,54.044],[137.138,54.083],[137.061,54.146],[137.178,54.208],[137.261,54.227],[137.3,54.272],[137.377,54.29],[137.395,54.308],[137.451,54.318],[137.547,54.297],[137.643,54.297],[137.712,54.33],[137.736,54.321],[137.726,54.295],[137.504,54.137],[137.484,54.085],[137.45,54.089],[137.461,54.124],[137.437,54.146],[137.308,54.118],[137.294,54.077],[137.32,54.049],[137.438,54.037],[137.591,53.956],[137.636,53.968],[137.771,53.944],[137.863,53.968],[137.774,53.899],[137.679,53.878],[137.65,53.865],[137.64,53.841],[137.609,53.834],[137.566,53.771],[137.564,53.727],[137.5,53.698],[137.488,53.671],[137.345,53.665],[137.278,53.616],[137.218,53.601],[137.228,53.567],[137.335,53.529],[137.678,53.55],[137.918,53.587],[138.047,53.65],[138.15,53.673],[138.284,53.739],[138.366,53.909],[138.579,53.999],[138.585,53.977],[138.565,53.942],[138.589,53.879],[138.58,53.828],[138.379,53.684],[138.353,53.66],[138.345,53.607],[138.246,53.566],[138.247,53.533],[138.217,53.5],[138.226,53.492],[138.284,53.525],[138.439,53.514],[138.528,53.564],[138.656,53.732],[138.697,53.819],[138.682,53.875],[138.761,53.975],[138.772,54.016],[138.767,54.105],[138.665,54.077],[138.725,54.159],[138.725,54.2],[138.747,54.242],[138.734,54.266],[138.644,54.297],[138.739,54.316],[138.934,54.253],[139.302,54.191],[139.372,54.196],[139.768,54.304],[139.804,54.287],[139.795,54.239],[139.816,54.215],[139.884,54.187],[139.918,54.2],[139.908,54.189],[139.92,54.176],[140.002,54.123],[140.241,54.057],[140.226,54.012],[140.236,54.001],[140.331,53.97],[140.323,53.947],[140.252,53.891],[140.257,53.869],[140.357,53.79],[140.522,53.727],[140.54,53.672],[140.581,53.639],[140.651,53.62],[140.713,53.582],[141.098,53.475],[140.994,53.495],[140.95,53.489],[140.934,53.477],[140.931,53.436],[140.995,53.448],[141.035,53.41],[141.124,53.393],[141.118,53.375],[141.229,53.316],[141.407,53.304],[141.398,53.256],[141.358,53.221],[141.424,53.218],[141.412,53.195],[141.433,53.149],[141.375,53.123],[141.35,53.091],[141.364,53.073],[141.254,53.088],[141.186,53.05],[141.262,53.036],[141.189,52.987],[141.132,52.987],[140.967,53.062],[140.895,53.077],[140.861,53.118],[140.73,53.127],[140.707,53.111],[140.876,53.038],[140.933,53.032],[140.966,52.945],[140.994,52.926],[141.045,52.924],[141.083,52.884],[141.198,52.849],[141.261,52.852],[141.201,52.777],[141.27,52.735],[141.316,52.659],[141.281,52.579],[141.235,52.526],[141.118,52.449],[141.128,52.423],[141.186,52.351],[141.258,52.324],[141.279,52.293],[141.35,52.268],[141.402,52.226],[141.54,52.221],[141.556,52.162],[141.551,52.15],[141.494,52.172],[141.403,52.14],[141.355,52.106],[141.343,52.094],[141.364,52.084],[141.303,52.022],[141.418,51.955],[141.426,51.925],[141.28,51.88],[141.2,51.824],[141.169,51.751],[141.109,51.679],[140.988,51.659],[140.915,51.624],[140.901,51.494],[140.888,51.48],[140.823,51.48],[140.8,51.454],[140.819,51.417],[140.896,51.429],[140.874,51.372],[140.83,51.343],[140.706,51.335],[140.686,51.313],[140.714,51.261],[140.659,51.224],[140.679,51.199],[140.667,51.131],[140.704,51.092],[140.707,51.032],[140.665,51.008],[140.674,50.948],[140.6,50.928],[140.53,50.862],[140.548,50.836],[140.542,50.805],[140.481,50.747],[140.463,50.699],[140.515,50.617],[140.484,50.607],[140.442,50.53],[140.515,50.446],[140.511,50.419],[140.545,50.344],[140.515,50.295],[140.537,50.236],[140.523,50.151],[140.601,50.075],[140.686,50.103],[140.691,50.08],[140.482,49.975],[140.446,49.891],[140.415,49.875],[140.459,49.806],[140.535,49.777],[140.542,49.757],[140.507,49.692],[140.561,49.575],[140.521,49.527],[140.518,49.491],[140.454,49.421],[140.436,49.294],[140.336,49.288],[140.35,49.273],[140.39,49.275],[140.346,49.229],[140.35,49.198],[140.377,49.206],[140.359,49.174],[140.377,49.144],[140.356,49.096],[140.295,49.088],[140.336,49.068],[140.344,49.047],[140.219,49.014],[140.264,49.012],[140.274,49],[140.248,48.976],[140.283,48.976],[140.281,48.965],[140.301,48.965],[140.297,48.98],[140.321,49.009],[140.359,49.021],[140.371,49],[140.398,48.993],[140.352,48.91],[140.254,48.848],[140.213,48.767],[140.186,48.65],[140.193,48.581],[140.172,48.568],[140.193,48.53],[140.177,48.462],[140.072,48.399],[140.035,48.328],[139.951,48.305],[139.767,48.188],[139.652,48.069],[139.507,47.961],[139.39,47.904],[139.262,47.788],[139.212,47.704],[139.206,47.664],[139.151,47.622],[139.065,47.496],[139.037,47.401],[138.99,47.363],[138.969,47.318],[138.891,47.305],[138.563,47.03],[138.513,46.941],[138.502,46.866],[138.41,46.781],[138.349,46.664],[138.356,46.594],[138.345,46.549],[138.202,46.454],[138.113,46.289],[138.1,46.228],[138.034,46.156],[137.944,46.108],[137.938,46.074],[137.782,45.946],[137.671,45.795],[137.524,45.689],[137.397,45.624],[137.145,45.375],[137.083,45.355],[136.811,45.193],[136.78,45.108],[136.691,45.039],[136.663,45.039],[136.558,44.948],[136.553,44.895],[136.516,44.875],[136.498,44.846],[136.45,44.827],[136.444,44.785],[136.426,44.773],[136.355,44.789],[136.341,44.758],[136.307,44.744],[136.329,44.707],[136.275,44.693],[136.235,44.652],[136.228,44.57],[136.201,44.561],[136.165,44.497],[136.046,44.45],[135.999,44.456],[135.985,44.436],[135.889,44.402],[135.838,44.363],[135.841,44.329],[135.819,44.291],[135.786,44.258],[135.721,44.237],[135.705,44.198],[135.656,44.169],[135.66,44.116],[135.624,44.038],[135.541,44.004],[135.512,43.922],[135.464,43.95],[135.464,43.894],[135.485,43.894],[135.481,43.878],[135.519,43.881],[135.426,43.763],[135.275,43.689],[135.236,43.734],[135.182,43.711],[135.231,43.682],[135.224,43.645],[135.138,43.539],[135.14,43.508],[134.975,43.46],[134.956,43.436],[134.836,43.38],[134.77,43.315],[134.703,43.304],[134.587,43.229],[134.56,43.235],[134.43,43.158],[134.194,43.08],[134.108,42.996],[134.05,42.973],[133.927,42.883],[133.84,42.898],[133.73,42.845],[133.717,42.817],[133.672,42.853],[133.593,42.853],[133.572,42.826],[133.524,42.826],[133.42,42.771],[133.299,42.763],[133.237,42.744],[133.158,42.688],[133.024,42.699],[132.996,42.723],[133.038,42.743],[133.077,42.738],[133.079,42.75],[132.996,42.804],[133.011,42.819],[132.99,42.827],[132.9,42.816],[132.888,42.763],[132.865,42.748],[132.816,42.756],[132.792,42.791],[132.791,42.821],[132.757,42.832],[132.774,42.875],[132.763,42.908],[132.682,42.873],[132.695,42.86],[132.619,42.859],[132.578,42.84],[132.511,42.871],[132.503,42.924],[132.404,42.942],[132.394,42.922],[132.346,42.901],[132.36,42.86],[132.312,42.845],[132.288,42.89],[132.301,43.024],[132.291,43.045],[132.305,43.064],[132.291,43.086],[132.321,43.094],[132.318,43.12],[132.34,43.134],[132.326,43.141],[132.329,43.175],[132.357,43.171],[132.382,43.191],[132.308,43.238],[132.346,43.267],[132.356,43.286],[132.346,43.298],[132.305,43.319],[132.29,43.313],[132.282,43.279],[132.227,43.23],[132.096,43.181],[132.03,43.117],[131.93,43.07],[131.886,43.086],[131.921,43.12],[131.859,43.086],[131.85,43.1],[131.912,43.198],[131.997,43.239],[132.045,43.286],[132.052,43.315],[132.031,43.325],[131.992,43.273],[131.968,43.271],[131.978,43.292],[131.957,43.306],[131.895,43.319],[131.846,43.305],[131.826,43.318],[131.839,43.333],[131.816,43.337],[131.764,43.292],[131.75,43.225],[131.723,43.21],[131.764,43.186],[131.731,43.174],[131.695,43.202],[131.647,43.169],[131.667,43.157],[131.695,43.175],[131.683,43.149],[131.563,43.038],[131.565,42.996],[131.518,43.009],[131.5,43],[131.496,42.942],[131.394,42.945],[131.386,42.914],[131.411,42.901],[131.4,42.873],[131.459,42.884],[131.472,42.873],[131.379,42.831],[131.352,42.774],[131.3,42.793],[131.273,42.777],[131.236,42.707],[131.262,42.681],[131.224,42.661],[131.201,42.614],[131.234,42.589],[131.213,42.584],[131.22,42.555],[131.167,42.576],[131.181,42.605],[131.127,42.617],[131.12,42.667],[131.106,42.668],[131.087,42.64],[130.995,42.641],[130.89,42.6],[130.815,42.634],[130.889,42.639],[130.912,42.617],[130.932,42.618],[130.95,42.653],[130.787,42.654],[130.832,42.674],[130.825,42.699],[130.745,42.681],[130.721,42.7],[130.657,42.664],[130.661,42.643],[130.733,42.616],[130.73,42.579],[130.774,42.597],[130.873,42.528],[130.843,42.52],[130.839,42.472],[130.787,42.462],[130.704,42.295],[130.663,42.321],[130.646,42.401],[130.587,42.432],[130.531,42.53],[130.585,42.569],[130.572,42.622],[130.504,42.678],[130.404,42.678],[130.38,42.697],[130.407,42.735],[130.586,42.817],[130.735,42.824],[130.77,42.866],[130.794,42.869],[130.856,42.85],[130.992,42.849],[131.024,42.896],[131.103,42.91],[131.074,42.993],[131.078,43.032],[131.184,43.121],[131.169,43.202],[131.238,43.266],[131.248,43.344],[131.281,43.38],[131.274,43.451],[131.161,43.533],[131.192,43.589],[131.17,43.781],[131.217,43.908],[131.207,43.975],[131.218,44.016],[131.264,44.054],[131.066,44.682],[131.021,44.747],[130.972,44.776],[130.93,44.825],[130.933,44.842],[131.025,44.862],[131.052,44.909],[131.11,44.92],[131.177,44.903],[131.329,44.968],[131.434,44.961],[131.609,45.09],[131.622,45.124],[131.605,45.165],[131.628,45.198],[131.723,45.215],[131.785,45.305],[131.818,45.333],[131.853,45.338],[131.915,45.26],[131.969,45.234],[132.84,45.059],[132.921,45.028],[132.966,45.029],[133.099,45.108],[133.127,45.155],[133.098,45.244],[133.102,45.287],[133.133,45.42],[133.18,45.494],[133.375,45.573],[133.413,45.573],[133.428,45.615],[133.477,45.628],[133.457,45.649],[133.492,45.673],[133.488,45.687],[133.443,45.71],[133.471,45.729],[133.485,45.768],[133.511,45.779],[133.477,45.82],[133.514,45.879],[133.552,45.888],[133.586,45.876],[133.618,45.936],[133.658,45.935],[133.72,46.064],[133.687,46.142],[133.741,46.159],[133.794,46.214],[133.83,46.197],[133.861,46.224],[133.855,46.237],[133.902,46.259],[133.894,46.302],[133.916,46.313],[133.896,46.327],[133.874,46.32],[133.863,46.339],[133.926,46.371],[133.934,46.391],[133.9,46.427],[133.854,46.445],[133.846,46.471],[133.892,46.529],[133.902,46.574],[133.988,46.625],[134.015,46.665],[134.045,46.772],[134.017,46.819],[134.063,46.907],[134.069,46.981],[134.124,47.071],[134.197,47.085],[134.227,47.118],[134.19,47.173],[134.197,47.205],[134.154,47.258],[134.184,47.328],[134.245,47.355],[134.313,47.42],[134.415,47.439],[134.485,47.43],[134.557,47.471],[134.624,47.55],[134.683,47.588],[134.693,47.649],[134.773,47.711],[134.77,47.741],[134.676,47.824],[134.658,47.887],[134.588,47.926],[134.601,47.944],[134.559,48.01],[134.586,48.061],[134.683,48.136],[134.687,48.22],[134.719,48.263],[134.611,48.285],[134.543,48.357],[134.471,48.34],[134.386,48.381],[134.057,48.327],[133.966,48.279],[133.738,48.251],[133.67,48.19],[133.594,48.164],[133.56,48.113],[133.524,48.095],[133.301,48.101],[133.224,48.126],[133.092,48.107],[133.033,48.057],[132.941,48.027],[132.806,47.936],[132.775,47.934],[132.722,47.959],[132.675,47.951],[132.66,47.931],[132.668,47.881],[132.576,47.794],[132.574,47.74],[132.525,47.708],[132.332,47.737],[132.251,47.725],[132.162,47.69],[132.025,47.698],[131.914,47.668],[131.703,47.696],[131.603,47.662],[131.508,47.722],[131.441,47.741],[131.21,47.709],[131.104,47.677],[131.044,47.677],[130.966,47.704],[130.942,47.718],[130.942,47.821],[130.907,47.884],[130.675,48.064],[130.663,48.116],[130.675,48.136],[130.753,48.19],[130.774,48.244],[130.824,48.294],[130.822,48.334],[130.78,48.356],[130.743,48.412],[130.759,48.486],[130.716,48.499],[130.626,48.482],[130.62,48.561],[130.53,48.616],[130.674,48.871],[130.541,48.853],[130.487,48.864],[130.465,48.891],[130.44,48.897],[130.249,48.865],[130.202,48.883],[129.974,49.015],[129.926,49.026],[129.913,49.04],[129.921,49.082],[129.842,49.109],[129.842,49.167],[129.742,49.196],[129.711,49.274],[129.552,49.29],[129.532,49.322],[129.528,49.385],[129.481,49.421],[129.379,49.425],[129.373,49.37],[129.341,49.341],[129.218,49.391],[129.115,49.349],[129.067,49.362],[128.998,49.441],[128.879,49.48],[128.76,49.471],[128.754,49.502],[128.8,49.532],[128.802,49.565],[128.672,49.611],[128.629,49.575],[128.551,49.588],[128.384,49.579],[128.345,49.548],[128.268,49.559],[128.198,49.539],[128.067,49.547],[127.968,49.603],[127.921,49.581],[127.855,49.585],[127.704,49.661],[127.68,49.739],[127.644,49.767],[127.539,49.79],[127.507,49.844],[127.534,49.922],[127.494,49.973],[127.487,50.026],[127.57,50.13],[127.591,50.209],[127.355,50.299],[127.331,50.328],[127.359,50.381],[127.359,50.415],[127.289,50.466],[127.365,50.555],[127.367,50.578],[127.344,50.628],[127.289,50.675],[127.287,50.751],[127.221,50.788],[127.144,50.904],[127.032,50.972],[126.932,51.064],[126.905,51.208],[126.978,51.297],[126.972,51.324],[126.899,51.317],[126.885,51.303],[126.891,51.271],[126.87,51.252],[126.846,51.251],[126.809,51.289],[126.827,51.339],[126.898,51.362],[126.909,51.391],[126.89,51.407],[126.8,51.419],[126.793,51.459],[126.83,51.508],[126.807,51.534],[126.677,51.577],[126.724,51.636],[126.707,51.686],[126.726,51.709],[126.648,51.741],[126.439,51.998],[126.467,52.032],[126.514,52.043],[126.556,52.131],[126.531,52.153],[126.317,52.2],[126.312,52.228],[126.439,52.275],[126.316,52.316],[126.351,52.377],[126.276,52.463],[126.2,52.467],[126.212,52.533],[126.083,52.593],[126.028,52.566],[125.991,52.586],[125.973,52.632],[125.983,52.653],[126.069,52.68],[126.035,52.727],[126.104,52.754],[126.088,52.775],[126.018,52.782],[125.977,52.765],[125.867,52.849],[125.864,52.889],[125.837,52.907],[125.646,52.885],[125.661,52.919],[125.72,52.946],[125.734,52.982],[125.65,53.023],[125.621,53.062],[125.521,53.042],[125.477,53.084],[125.127,53.207],[125.074,53.212],[124.898,53.186],[124.879,53.154],[124.896,53.118],[124.87,53.108],[124.801,53.155],[124.72,53.149],[124.688,53.194],[124.652,53.209],[124.5,53.214],[124.384,53.246],[124.343,53.272],[124.293,53.351],[124.253,53.376],[124.182,53.379],[124.122,53.353],[124.017,53.407],[123.971,53.455],[123.85,53.495],[123.702,53.51],[123.614,53.563],[123.542,53.514],[123.52,53.52],[123.547,53.541],[123.514,53.562],[123.495,53.56],[123.482,53.518],[123.34,53.561],[123.253,53.568],[123.154,53.513],[123.003,53.507],[122.86,53.474],[122.471,53.465],[122.402,53.451],[122.317,53.496],[122.169,53.469],[122.082,53.43],[121.889,53.431],[121.641,53.385],[121.512,53.33],[121.341,53.324],[121.203,53.277],[121.055,53.29],[120.874,53.28],[120.826,53.262],[120.824,53.235],[120.714,53.185],[120.615,53.097],[120.45,53.008],[120.28,52.866],[120.033,52.761],[120.053,52.693],[120.033,52.659],[120.034,52.625],[120.079,52.59],[120.176,52.584],[120.261,52.611],[120.454,52.639],[120.724,52.542],[120.69,52.439],[120.626,52.347],[120.655,52.299],[120.758,52.237],[120.754,52.194],[120.784,52.158],[120.771,52.141],[120.779,52.118],[120.697,52.049],[120.706,51.98],[120.648,51.911],[120.566,51.905],[120.541,51.883],[120.493,51.876],[120.465,51.84],[120.319,51.776],[120.166,51.669],[120.1,51.66],[120.057,51.596],[120.053,51.552],[119.977,51.487],[119.983,51.442],[119.953,51.398],[119.895,51.384],[119.916,51.331],[119.82,51.275],[119.806,51.244],[119.815,51.216],[119.762,51.215],[119.758,51.199],[119.785,51.172],[119.758,51.158],[119.765,51.142],[119.741,51.072],[119.71,51.062],[119.71,51.039],[119.683,51.016],[119.604,50.978],[119.518,50.905],[119.528,50.867],[119.497,50.836],[119.515,50.792],[119.497,50.737],[119.443,50.685],[119.392,50.672],[119.374,50.643],[119.294,50.599],[119.251,50.505],[119.265,50.483],[119.244,50.446],[119.207,50.415],[119.155,50.411],[119.138,50.393],[119.141,50.377],[119.181,50.37],[119.175,50.356],[119.357,50.341],[119.366,50.311],[119.334,50.276],[119.344,50.142],[119.316,50.093],[119.209,50.015],[119.092,49.987],[118.99,49.979],[118.924,49.992],[118.741,49.953],[118.644,49.955],[118.521,49.894],[118.477,49.836],[118.394,49.82],[118.373,49.786],[118.229,49.729],[118.188,49.681],[117.894,49.547],[117.874,49.513],[117.759,49.513],[117.473,49.614],[117.253,49.622],[117.058,49.673],[116.722,49.802],[116.575,49.922],[116.218,50.014],[116.054,49.998],[115.716,49.878],[115.578,49.894],[115.388,49.891],[115.21,49.972],[115.063,50.078],[114.997,50.144],[114.754,50.236],[114.66,50.251],[114.473,50.234],[114.286,50.277],[114.2,50.256],[114.055,50.184],[113.973,50.161],[113.85,50.081],[113.752,50.079],[113.58,50.02],[113.183,49.802],[113.087,49.687],[113.061,49.596],[112.947,49.576],[112.777,49.501],[112.701,49.491],[112.584,49.526],[112.473,49.534],[112.03,49.412],[111.661,49.396],[111.479,49.343],[111.338,49.365],[111.274,49.323],[111.139,49.292],[110.966,49.207],[110.731,49.138],[110.604,49.145],[110.451,49.195],[110.371,49.242],[110.268,49.177],[110.181,49.162],[109.818,49.228],[109.729,49.266],[109.516,49.256],[109.474,49.269],[109.451,49.306],[109.411,49.303],[109.287,49.339],[109.161,49.347],[109.033,49.328],[108.93,49.349],[108.538,49.327],[108.335,49.436],[108.236,49.532],[108.106,49.554],[108.016,49.602],[108.005,49.618],[108.016,49.656],[107.927,49.67],[107.956,49.746],[107.93,49.851],[107.953,49.897],[107.947,49.933],[107.808,49.944],[107.729,49.972],[107.364,49.976],[107.305,50.01],[107.225,49.997],[107.192,50.006],[107.057,50.074],[106.974,50.196],[106.788,50.292],[106.657,50.327],[106.44,50.328],[106.222,50.292],[106.135,50.327],[106.056,50.334],[106.039,50.371],[105.985,50.4],[105.779,50.429],[105.639,50.422],[105.329,50.476],[105.241,50.458],[105.106,50.39],[104.902,50.39],[104.79,50.353],[104.672,50.348],[104.61,50.314],[104.406,50.301],[104.269,50.229],[104.198,50.17],[104.122,50.148],[104.04,50.141],[103.785,50.186],[103.668,50.131],[103.601,50.134],[103.439,50.193],[103.277,50.198],[103.202,50.297],[103.13,50.309],[102.927,50.303],[102.763,50.375],[102.618,50.399],[102.587,50.415],[102.513,50.504],[102.472,50.525],[102.328,50.546],[102.303,50.564],[102.272,50.621],[102.276,50.65],[102.329,50.719],[102.308,50.748],[102.217,50.799],[102.203,50.829],[102.239,50.912],[102.215,50.938],[102.23,50.979],[102.147,51.098],[102.15,51.185],[102.135,51.24],[102.193,51.307],[102.075,51.375],[101.974,51.387],[101.902,51.417],[101.822,51.414],[101.724,51.451],[101.644,51.45],[101.526,51.476],[101.35,51.45],[101.242,51.515],[101.117,51.528],[100.511,51.727],[100.006,51.732],[99.918,51.749],[99.71,51.881],[99.557,51.891],[99.324,51.934],[99.233,51.994],[98.995,52.058],[98.962,52.113],[98.928,52.13],[98.886,52.129],[98.856,52.107],[98.839,52.025],[98.8,51.993],[98.777,51.93],[98.683,51.819],[98.619,51.781],[98.332,51.718],[98.228,51.583],[98.234,51.517],[98.22,51.475],[98.111,51.485],[98.04,51.457],[97.923,51.318],[97.929,51.215],[97.87,51.087],[97.806,51.001],[97.809,50.97],[97.836,50.941],[97.985,50.847],[97.99,50.836],[97.947,50.796],[97.944,50.774],[98.038,50.623],[98.136,50.571],[98.251,50.551],[98.293,50.519],[98.298,50.46],[98.266,50.401],[98.262,50.284],[98.106,50.064],[98.048,50.023],[97.906,49.973],[97.83,49.923],[97.756,49.961],[97.567,49.917],[97.581,49.878],[97.574,49.848],[97.343,49.734],[97.262,49.726],[97.153,49.75],[97.12,49.794],[97.057,49.813],[96.969,49.887],[96.702,49.914],[96.585,49.858],[96.503,49.922],[96.346,49.889],[96.236,49.949],[96.056,49.999],[95.946,49.939],[95.923,49.945],[95.867,50.015],[95.828,50.02],[95.788,50.012],[95.721,49.959],[95.584,49.937],[95.501,49.887],[95.355,49.948],[95.076,49.946],[95.028,49.963],[94.981,50.025],[94.922,50.046],[94.603,50.02],[94.509,50.11],[94.492,50.152],[94.392,50.186],[94.354,50.224],[94.332,50.301],[94.328,50.404],[94.259,50.558],[93.536,50.585],[93.422,50.609],[93.105,50.599],[93.011,50.623],[92.973,50.694],[92.962,50.778],[92.921,50.792],[92.796,50.788],[92.76,50.771],[92.735,50.705],[92.65,50.674],[92.612,50.688],[92.555,50.743],[92.443,50.786],[92.4,50.851],[92.361,50.868],[92.302,50.843],[92.294,50.791],[92.243,50.72],[92.159,50.689],[91.9,50.707],[91.75,50.684],[91.653,50.64],[91.576,50.562],[91.475,50.536],[91.416,50.461],[91.26,50.467],[91.13,50.426],[91.012,50.425],[90.84,50.321],[90.727,50.292],[90.713,50.238],[90.684,50.216],[90.475,50.215],[90.425,50.187],[90.344,50.175],[90.223,50.114],[90.021,50.071],[89.996,49.993],[89.969,49.967],[89.866,49.943],[89.668,49.927],[89.624,49.903],[89.615,49.842],[89.644,49.819],[89.626,49.788],[89.702,49.753],[89.713,49.735],[89.702,49.72],[89.442,49.644],[89.372,49.582],[89.339,49.581],[89.216,49.634],[89.187,49.622],[89.178,49.598],[89.216,49.545],[89.195,49.522],[88.975,49.456],[88.908,49.536],[88.868,49.538],[88.855,49.474],[88.871,49.436],[88.696,49.447],[88.616,49.493],[88.539,49.467],[88.379,49.476],[88.2,49.454],[88.162,49.43],[88.116,49.357],[88.148,49.297],[88.144,49.271],[87.957,49.169],[87.816,49.166]]],[[[22.767,54.356],[22.698,54.343],[19.68,54.437],[19.61,54.457],[19.734,54.526],[19.9,54.667],[19.9,54.688],[19.962,54.773],[19.921,54.89],[19.941,54.934],[19.977,54.965],[20.034,54.948],[20.206,54.958],[20.366,54.946],[20.482,54.976],[20.634,55.049],[20.822,55.181],[20.925,55.283],[20.99,55.27],[20.913,55.233],[20.835,55.152],[20.688,55.051],[20.531,54.965],[20.558,54.941],[20.764,54.948],[20.86,54.911],[20.969,54.9],[21.056,54.914],[21.091,54.902],[21.23,54.939],[21.243,54.961],[21.219,55.013],[21.183,55.202],[21.202,55.214],[21.259,55.205],[21.268,55.249],[21.375,55.29],[21.504,55.194],[21.605,55.192],[21.751,55.128],[21.943,55.078],[22.003,55.093],[22.028,55.044],[22.05,55.034],[22.1,55.03],[22.143,55.055],[22.251,55.071],[22.436,55.058],[22.541,55.076],[22.581,55.058],[22.633,54.958],[22.716,54.951],[22.752,54.931],[22.749,54.91],[22.821,54.885],[22.844,54.832],[22.833,54.779],[22.725,54.723],[22.727,54.705],[22.701,54.68],[22.708,54.636],[22.682,54.57],[22.68,54.453],[22.767,54.356]]],[[[33.629,46.125],[33.66,46.148],[33.67,46.218],[33.716,46.196],[33.802,46.203],[34.105,46.095],[34.236,46.098],[34.334,46.07],[34.362,46.056],[34.411,45.988],[34.465,45.955],[34.504,45.951],[34.53,45.981],[34.689,45.974],[34.763,45.932],[34.784,45.899],[34.789,45.804],[34.81,45.785],[34.871,45.773],[34.952,45.722],[35.002,45.729],[35.332,45.371],[35.481,45.298],[35.716,45.341],[35.833,45.471],[35.858,45.469],[35.854,45.414],[35.986,45.363],[36.022,45.368],[36.069,45.43],[36.118,45.457],[36.252,45.461],[36.284,45.477],[36.307,45.461],[36.299,45.443],[36.341,45.457],[36.412,45.436],[36.491,45.443],[36.533,45.409],[36.583,45.427],[36.614,45.409],[36.638,45.351],[36.586,45.334],[36.502,45.347],[36.484,45.316],[36.491,45.292],[36.437,45.272],[36.409,45.149],[36.455,45.092],[36.44,45.067],[36.268,45.044],[36.244,45.011],[36.225,45.008],[36.048,45.049],[35.993,44.998],[35.848,44.992],[35.783,45.058],[35.706,45.095],[35.591,45.12],[35.506,45.114],[35.408,45.062],[35.401,45.025],[35.435,45.005],[35.374,44.998],[35.362,44.987],[35.367,44.943],[35.319,44.97],[35.256,44.959],[35.215,44.914],[35.154,44.901],[35.081,44.794],[35.038,44.799],[34.986,44.84],[34.89,44.818],[34.721,44.811],[34.651,44.777],[34.469,44.73],[34.38,44.631],[34.331,44.545],[34.271,44.545],[34.243,44.507],[34.182,44.493],[34.147,44.45],[34.103,44.425],[33.938,44.381],[33.852,44.402],[33.721,44.4],[33.632,44.434],[33.578,44.497],[33.518,44.491],[33.372,44.576],[33.371,44.588],[33.436,44.605],[33.572,44.621],[33.516,44.634],[33.548,44.699],[33.516,44.785],[33.56,44.85],[33.609,44.872],[33.62,44.931],[33.563,45.094],[33.537,45.117],[33.396,45.19],[33.26,45.156],[33.24,45.18],[33.174,45.197],[33.079,45.272],[32.899,45.354],[32.729,45.361],[32.663,45.32],[32.591,45.32],[32.513,45.341],[32.482,45.409],[32.525,45.458],[32.644,45.522],[32.705,45.531],[32.758,45.565],[32.828,45.562],[32.827,45.596],[32.868,45.63],[33.176,45.743],[33.181,45.755],[33.159,45.769],[33.169,45.784],[33.23,45.751],[33.265,45.754],[33.482,45.854],[33.53,45.842],[33.62,45.882],[33.659,45.859],[33.692,45.861],[33.694,45.914],[33.777,45.93],[33.682,45.958],[33.62,45.951],[33.647,45.98],[33.632,45.988],[33.644,46.015],[33.628,46.068],[33.648,46.09],[33.629,46.125]]],[[[-180,65.066],[-180,68.982],[-179.713,68.918],[-179.58,68.909],[-179.514,68.921],[-179.548,68.948],[-179.523,68.965],[-179.486,68.951],[-179.438,68.903],[-179.334,68.858],[-179.363,68.855],[-179.357,68.828],[-179.32,68.812],[-179.173,68.809],[-179.128,68.787],[-178.845,68.752],[-178.485,68.592],[-178.546,68.592],[-178.725,68.676],[-178.736,68.67],[-178.712,68.622],[-178.72,68.583],[-178.7,68.543],[-178.458,68.51],[-178.338,68.475],[-178.248,68.476],[-178.021,68.416],[-177.991,68.353],[-177.951,68.338],[-178.074,68.259],[-177.997,68.257],[-177.965,68.269],[-177.956,68.295],[-177.874,68.305],[-177.822,68.328],[-177.732,68.326],[-177.705,68.345],[-178.356,68.537],[-178.375,68.557],[-177.492,68.292],[-177.602,68.308],[-177.636,68.304],[-177.629,68.283],[-177.766,68.263],[-177.639,68.225],[-177.622,68.214],[-177.635,68.195],[-177.462,68.246],[-177.338,68.245],[-177.174,68.199],[-177.259,68.211],[-177.265,68.202],[-177.225,68.173],[-177.245,68.167],[-177.219,68.14],[-177.067,68.153],[-177.108,68.167],[-177.075,68.164],[-176.565,68.01],[-176.725,68.038],[-176.718,68.026],[-176.779,68.002],[-176.789,67.979],[-176.662,67.934],[-176.555,67.917],[-176.539,67.895],[-176.209,67.902],[-176.531,67.991],[-176.533,68.003],[-175.921,67.851],[-176.049,67.852],[-176.116,67.807],[-176.137,67.777],[-176.065,67.748],[-176.048,67.736],[-176.07,67.727],[-176.3,67.724],[-176.327,67.71],[-176.341,67.696],[-176.283,67.692],[-176.268,67.669],[-176.206,67.645],[-176.122,67.627],[-175.926,67.639],[-175.882,67.629],[-175.914,67.588],[-175.739,67.582],[-175.725,67.57],[-175.682,67.59],[-175.672,67.619],[-175.767,67.652],[-175.897,67.65],[-175.849,67.705],[-176.012,67.727],[-175.853,67.768],[-175.834,67.778],[-175.824,67.813],[-175.266,67.659],[-175.261,67.646],[-175.312,67.635],[-175.291,67.606],[-175.24,67.574],[-175.248,67.559],[-175.127,67.5],[-175.227,67.533],[-175.19,67.494],[-175.189,67.445],[-175.172,67.435],[-175.234,67.427],[-175.249,67.395],[-175.35,67.383],[-175.367,67.358],[-175.16,67.337],[-175.023,67.374],[-174.993,67.416],[-174.969,67.425],[-175.08,67.481],[-174.929,67.427],[-174.913,67.413],[-174.915,67.381],[-174.847,67.386],[-174.806,67.365],[-174.756,67.303],[-174.86,67.275],[-174.854,67.253],[-174.876,67.245],[-174.864,67.235],[-174.89,67.212],[-174.877,67.195],[-174.891,67.121],[-174.912,67.088],[-174.898,67.054],[-174.908,67.037],[-174.861,67.012],[-174.871,67],[-174.852,66.978],[-174.81,66.967],[-174.79,66.94],[-174.7,66.917],[-174.763,66.899],[-174.708,66.822],[-174.688,66.732],[-174.707,66.718],[-174.712,66.746],[-174.764,66.754],[-174.856,66.699],[-174.974,66.682],[-174.971,66.665],[-174.806,66.593],[-174.699,66.6],[-174.436,66.532],[-174.429,66.503],[-174.395,66.475],[-174.461,66.459],[-174.466,66.401],[-174.456,66.371],[-174.391,66.355],[-174.389,66.338],[-174.438,66.344],[-174.457,66.324],[-174.438,66.311],[-174.463,66.28],[-174.354,66.277],[-174.305,66.303],[-174.296,66.343],[-174.368,66.337],[-174.296,66.354],[-174.236,66.388],[-174.166,66.399],[-174.153,66.431],[-174.163,66.447],[-174.223,66.445],[-174.206,66.473],[-174.133,66.458],[-174.016,66.472],[-173.953,66.446],[-173.979,66.406],[-173.933,66.366],[-173.929,66.341],[-174.019,66.305],[-174.031,66.236],[-173.999,66.219],[-173.929,66.263],[-173.797,66.308],[-173.887,66.318],[-173.895,66.336],[-173.772,66.345],[-173.705,66.371],[-173.719,66.399],[-173.691,66.439],[-173.811,66.471],[-173.808,66.488],[-173.833,66.506],[-174.126,66.546],[-174.158,66.533],[-174.214,66.561],[-174.264,66.566],[-174.027,66.627],[-173.931,66.668],[-173.935,66.78],[-173.966,66.846],[-174.023,66.901],[-174.026,66.961],[-174.161,66.981],[-174.239,66.972],[-174.184,67.009],[-174.191,67.027],[-174.282,67.047],[-174.496,67.021],[-174.356,67.061],[-174.557,67.035],[-174.616,67.041],[-174.612,67.061],[-174.575,67.077],[-173.751,67.073],[-173.654,67.088],[-173.646,67.116],[-173.447,67.075],[-173.495,67.063],[-173.494,67.044],[-173.464,67.029],[-173.431,67.034],[-173.432,67.063],[-173.389,67.078],[-173.071,67.044],[-173.15,67.034],[-173.272,67.052],[-173.258,67.022],[-173.143,67],[-173.146,66.986],[-173.17,66.983],[-173.295,66.981],[-173.309,66.951],[-173.291,66.93],[-173.307,66.904],[-173.267,66.878],[-173.32,66.862],[-173.319,66.832],[-173.303,66.822],[-173.142,66.824],[-173.087,66.847],[-173.162,66.864],[-173.176,66.871],[-173.175,66.902],[-173.226,66.911],[-173.161,66.915],[-173.154,66.97],[-173.074,66.993],[-173.063,66.99],[-173.078,66.968],[-173.051,66.934],[-172.782,66.894],[-172.666,66.885],[-172.615,66.891],[-172.615,66.922],[-172.504,66.904],[-172.362,66.933],[-172.498,66.978],[-172.928,67.022],[-173.025,67.014],[-173.026,67.035],[-172.986,67.039],[-172.788,67.032],[-172.056,66.95],[-171.928,66.966],[-171.943,66.973],[-171.934,66.979],[-171.821,66.951],[-171.719,66.951],[-171.64,66.93],[-171.63,66.908],[-171.694,66.88],[-171.63,66.83],[-171.426,66.775],[-171.353,66.772],[-171.331,66.745],[-171.375,66.735],[-171.388,66.715],[-171.363,66.675],[-171.078,66.567],[-170.86,66.511],[-170.728,66.455],[-170.565,66.354],[-170.385,66.317],[-170.514,66.283],[-170.538,66.234],[-170.653,66.248],[-170.626,66.235],[-170.511,66.225],[-170.39,66.285],[-170.274,66.29],[-170.154,66.249],[-170.106,66.193],[-170.204,66.174],[-170.338,66.186],[-170.224,66.148],[-170.136,66.139],[-170.086,66.169],[-169.975,66.146],[-169.923,66.15],[-169.916,66.164],[-169.933,66.172],[-170.044,66.193],[-169.952,66.184],[-169.707,66.131],[-169.641,66.068],[-169.719,66.006],[-169.825,66.004],[-169.891,66.043],[-169.982,66.039],[-170.143,66.004],[-170.237,65.955],[-170.375,65.926],[-170.51,65.87],[-170.606,65.861],[-170.626,65.851],[-170.532,65.853],[-170.516,65.83],[-170.571,65.761],[-170.53,65.72],[-170.543,65.7],[-170.53,65.679],[-170.489,65.671],[-170.535,65.618],[-170.588,65.605],[-170.667,65.6],[-170.875,65.623],[-170.899,65.648],[-171.147,65.695],[-171.208,65.751],[-171.463,65.833],[-171.389,65.746],[-171.318,65.734],[-171.372,65.728],[-171.36,65.71],[-171.264,65.656],[-171.083,65.634],[-171.045,65.622],[-171.024,65.583],[-170.982,65.592],[-170.975,65.511],[-171.039,65.467],[-171.16,65.479],[-171.251,65.522],[-171.556,65.51],[-171.904,65.461],[-172.034,65.474],[-171.744,65.5],[-171.958,65.517],[-172.093,65.568],[-172.171,65.527],[-172.26,65.545],[-172.264,65.557],[-172.206,65.581],[-172.322,65.622],[-172.272,65.648],[-172.29,65.666],[-172.34,65.654],[-172.352,65.673],[-172.402,65.681],[-172.684,65.704],[-172.791,65.688],[-172.86,65.7],[-172.825,65.672],[-172.661,65.673],[-172.684,65.653],[-172.674,65.624],[-172.484,65.606],[-172.39,65.582],[-172.379,65.564],[-172.398,65.527],[-172.325,65.487],[-172.32,65.465],[-172.416,65.476],[-172.426,65.463],[-172.398,65.457],[-172.389,65.432],[-172.264,65.418],[-172.169,65.445],[-172.121,65.484],[-172.093,65.484],[-172.162,65.421],[-172.203,65.325],[-172.185,65.299],[-172.189,65.242],[-172.25,65.234],[-172.308,65.267],[-172.377,65.275],[-172.577,65.248],[-172.668,65.275],[-172.702,65.248],[-172.683,65.23],[-172.551,65.206],[-172.457,65.219],[-172.365,65.208],[-172.202,65.217],[-172.166,65.178],[-172.171,65.152],[-172.204,65.132],[-172.256,65.137],[-172.227,65.1],[-172.195,65.084],[-172.154,65.104],[-172.087,65.094],[-172.08,65.076],[-172.093,65.05],[-172.219,64.984],[-172.323,64.948],[-172.496,64.917],[-172.558,64.925],[-172.701,64.878],[-172.763,64.838],[-173,64.855],[-173.057,64.838],[-173.081,64.782],[-173.164,64.765],[-173.059,64.769],[-172.975,64.813],[-172.922,64.821],[-172.806,64.803],[-172.75,64.762],[-172.755,64.733],[-173.043,64.66],[-173.039,64.647],[-172.893,64.665],[-172.845,64.649],[-172.967,64.561],[-172.9,64.564],[-172.816,64.612],[-172.465,64.558],[-172.411,64.489],[-172.22,64.407],[-172.388,64.407],[-172.59,64.37],[-172.712,64.4],[-172.714,64.444],[-172.769,64.458],[-172.77,64.481],[-172.815,64.504],[-172.883,64.495],[-173.013,64.462],[-172.978,64.439],[-172.836,64.454],[-172.788,64.438],[-172.789,64.417],[-172.816,64.398],[-172.822,64.32],[-172.875,64.301],[-172.918,64.339],[-172.951,64.339],[-172.952,64.311],[-172.924,64.264],[-173.106,64.241],[-173.271,64.288],[-173.368,64.285],[-173.379,64.314],[-173.363,64.366],[-173.307,64.39],[-173.264,64.446],[-173.312,64.452],[-173.284,64.521],[-173.335,64.551],[-173.354,64.591],[-173.415,64.617],[-173.417,64.596],[-173.353,64.507],[-173.377,64.46],[-173.366,64.422],[-173.385,64.395],[-173.505,64.344],[-173.635,64.332],[-173.989,64.412],[-174.023,64.443],[-174.042,64.528],[-174.325,64.625],[-174.347,64.644],[-174.285,64.651],[-174.306,64.666],[-174.467,64.67],[-174.652,64.725],[-174.638,64.784],[-174.592,64.817],[-174.608,64.858],[-174.653,64.898],[-174.683,64.901],[-174.704,64.871],[-174.691,64.835],[-174.723,64.807],[-174.898,64.798],[-174.919,64.856],[-174.952,64.861],[-174.97,64.847],[-174.968,64.804],[-174.988,64.766],[-175.057,64.759],[-175.365,64.787],[-175.411,64.771],[-175.457,64.797],[-175.353,64.826],[-175.368,64.847],[-175.437,64.833],[-175.482,64.844],[-175.495,64.876],[-175.54,64.876],[-175.631,64.921],[-175.775,64.939],[-175.788,64.972],[-175.865,64.999],[-175.767,65.038],[-175.773,65.064],[-175.812,65.076],[-175.81,65.087],[-175.741,65.123],[-175.735,65.147],[-175.748,65.172],[-175.797,65.183],[-175.882,65.258],[-175.863,65.299],[-175.909,65.403],[-176.044,65.452],[-176.183,65.463],[-176.977,65.608],[-177.246,65.539],[-177.309,65.489],[-177.416,65.441],[-178.284,65.444],[-178.461,65.473],[-178.532,65.523],[-178.494,65.561],[-178.494,65.604],[-178.458,65.62],[-178.461,65.642],[-178.411,65.682],[-178.424,65.713],[-178.514,65.763],[-178.589,65.73],[-178.628,65.73],[-178.65,65.77],[-178.636,65.775],[-178.692,65.784],[-178.767,65.847],[-178.903,65.92],[-178.869,65.938],[-178.978,66.049],[-178.799,65.994],[-178.725,65.992],[-178.684,66.013],[-178.669,66.047],[-178.699,66.076],[-178.682,66.102],[-178.559,66.103],[-178.496,66.14],[-178.528,66.171],[-178.493,66.211],[-178.529,66.225],[-178.522,66.246],[-178.54,66.268],[-178.498,66.309],[-178.513,66.334],[-178.462,66.368],[-178.477,66.383],[-178.52,66.373],[-178.539,66.352],[-178.604,66.361],[-178.622,66.296],[-178.785,66.167],[-178.896,66.15],[-178.982,66.159],[-179.118,66.243],[-179.129,66.252],[-179.122,66.27],[-179.082,66.306],[-179.126,66.389],[-179.164,66.414],[-179.198,66.399],[-179.181,66.373],[-179.171,66.289],[-179.289,66.3],[-179.324,66.325],[-179.424,66.344],[-179.39,66.296],[-179.336,66.283],[-179.29,66.23],[-179.218,66.182],[-179.252,66.145],[-179.309,66.126],[-179.575,66.111],[-179.691,66.142],[-179.591,66.144],[-179.582,66.159],[-179.693,66.184],[-179.768,66.103],[-179.829,65.947],[-179.767,65.82],[-179.723,65.781],[-179.457,65.675],[-179.277,65.63],[-179.321,65.575],[-179.261,65.532],[-179.499,65.396],[-179.486,65.35],[-179.521,65.33],[-179.524,65.235],[-179.663,65.141],[-179.74,65.143],[-179.831,65.091],[-180,65.066]]],[[[180,71.536],[180,70.992],[179.875,70.96],[179.807,70.913],[179.667,70.875],[179.131,70.879],[178.793,70.805],[178.783,70.843],[178.623,71.038],[178.626,71.061],[178.668,71.099],[178.848,71.184],[178.869,71.21],[178.849,71.21],[178.905,71.237],[179.183,71.304],[179.44,71.392],[179.5,71.432],[179.563,71.451],[179.767,71.47],[179.753,71.484],[179.772,71.49],[179.865,71.499],[179.849,71.518],[180,71.536]]],[[[-180,70.992],[-180,71.537],[-179.863,71.539],[-179.912,71.556],[-179.736,71.586],[-179.372,71.569],[-179.327,71.555],[-179.075,71.6],[-178.395,71.541],[-178.26,71.511],[-178.342,71.518],[-178.215,71.478],[-178.148,71.485],[-178.006,71.449],[-178.054,71.429],[-178.026,71.415],[-178.04,71.408],[-177.971,71.396],[-177.718,71.305],[-177.588,71.286],[-177.514,71.293],[-177.499,71.285],[-177.506,71.269],[-177.443,71.237],[-177.508,71.174],[-177.638,71.117],[-177.819,71.085],[-177.93,71.041],[-178.207,71.038],[-178.31,71.014],[-178.876,70.981],[-178.98,70.951],[-179.342,70.908],[-179.322,70.922],[-179.364,70.93],[-179.501,70.92],[-179.666,70.965],[-179.853,70.979],[-179.908,70.997],[-180,70.992]]],[[[131.92,43.02],[131.915,42.984],[131.883,42.961],[131.837,42.961],[131.757,42.99],[131.791,42.996],[131.769,43.015],[131.791,43.017],[131.778,43.045],[131.859,43.037],[131.827,43.065],[131.92,43.02]]],[[[142.529,54.297],[142.521,54.277],[142.543,54.237],[142.587,54.247],[142.57,54.277],[142.635,54.266],[142.649,54.283],[142.625,54.327],[142.687,54.369],[142.673,54.392],[142.681,54.416],[142.723,54.426],[142.805,54.339],[142.82,54.302],[142.896,54.246],[143.013,54.119],[143,54.068],[142.927,53.975],[142.9,53.902],[142.865,53.892],[142.852,53.872],[142.917,53.874],[142.934,53.858],[143.002,53.701],[142.927,53.83],[142.89,53.813],[142.907,53.767],[142.94,53.75],[142.964,53.7],[142.988,53.694],[142.968,53.666],[143.004,53.666],[143.029,53.646],[142.996,53.626],[143.071,53.598],[143.016,53.591],[142.988,53.563],[143.043,53.536],[143.091,53.56],[143.121,53.518],[143.125,53.468],[143.083,53.474],[143.071,53.461],[143.111,53.42],[143.094,53.382],[143.183,53.399],[143.211,53.363],[143.254,53.216],[143.29,53.152],[143.327,52.936],[143.361,52.871],[143.325,52.809],[143.337,52.759],[143.331,52.604],[143.297,52.454],[143.194,52.337],[143.207,52.395],[143.198,52.426],[143.272,52.463],[143.235,52.481],[143.293,52.592],[143.255,52.595],[143.23,52.519],[143.119,52.338],[143.146,52.328],[143.167,52.344],[143.178,52.314],[143.151,52.12],[143.116,52.153],[143.098,52.104],[143.139,52.09],[143.137,52.03],[143.159,51.996],[143.149,51.968],[143.125,51.967],[143.142,51.925],[143.165,51.914],[143.163,51.874],[143.213,51.855],[143.238,51.892],[143.255,51.837],[143.31,51.754],[143.318,51.706],[143.297,51.713],[143.261,51.678],[143.235,51.614],[143.242,51.569],[143.224,51.522],[143.242,51.508],[143.273,51.521],[143.338,51.508],[143.344,51.549],[143.325,51.593],[143.365,51.645],[143.394,51.565],[143.448,51.508],[143.475,51.343],[143.427,51.371],[143.379,51.35],[143.475,51.289],[143.475,51.241],[143.495,51.233],[143.483,51.214],[143.517,51.22],[143.521,51.247],[143.495,51.309],[143.522,51.285],[143.587,51.011],[143.679,50.737],[143.702,50.605],[143.79,50.309],[144.003,50.013],[144.044,49.898],[144.126,49.747],[144.137,49.64],[144.229,49.517],[144.222,49.438],[144.283,49.25],[144.385,49.073],[144.441,49.014],[144.685,48.873],[144.708,48.794],[144.688,48.757],[144.703,48.689],[144.757,48.643],[144.677,48.656],[144.682,48.678],[144.633,48.808],[144.504,48.949],[144.434,49],[144.366,49.021],[144.29,49.07],[144.246,49.132],[144.058,49.253],[143.702,49.306],[143.687,49.322],[143.728,49.335],[143.48,49.353],[143.403,49.4],[143.259,49.393],[143.25,49.373],[143.33,49.341],[143.319,49.324],[143.331,49.314],[143.667,49.315],[143.371,49.299],[143.174,49.246],[143.07,49.185],[143.009,49.123],[142.975,49.046],[142.988,48.917],[142.793,48.563],[142.537,48.01],[142.55,47.989],[142.535,47.89],[142.545,47.767],[142.592,47.642],[142.748,47.445],[142.714,47.437],[142.735,47.424],[142.787,47.428],[142.879,47.389],[143.016,47.254],[143.043,47.149],[143.032,47.071],[143.07,47.019],[143.12,46.887],[143.12,46.875],[143.098,46.876],[143.123,46.857],[143.151,46.874],[143.174,46.863],[143.151,46.84],[143.09,46.839],[143.084,46.813],[143.136,46.78],[143.173,46.708],[143.242,46.717],[143.341,46.684],[143.39,46.708],[143.349,46.749],[143.194,46.78],[143.173,46.814],[143.197,46.841],[143.321,46.796],[143.419,46.8],[143.455,46.848],[143.478,46.828],[143.511,46.77],[143.521,46.649],[143.537,46.617],[143.526,46.586],[143.577,46.447],[143.58,46.418],[143.558,46.396],[143.626,46.375],[143.582,46.345],[143.571,46.3],[143.542,46.284],[143.523,46.238],[143.476,46.19],[143.475,46.087],[143.431,46.025],[143.413,46.085],[143.429,46.127],[143.421,46.223],[143.338,46.409],[143.351,46.433],[143.331,46.488],[143.373,46.492],[143.393,46.533],[143.369,46.555],[143.276,46.56],[143.31,46.525],[143.303,46.514],[143.235,46.566],[143.16,46.598],[143.067,46.588],[142.934,46.615],[142.797,46.594],[142.755,46.638],[142.725,46.741],[142.618,46.719],[142.529,46.684],[142.457,46.631],[142.407,46.554],[142.282,46.327],[142.246,46.168],[142.204,46.08],[142.202,46.031],[142.12,45.992],[142.085,45.901],[142.04,45.924],[141.933,46.036],[141.936,46.1],[141.899,46.279],[141.838,46.416],[141.814,46.538],[141.822,46.602],[142.057,47.054],[142.057,47.17],[142.029,47.232],[141.975,47.298],[141.991,47.37],[141.964,47.416],[141.952,47.481],[141.966,47.612],[142.093,47.856],[142.177,47.93],[142.191,47.967],[142.166,48.116],[142.174,48.151],[142.133,48.334],[142.097,48.397],[141.92,48.609],[141.873,48.689],[141.857,48.774],[141.967,48.862],[141.96,48.904],[141.996,48.943],[142.036,49.062],[142.024,49.099],[142.077,49.198],[142.063,49.315],[142.125,49.462],[142.16,49.678],[142.152,49.826],[142.125,49.898],[142.146,49.922],[142.139,49.942],[142.16,49.977],[142.174,50.086],[142.156,50.24],[142.135,50.291],[142.151,50.327],[142.146,50.364],[142.041,50.551],[142.063,50.658],[142.093,50.714],[142.097,50.822],[142.128,50.857],[142.128,50.895],[142.201,50.96],[142.25,51.031],[142.269,51.112],[142.255,51.159],[142.173,51.258],[142.179,51.314],[142.077,51.419],[142.098,51.443],[142.079,51.471],[141.943,51.559],[141.939,51.612],[141.867,51.612],[141.817,51.672],[141.703,51.724],[141.687,51.747],[141.808,51.721],[141.823,51.744],[141.81,51.755],[141.81,51.806],[141.639,51.885],[141.676,51.912],[141.645,52.085],[141.7,52.166],[141.659,52.217],[141.673,52.276],[141.642,52.318],[141.661,52.382],[141.783,52.467],[141.844,52.591],[141.81,52.604],[141.843,52.669],[141.872,52.889],[141.928,53.021],[141.913,53.073],[141.838,53.159],[141.837,53.21],[141.803,53.271],[141.817,53.303],[141.81,53.338],[141.769,53.372],[141.885,53.413],[141.957,53.456],[142.241,53.529],[142.23,53.521],[142.255,53.488],[142.242,53.454],[142.255,53.44],[142.237,53.42],[142.264,53.38],[142.327,53.365],[142.455,53.38],[142.521,53.42],[142.577,53.5],[142.625,53.526],[142.675,53.518],[142.687,53.529],[142.666,53.553],[142.586,53.576],[142.514,53.546],[142.498,53.658],[142.533,53.676],[142.587,53.666],[142.641,53.682],[142.698,53.638],[142.719,53.64],[142.804,53.707],[142.785,53.806],[142.739,53.846],[142.673,53.714],[142.604,53.698],[142.706,53.864],[142.719,53.907],[142.708,53.948],[142.468,54.146],[142.41,54.232],[142.283,54.297],[142.443,54.269],[142.529,54.297]]],[[[28.635,60.601],[28.599,60.577],[28.576,60.58],[28.561,60.629],[28.605,60.645],[28.635,60.601]]],[[[-172.243,64.816],[-172.113,64.79],[-172.043,64.751],[-172.385,64.698],[-172.501,64.704],[-172.547,64.685],[-172.633,64.684],[-172.577,64.76],[-172.461,64.828],[-172.401,64.837],[-172.243,64.816]]],[[[70.131,66.556],[70.062,66.562],[70.041,66.55],[70.097,66.539],[70.044,66.501],[69.898,66.495],[69.871,66.478],[69.545,66.591],[69.538,66.601],[69.575,66.611],[69.575,66.638],[69.425,66.768],[69.374,66.778],[69.257,66.746],[69.151,66.775],[69.131,66.797],[69.178,66.811],[69.28,66.795],[69.473,66.798],[69.517,66.739],[69.636,66.694],[69.665,66.694],[69.545,66.752],[69.54,66.764],[69.562,66.769],[69.756,66.762],[69.781,66.748],[69.754,66.742],[69.891,66.728],[69.925,66.707],[70.05,66.709],[70.086,66.69],[70.08,66.639],[70.027,66.625],[70.131,66.556]]],[[[51.3,68.495],[51.498,68.489],[51.46,68.474],[51.172,68.457],[51.097,68.425],[50.999,68.425],[50.937,68.396],[50.792,68.379],[50.872,68.428],[51.172,68.501],[51.3,68.495]]],[[[55.369,68.948],[55.442,68.94],[55.507,68.914],[55.367,68.927],[55.225,68.914],[55.369,68.948]]],[[[54.643,69.009],[54.695,68.997],[54.686,68.969],[54.603,68.955],[54.571,68.964],[54.643,69.009]]],[[[161.487,69.027],[161.518,68.98],[161.515,68.935],[161.482,68.902],[161.409,68.893],[161.477,68.975],[161.456,69.001],[161.306,69.06],[161.135,69.092],[161.127,69.235],[161.169,69.325],[161.151,69.355],[161.082,69.393],[161.066,69.417],[161.092,69.465],[161.278,69.538],[161.375,69.546],[161.389,69.462],[161.314,69.437],[161.292,69.414],[161.351,69.38],[161.351,69.332],[161.374,69.296],[161.319,69.243],[161.389,69.188],[161.392,69.102],[161.487,69.027]]],[[[161.631,69.561],[161.608,69.517],[161.627,69.483],[161.607,69.469],[161.616,69.45],[161.548,69.426],[161.361,69.414],[161.426,69.465],[161.428,69.521],[161.395,69.592],[161.454,69.602],[161.475,69.638],[161.59,69.618],[161.632,69.58],[161.631,69.561]]],[[[71.353,73.385],[71.33,73.368],[71.35,73.347],[71.343,73.331],[71.264,73.315],[71.214,73.285],[71.137,73.293],[71.149,73.301],[71.144,73.347],[71.25,73.418],[71.343,73.402],[71.353,73.385]]],[[[51.41,71.806],[51.401,71.871],[51.44,71.942],[51.61,72.092],[51.866,72.159],[51.973,72.109],[52.053,72.108],[52.049,72.085],[52.067,72.074],[52.188,72.129],[52.211,72.128],[52.191,72.102],[52.2,72.083],[52.239,72.091],[52.368,72.075],[52.409,72.086],[52.383,72.105],[52.409,72.128],[52.368,72.162],[52.49,72.164],[52.402,72.223],[52.445,72.229],[52.485,72.21],[52.465,72.231],[52.491,72.244],[52.414,72.27],[52.417,72.289],[52.588,72.264],[52.567,72.278],[52.684,72.323],[52.669,72.345],[52.6,72.355],[52.581,72.374],[52.723,72.345],[52.868,72.347],[52.69,72.367],[52.704,72.386],[52.663,72.429],[52.684,72.447],[52.82,72.45],[52.73,72.48],[52.679,72.472],[52.689,72.489],[52.73,72.511],[52.869,72.519],[52.882,72.548],[52.93,72.559],[52.91,72.573],[53.102,72.601],[52.914,72.597],[52.724,72.559],[52.752,72.593],[52.812,72.614],[52.798,72.626],[52.738,72.621],[52.755,72.638],[52.98,72.676],[53.11,72.65],[53.218,72.648],[53.006,72.683],[52.575,72.671],[52.375,72.73],[52.394,72.752],[52.468,72.762],[52.485,72.799],[52.617,72.863],[53.027,72.925],[53.308,72.878],[53.382,72.889],[53.293,72.908],[53.389,72.908],[53.396,72.93],[53.232,72.936],[53.142,72.962],[53.137,73.003],[53.153,73.014],[53.382,73.012],[53.3,73.033],[53.269,73.062],[53.184,73.07],[53.122,73.101],[53.161,73.112],[53.155,73.147],[53.17,73.162],[53.323,73.221],[53.434,73.244],[53.533,73.23],[53.753,73.299],[54.191,73.272],[54.397,73.316],[54.532,73.376],[54.935,73.425],[55.125,73.394],[55.304,73.339],[55.49,73.321],[55.758,73.328],[55.808,73.313],[55.818,73.29],[56.435,73.23],[56.56,73.166],[56.582,73.13],[55.808,73.066],[56.387,73.069],[56.466,73.052],[56.377,73.007],[56.322,72.997],[56.225,73.009],[55.616,72.964],[55.973,72.941],[56.116,72.97],[56.252,72.972],[56.22,72.908],[56.238,72.898],[56.22,72.827],[56.178,72.817],[56.138,72.782],[56.063,72.778],[55.867,72.802],[55.739,72.784],[55.481,72.806],[55.432,72.786],[55.603,72.786],[55.717,72.754],[55.811,72.758],[55.946,72.669],[55.616,72.697],[55.723,72.638],[55.623,72.621],[55.685,72.573],[55.618,72.542],[55.552,72.543],[55.457,72.582],[55.267,72.587],[55.449,72.563],[55.466,72.539],[55.543,72.527],[55.552,72.513],[55.536,72.472],[55.378,72.458],[55.152,72.463],[55.116,72.45],[55.466,72.436],[55.469,72.401],[55.487,72.395],[55.476,72.371],[55.377,72.303],[55.512,72.259],[55.52,72.237],[55.575,72.2],[55.565,72.182],[55.39,72.108],[55.343,72.066],[55.453,72.059],[55.384,72.018],[55.35,71.976],[55.39,71.943],[55.247,71.956],[55.26,71.943],[55.225,71.929],[55.398,71.922],[55.506,71.898],[55.528,71.864],[55.529,71.785],[55.672,71.611],[55.808,71.531],[55.916,71.432],[56.014,71.387],[56.071,71.28],[56.106,71.259],[56.58,71.057],[56.648,71.013],[56.864,70.953],[56.919,70.914],[57.039,70.87],[57.312,70.81],[57.467,70.818],[57.48,70.789],[57.639,70.73],[57.433,70.744],[57.539,70.705],[57.528,70.681],[57.458,70.637],[57.398,70.626],[57.452,70.606],[57.259,70.628],[57.07,70.673],[56.97,70.659],[56.776,70.711],[56.74,70.703],[56.854,70.648],[57.039,70.626],[57.152,70.638],[57.172,70.613],[57.343,70.572],[57.296,70.565],[56.721,70.641],[56.597,70.675],[56.699,70.634],[56.585,70.642],[56.494,70.695],[56.521,70.73],[56.581,70.738],[56.552,70.754],[56.459,70.746],[56.412,70.714],[56.224,70.742],[56.239,70.721],[56.322,70.703],[56.199,70.709],[56.302,70.681],[56.22,70.668],[56.238,70.653],[56.362,70.647],[56.384,70.661],[56.329,70.681],[56.434,70.676],[56.528,70.641],[56.453,70.626],[56.583,70.613],[56.655,70.59],[56.645,70.574],[56.514,70.545],[56.401,70.564],[56.501,70.559],[56.466,70.579],[56.54,70.571],[56.563,70.579],[56.535,70.597],[56.354,70.598],[56.09,70.669],[56.041,70.648],[56.159,70.629],[56.178,70.61],[56.164,70.595],[56.132,70.596],[55.966,70.661],[55.808,70.695],[55.851,70.651],[55.994,70.618],[56.048,70.585],[56.021,70.574],[55.946,70.6],[55.884,70.585],[55.818,70.613],[55.719,70.611],[55.603,70.648],[55.699,70.621],[55.726,70.626],[55.699,70.647],[55.792,70.634],[55.8,70.645],[55.783,70.669],[55.738,70.708],[55.63,70.737],[55.599,70.721],[55.694,70.699],[55.747,70.648],[55.663,70.689],[55.495,70.713],[55.405,70.75],[55.405,70.736],[55.35,70.703],[55.421,70.696],[55.473,70.654],[55.405,70.689],[55.25,70.679],[55.233,70.667],[55.236,70.651],[55.296,70.606],[55.275,70.612],[55.267,70.585],[55.207,70.581],[55.213,70.565],[55.163,70.553],[54.995,70.616],[54.986,70.634],[54.761,70.681],[54.707,70.722],[54.712,70.758],[54.59,70.779],[54.513,70.825],[54.568,70.777],[54.492,70.784],[54.479,70.736],[54.65,70.695],[54.623,70.689],[54.66,70.679],[54.734,70.67],[54.767,70.648],[54.571,70.675],[54.544,70.687],[54.548,70.703],[54.453,70.718],[54.287,70.777],[54.27,70.764],[54.294,70.744],[54.225,70.73],[54.141,70.757],[54.045,70.748],[53.855,70.822],[53.841,70.823],[53.842,70.808],[53.89,70.784],[53.798,70.806],[53.719,70.799],[53.545,70.854],[53.54,70.805],[53.407,70.85],[53.3,70.866],[53.521,70.87],[53.577,70.889],[53.669,70.837],[53.705,70.846],[53.684,70.857],[53.674,70.89],[53.738,70.948],[53.725,70.969],[53.673,71.005],[53.492,71.072],[53.502,71.094],[53.678,71.079],[53.664,71.093],[53.695,71.099],[53.904,71.055],[53.937,71.059],[53.807,71.134],[54.009,71.14],[54.068,71.12],[53.939,71.13],[53.917,71.106],[53.936,71.101],[54.078,71.1],[54.244,71.123],[54.212,71.141],[54.14,71.127],[54.063,71.136],[53.992,71.161],[54.033,71.185],[54.095,71.189],[54.057,71.209],[54.164,71.21],[54.064,71.237],[53.943,71.176],[53.801,71.21],[53.832,71.17],[53.796,71.155],[53.705,71.175],[53.725,71.189],[53.708,71.195],[53.628,71.209],[53.577,71.199],[53.451,71.264],[53.595,71.302],[53.653,71.348],[53.682,71.398],[53.889,71.422],[53.951,71.462],[53.9,71.471],[53.831,71.436],[53.576,71.391],[53.54,71.361],[53.544,71.317],[53.488,71.303],[53.413,71.312],[53.362,71.333],[53.348,71.367],[53.252,71.456],[53.321,71.473],[53.358,71.515],[53.444,71.545],[53.348,71.568],[53.206,71.51],[53.142,71.462],[53.15,71.44],[53.113,71.422],[53.097,71.453],[53.047,71.484],[53.057,71.498],[53.03,71.5],[53.007,71.483],[53.047,71.456],[53.039,71.443],[52.972,71.442],[52.968,71.405],[52.882,71.394],[52.86,71.414],[52.855,71.457],[52.821,71.47],[52.798,71.465],[52.82,71.429],[52.74,71.442],[52.718,71.49],[52.635,71.462],[52.61,71.469],[52.65,71.525],[52.644,71.546],[52.574,71.576],[52.561,71.628],[52.547,71.635],[52.521,71.628],[52.499,71.566],[52.386,71.55],[52.368,71.535],[52.416,71.477],[52.28,71.514],[52.259,71.539],[52.269,71.588],[52.142,71.545],[52.163,71.518],[52.279,71.477],[51.962,71.48],[51.84,71.456],[51.71,71.518],[51.601,71.537],[51.532,71.566],[51.55,71.614],[51.468,71.693],[51.472,71.711],[51.424,71.737],[51.41,71.806]]],[[[127.405,73.519],[127.392,73.525],[127.428,73.537],[127.52,73.546],[127.691,73.543],[128.063,73.491],[127.775,73.493],[127.405,73.519]]],[[[86.892,73.697],[86.792,73.645],[86.799,73.626],[86.784,73.608],[86.399,73.594],[86.51,73.642],[86.892,73.697]]],[[[97.158,76.088],[97.335,76.103],[97.047,76.006],[96.748,75.981],[96.699,75.996],[96.713,76.022],[96.748,76.031],[97.158,76.088]]],[[[95.177,76.171],[95.197,76.164],[95.156,76.154],[95.102,76.155],[95.006,76.178],[95.102,76.225],[95.182,76.186],[95.177,76.171]]],[[[94.999,76.273],[94.855,76.239],[94.904,76.212],[94.849,76.186],[94.558,76.204],[94.5,76.19],[94.41,76.212],[94.492,76.239],[94.779,76.211],[94.8,76.219],[94.745,76.26],[94.914,76.293],[94.999,76.273]]],[[[96.575,76.341],[96.767,76.335],[96.685,76.294],[96.611,76.323],[96.434,76.321],[96.383,76.335],[96.575,76.341]]],[[[96.897,76.256],[97.041,76.239],[97.01,76.23],[96.909,76.22],[96.761,76.176],[96.729,76.181],[96.716,76.209],[96.74,76.252],[96.726,76.26],[96.877,76.322],[96.828,76.341],[96.854,76.356],[97.031,76.342],[97.075,76.308],[96.986,76.282],[96.86,76.272],[96.787,76.212],[96.819,76.214],[96.897,76.256]]],[[[94.163,76.596],[94.362,76.575],[93.868,76.589],[93.944,76.616],[94.163,76.596]]],[[[95.266,76.671],[95.327,76.664],[95.285,76.643],[95.228,76.64],[95.118,76.651],[94.847,76.638],[94.818,76.654],[94.868,76.674],[95.066,76.681],[95.122,76.719],[95.266,76.671]]],[[[56.987,74.69],[56.893,74.713],[56.779,74.694],[56.603,74.697],[56.531,74.746],[56.417,74.753],[56.501,74.794],[56.466,74.799],[55.938,74.781],[55.833,74.8],[55.816,74.817],[55.885,74.846],[56.678,74.949],[56.637,74.972],[56.514,74.948],[56.432,74.958],[56.357,74.941],[56.384,74.965],[56.295,74.965],[56.466,75.013],[56.421,75.037],[56.18,75.021],[56.065,74.997],[55.87,74.997],[55.891,75.032],[55.946,75.074],[55.904,75.088],[55.726,75.081],[55.747,75.108],[55.795,75.129],[55.808,75.157],[55.87,75.163],[55.918,75.198],[56.038,75.218],[56.103,75.211],[56.082,75.198],[56.114,75.188],[56.234,75.198],[56.137,75.157],[56.174,75.15],[56.356,75.191],[56.453,75.119],[56.471,75.088],[56.446,75.067],[56.613,75.107],[56.791,75.198],[56.896,75.23],[56.911,75.256],[56.892,75.28],[56.733,75.297],[56.836,75.355],[57.046,75.398],[57.148,75.379],[57.426,75.376],[57.421,75.362],[57.435,75.357],[57.556,75.334],[57.741,75.328],[57.72,75.342],[57.734,75.355],[57.672,75.379],[57.667,75.417],[57.64,75.439],[57.542,75.451],[57.544,75.467],[57.501,75.499],[57.564,75.52],[58.165,75.578],[58.196,75.603],[58.147,75.629],[57.926,75.629],[57.98,75.672],[58.605,75.733],[58.536,75.76],[58.723,75.792],[58.727,75.819],[58.75,75.833],[58.931,75.868],[59.137,75.865],[59.334,75.892],[59.358,75.903],[59.358,75.924],[59.399,75.937],[59.749,75.931],[60.048,75.993],[60.322,75.998],[60.348,76.006],[60.326,76.024],[60.084,76.036],[60.043,76.054],[60.268,76.11],[60.838,76.123],[60.468,76.013],[60.557,76.021],[60.55,76.013],[60.604,75.999],[60.67,75.996],[60.735,76.005],[60.818,76.06],[61.085,76.085],[61.146,76.116],[61.147,76.144],[61.119,76.151],[60.948,76.141],[60.9,76.157],[61.023,76.219],[60.994,76.231],[60.996,76.246],[61.077,76.28],[61.482,76.294],[61.56,76.284],[61.675,76.315],[61.757,76.294],[61.928,76.297],[61.978,76.263],[62.094,76.253],[62.382,76.271],[62.406,76.251],[62.373,76.222],[62.389,76.197],[62.504,76.178],[62.554,76.219],[62.651,76.21],[62.648,76.232],[62.779,76.271],[62.844,76.262],[62.867,76.246],[62.846,76.232],[62.921,76.232],[62.902,76.219],[62.957,76.207],[63.22,76.263],[63.463,76.287],[63.53,76.317],[63.719,76.35],[63.86,76.341],[63.956,76.363],[64.035,76.315],[64.091,76.313],[64.313,76.363],[64.436,76.363],[64.475,76.399],[64.626,76.375],[64.676,76.383],[64.654,76.394],[64.67,76.419],[64.72,76.445],[64.806,76.451],[64.786,76.472],[64.826,76.484],[65.031,76.501],[65.102,76.47],[65.169,76.475],[65.339,76.513],[65.403,76.559],[65.485,76.575],[65.611,76.58],[65.999,76.533],[66.033,76.548],[65.942,76.579],[65.888,76.637],[65.753,76.683],[65.889,76.739],[66.108,76.753],[66.235,76.795],[66.352,76.806],[66.41,76.849],[66.571,76.865],[66.654,76.901],[66.88,76.923],[66.944,76.949],[67.211,76.952],[67.346,76.986],[67.588,77.013],[68.034,76.998],[68.159,76.968],[68.294,76.959],[68.463,76.967],[68.513,76.952],[68.478,76.932],[68.488,76.926],[68.569,76.925],[68.673,76.88],[68.809,76.869],[68.759,76.827],[68.931,76.787],[68.894,76.748],[68.931,76.719],[69.034,76.712],[68.894,76.679],[68.788,76.589],[68.938,76.568],[68.55,76.429],[68.417,76.417],[68.409,76.401],[68.437,76.397],[68.344,76.35],[68.181,76.323],[68.327,76.294],[68.288,76.281],[67.912,76.258],[67.366,76.167],[67.146,76.105],[66.686,76.06],[66.43,75.999],[66.292,75.996],[66.179,75.962],[65.217,75.854],[65.078,75.807],[64.889,75.809],[64.311,75.722],[64.104,75.719],[63.762,75.642],[63.71,75.636],[63.726,75.667],[63.662,75.688],[63.676,75.705],[63.648,75.72],[63.552,75.711],[63.62,75.691],[63.521,75.633],[63.304,75.589],[63.03,75.588],[62.735,75.519],[62.621,75.516],[62.273,75.44],[62.029,75.449],[61.856,75.381],[61.846,75.362],[61.694,75.376],[61.713,75.361],[61.66,75.328],[61.688,75.314],[61.633,75.3],[61.654,75.28],[61.579,75.275],[61.533,75.238],[61.482,75.223],[61.405,75.236],[61.38,75.26],[61.387,75.3],[61.366,75.322],[61.38,75.334],[61.277,75.328],[61.296,75.301],[61.272,75.263],[61.107,75.198],[60.813,75.146],[60.798,75.121],[60.75,75.108],[60.804,75.086],[60.767,75.045],[60.725,75.028],[60.591,75.034],[60.57,75.062],[60.612,75.101],[60.571,75.118],[60.494,75.11],[60.503,75.095],[60.441,75.067],[60.455,75.054],[60.434,75.047],[60.468,75.032],[60.416,75.011],[60.265,74.992],[60.235,74.992],[60.262,75.006],[60.233,75.019],[60.112,74.992],[59.927,75.006],[60.011,74.98],[60.621,74.968],[60.688,74.924],[60.561,74.866],[60.194,74.855],[60.372,74.794],[60.276,74.75],[59.934,74.725],[59.818,74.745],[59.723,74.742],[59.509,74.8],[59.642,74.727],[59.77,74.726],[59.797,74.704],[59.858,74.691],[59.873,74.677],[59.875,74.628],[59.809,74.617],[59.755,74.587],[59.602,74.597],[59.157,74.738],[59.091,74.738],[59.29,74.643],[59.206,74.646],[59.162,74.667],[59.084,74.649],[59.221,74.615],[59.133,74.55],[59.146,74.526],[59.091,74.495],[59.094,74.481],[59.143,74.464],[59.146,74.444],[58.865,74.457],[58.745,74.478],[58.72,74.503],[58.187,74.581],[58.173,74.561],[58.426,74.512],[58.426,74.498],[58.473,74.474],[58.639,74.424],[58.57,74.389],[58.657,74.34],[58.652,74.314],[58.728,74.3],[58.707,74.286],[58.741,74.273],[58.68,74.252],[58.728,74.239],[58.536,74.239],[58.659,74.217],[58.508,74.217],[58.591,74.184],[58.529,74.172],[58.4,74.203],[58.342,74.19],[58.318,74.227],[58.292,74.222],[58.248,74.19],[58.301,74.161],[58.522,74.149],[58.483,74.132],[58.385,74.14],[58.343,74.129],[58.337,74.094],[58.308,74.088],[58.303,74.108],[58.27,74.126],[58.162,74.15],[58.139,74.139],[58.173,74.101],[58.097,74.06],[58.198,74.046],[58.213,74.008],[58.123,73.987],[57.931,74.008],[57.739,74.051],[57.532,74.192],[57.412,74.184],[57.513,74.123],[57.536,74.094],[57.475,74.074],[57.327,74.093],[57.261,74.08],[57.548,74.061],[57.912,73.916],[57.809,73.895],[57.905,73.875],[57.91,73.843],[57.933,73.841],[57.946,73.807],[57.749,73.726],[57.628,73.745],[57.592,73.779],[57.395,73.846],[56.556,73.889],[56.635,73.863],[56.932,73.854],[57.096,73.83],[57.35,73.828],[57.383,73.795],[57.49,73.754],[57.508,73.728],[57.591,73.704],[57.586,73.685],[57.618,73.669],[57.586,73.614],[57.33,73.574],[57.35,73.553],[57.02,73.584],[56.788,73.676],[56.735,73.68],[56.719,73.669],[56.746,73.648],[56.85,73.615],[56.747,73.607],[56.92,73.596],[57.08,73.537],[57.238,73.51],[57.254,73.491],[57.243,73.469],[57.254,73.457],[57.2,73.453],[57.179,73.442],[57.179,73.423],[56.908,73.315],[56.814,73.357],[56.749,73.362],[56.746,73.334],[56.795,73.321],[56.723,73.282],[56.761,73.252],[56.73,73.245],[56.121,73.29],[56.046,73.33],[56.016,73.412],[55.971,73.439],[55.917,73.448],[55.87,73.436],[55.936,73.419],[55.987,73.385],[55.98,73.33],[55.924,73.312],[55.772,73.348],[55.435,73.332],[55.021,73.444],[54.9,73.448],[54.659,73.407],[54.568,73.409],[54.25,73.328],[54.033,73.375],[54.13,73.41],[54.294,73.418],[54.315,73.45],[54.417,73.478],[54.281,73.471],[54.185,73.491],[54.204,73.505],[54.542,73.611],[54.785,73.659],[54.941,73.665],[55.089,73.706],[55.35,73.717],[54.965,73.717],[54.856,73.684],[54.828,73.691],[54.87,73.732],[54.664,73.705],[54.53,73.704],[54.492,73.697],[54.404,73.642],[54.26,73.615],[54.281,73.601],[54.12,73.617],[54.074,73.609],[53.947,73.632],[53.931,73.642],[53.958,73.649],[53.89,73.663],[53.76,73.721],[53.667,73.735],[53.633,73.77],[53.654,73.812],[53.759,73.78],[53.869,73.779],[54.082,73.834],[54.063,73.849],[54.078,73.862],[54.316,73.931],[54.628,73.951],[54.726,73.978],[54.802,73.97],[54.8,73.985],[54.769,73.996],[54.607,74.006],[54.589,74.019],[54.678,74.068],[55.019,74.173],[55.182,74.187],[55.279,74.155],[55.394,74.141],[55.487,74.149],[55.814,74.1],[55.864,74.106],[55.87,74.121],[55.857,74.129],[55.632,74.163],[55.623,74.19],[55.238,74.246],[55.148,74.242],[55.076,74.266],[55.144,74.273],[55.15,74.286],[55.228,74.307],[55.267,74.293],[55.253,74.28],[55.286,74.274],[55.529,74.282],[55.658,74.305],[55.683,74.273],[55.735,74.28],[55.747,74.296],[55.732,74.305],[55.637,74.334],[55.593,74.325],[55.449,74.354],[55.261,74.361],[55.233,74.376],[55.388,74.445],[55.507,74.444],[55.618,74.466],[55.903,74.459],[56.28,74.485],[56.254,74.505],[56.014,74.492],[56.082,74.52],[55.867,74.553],[55.657,74.52],[55.706,74.55],[55.657,74.574],[55.5,74.567],[55.561,74.614],[55.522,74.639],[55.53,74.655],[55.756,74.692],[55.87,74.684],[55.863,74.671],[55.896,74.661],[56.387,74.721],[56.418,74.721],[56.418,74.704],[56.556,74.684],[56.987,74.69]]],[[[93.868,78.147],[93.629,78.157],[93.593,78.172],[93.6,78.188],[93.646,78.198],[93.793,78.203],[93.915,78.169],[93.921,78.157],[93.868,78.147]]],[[[92.457,79.11],[92.724,79.077],[92.517,79.08],[92.176,79.131],[92.213,79.14],[92.457,79.11]]],[[[92.991,79.42],[92.904,79.398],[92.813,79.399],[92.821,79.392],[92.792,79.383],[92.669,79.388],[92.587,79.415],[92.791,79.44],[92.991,79.42]]],[[[92.305,79.453],[92.471,79.433],[92.265,79.413],[92.305,79.392],[92.244,79.382],[91.785,79.42],[92.071,79.414],[92.182,79.448],[92.305,79.453]]],[[[91.372,79.486],[91.531,79.449],[91.385,79.461],[91.36,79.467],[91.364,79.478],[91.195,79.515],[90.794,79.564],[91.144,79.537],[91.372,79.486]]],[[[100.2,79.679],[100.31,79.666],[100.07,79.639],[99.944,79.591],[99.906,79.604],[99.935,79.632],[99.936,79.674],[99.983,79.698],[100.097,79.701],[100.083,79.686],[100.2,79.679]]],[[[94.328,80.029],[94.169,80.009],[94.183,79.995],[94.154,79.983],[93.994,79.965],[93.93,79.974],[93.984,80.015],[94.25,80.04],[94.328,80.029]]],[[[146.175,43.538],[146.221,43.537],[146.227,43.521],[146.205,43.501],[146.209,43.483],[146.152,43.463],[146.134,43.463],[146.123,43.49],[146.079,43.518],[146.132,43.541],[146.175,43.538]]],[[[146.882,43.859],[146.942,43.847],[146.915,43.803],[146.819,43.782],[146.783,43.753],[146.709,43.744],[146.716,43.73],[146.682,43.711],[146.602,43.736],[146.605,43.809],[146.846,43.878],[146.882,43.859]]],[[[146.469,44.429],[146.572,44.45],[146.529,44.373],[146.503,44.362],[146.448,44.379],[146.402,44.362],[146.364,44.318],[146.304,44.282],[146.117,44.254],[146.056,44.194],[145.923,44.114],[145.887,44.069],[145.884,44.027],[145.813,44.007],[145.778,43.933],[145.727,43.907],[145.662,43.898],[145.589,43.848],[145.556,43.653],[145.544,43.675],[145.552,43.716],[145.514,43.736],[145.443,43.725],[145.411,43.836],[145.729,44.044],[145.791,44.151],[145.86,44.189],[145.87,44.227],[145.897,44.254],[145.969,44.285],[146.02,44.383],[146.119,44.506],[146.183,44.511],[146.334,44.429],[146.469,44.429]]],[[[148.799,45.416],[148.844,45.371],[148.843,45.352],[148.817,45.333],[148.758,45.313],[148.584,45.315],[148.438,45.249],[148.278,45.223],[148.216,45.196],[147.99,45.006],[147.913,44.963],[147.809,44.964],[147.768,44.943],[147.701,45.008],[147.654,44.995],[147.621,44.951],[147.645,44.908],[147.586,44.868],[147.555,44.824],[147.388,44.737],[147.289,44.661],[147.226,44.581],[147.153,44.559],[147.113,44.57],[147.055,44.537],[146.994,44.48],[146.958,44.421],[146.862,44.445],[146.873,44.49],[146.95,44.549],[146.931,44.586],[146.937,44.625],[146.952,44.622],[146.962,44.584],[147.001,44.566],[147.038,44.599],[146.999,44.663],[147.031,44.669],[147.091,44.637],[147.129,44.647],[147.197,44.714],[147.204,44.755],[147.122,44.776],[147.097,44.796],[147.109,44.827],[147.152,44.834],[147.217,44.799],[147.25,44.821],[147.241,44.851],[147.264,44.868],[147.361,44.901],[147.467,44.967],[147.495,45.005],[147.511,45.087],[147.542,45.093],[147.62,45.065],[147.669,45.094],[147.757,45.186],[147.895,45.224],[147.868,45.268],[147.874,45.31],[147.861,45.354],[147.872,45.38],[147.94,45.426],[147.958,45.423],[148.001,45.326],[148.005,45.281],[148.07,45.251],[148.312,45.275],[148.361,45.3],[148.56,45.463],[148.601,45.471],[148.621,45.498],[148.727,45.525],[148.799,45.518],[148.851,45.482],[148.856,45.464],[148.801,45.435],[148.799,45.416]]],[[[150.334,46.211],[150.397,46.231],[150.478,46.21],[150.569,46.232],[150.363,46.082],[150.245,46.037],[150.19,45.984],[150.18,45.949],[150.198,45.93],[150.157,45.922],[150.142,45.898],[150.023,45.824],[149.923,45.811],[149.921,45.794],[149.842,45.76],[149.638,45.611],[149.604,45.605],[149.577,45.637],[149.574,45.608],[149.55,45.59],[149.437,45.587],[149.482,45.669],[149.512,45.674],[149.553,45.71],[149.598,45.789],[149.626,45.796],[149.667,45.853],[149.811,45.88],[149.923,45.998],[150.02,46.073],[150.181,46.105],[150.211,46.135],[150.182,46.16],[150.334,46.211]]],[[[152.206,47.129],[152.278,47.162],[152.295,47.142],[152.184,47.071],[152.157,47.019],[152.075,46.968],[152.02,46.903],[151.92,46.856],[151.851,46.79],[151.801,46.766],[151.712,46.807],[151.705,46.848],[151.745,46.862],[151.838,46.856],[151.873,46.872],[151.95,46.952],[152.05,47.015],[152.159,47.134],[152.225,47.177],[152.206,47.129]]],[[[152.503,47.383],[152.537,47.349],[152.524,47.299],[152.43,47.319],[152.413,47.341],[152.426,47.383],[152.503,47.383]]],[[[153.021,47.8],[153.049,47.808],[153.062,47.794],[153.069,47.743],[153.047,47.707],[152.978,47.684],[152.966,47.695],[152.97,47.752],[153.021,47.8]]],[[[153.288,48.077],[153.294,48.042],[153.233,48.04],[153.159,48.092],[153.165,48.121],[153.215,48.126],[153.288,48.077]]],[[[154.213,48.918],[154.231,48.897],[154.221,48.873],[154.063,48.774],[154.056,48.738],[153.973,48.739],[153.994,48.779],[154.066,48.808],[154.1,48.839],[154.1,48.873],[154.117,48.877],[154.119,48.9],[154.213,48.918]]],[[[153.987,48.965],[154.014,48.945],[153.961,48.927],[153.919,48.931],[153.902,48.956],[153.915,48.982],[153.987,48.965]]],[[[154.563,49.157],[154.6,49.13],[154.601,49.111],[154.512,49.08],[154.472,49.104],[154.439,49.157],[154.457,49.171],[154.563,49.157]]],[[[154.448,49.817],[154.48,49.811],[154.491,49.783],[154.448,49.73],[154.412,49.733],[154.374,49.778],[154.395,49.804],[154.448,49.817]]],[[[156.125,50.638],[156.159,50.597],[156.153,50.519],[156.049,50.479],[156.038,50.41],[155.988,50.378],[155.885,50.254],[155.822,50.235],[155.773,50.187],[155.623,50.179],[155.501,50.137],[155.396,49.996],[155.364,50],[155.377,50.047],[155.295,50.065],[155.228,50.055],[155.217,50.067],[155.221,50.11],[155.255,50.155],[155.25,50.216],[155.187,50.262],[155.202,50.294],[155.268,50.307],[155.32,50.289],[155.442,50.371],[155.549,50.377],[155.57,50.397],[155.632,50.384],[155.69,50.404],[155.776,50.479],[155.79,50.52],[155.862,50.615],[155.889,50.691],[156.041,50.773],[156.073,50.782],[156.117,50.749],[156.125,50.638]]],[[[156.46,50.874],[156.484,50.857],[156.511,50.766],[156.406,50.654],[156.406,50.63],[156.272,50.633],[156.18,50.688],[156.168,50.737],[156.199,50.781],[156.254,50.793],[156.357,50.856],[156.46,50.874]]],[[[155.563,50.808],[155.523,50.813],[155.468,50.852],[155.447,50.885],[155.474,50.922],[155.544,50.93],[155.631,50.912],[155.673,50.87],[155.67,50.812],[155.563,50.808]]],[[[142.55,54.302],[142.604,54.31],[142.55,54.302]]],[[[137.822,54.458],[137.832,54.491],[137.918,54.509],[137.922,54.464],[137.848,54.438],[137.82,54.385],[137.715,54.367],[137.716,54.392],[137.748,54.395],[137.822,54.458]]],[[[137.623,54.571],[137.65,54.482],[137.609,54.441],[137.641,54.4],[137.568,54.397],[137.547,54.414],[137.569,54.426],[137.572,54.449],[137.547,54.516],[137.623,54.571]]],[[[168.059,54.547],[168.111,54.516],[168.11,54.503],[168.084,54.504],[167.937,54.594],[167.82,54.647],[167.735,54.663],[167.449,54.82],[167.439,54.866],[167.558,54.839],[167.577,54.798],[167.734,54.763],[167.784,54.702],[167.924,54.644],[168.059,54.547]]],[[[137.171,55.12],[137.181,55.093],[137.114,55.025],[137.065,55],[137.088,54.954],[137.075,54.933],[136.943,54.923],[136.923,54.958],[136.896,54.96],[136.841,54.938],[136.749,54.931],[136.739,54.92],[136.76,54.893],[136.738,54.885],[136.67,54.907],[136.701,54.965],[136.809,55.018],[137.046,55.106],[137.088,55.085],[137.122,55.121],[137.171,55.12]]],[[[138.047,55.058],[138.184,55.058],[138.212,55.036],[138.113,55.006],[138.048,54.941],[138.011,54.933],[137.986,54.883],[138.005,54.82],[137.986,54.797],[137.879,54.76],[137.843,54.715],[137.743,54.66],[137.719,54.624],[137.646,54.661],[137.485,54.879],[137.226,54.778],[137.275,54.898],[137.39,55.006],[137.461,55.027],[137.491,55.071],[137.492,55.12],[137.568,55.195],[137.639,55.193],[137.705,55.168],[137.702,55.151],[137.786,55.138],[137.952,55.147],[137.986,55.099],[137.883,55.003],[138.047,55.058]]],[[[166.664,54.756],[166.664,54.68],[166.502,54.78],[166.486,54.801],[166.5,54.825],[166.356,54.84],[166.282,54.908],[166.195,54.945],[166.163,55],[166.083,55.061],[166.081,55.12],[166.024,55.178],[165.97,55.206],[165.993,55.222],[165.746,55.297],[165.858,55.309],[165.94,55.365],[166.18,55.319],[166.254,55.332],[166.288,55.304],[166.226,55.25],[166.25,55.152],[166.448,54.961],[166.573,54.912],[166.65,54.845],[166.637,54.811],[166.664,54.756]]],[[[150.725,59.128],[150.779,59.11],[150.783,59.091],[150.723,59.073],[150.611,59.006],[150.472,59.004],[150.548,59.062],[150.663,59.095],[150.699,59.14],[150.725,59.128]]],[[[164.707,58.977],[164.681,58.905],[164.632,58.865],[164.408,58.865],[164.256,58.799],[164.17,58.824],[164.121,58.781],[163.955,58.708],[163.846,58.691],[163.79,58.643],[163.585,58.558],[163.515,58.497],[163.49,58.445],[163.446,58.476],[163.445,58.505],[163.413,58.535],[163.445,58.561],[163.555,58.573],[163.611,58.607],[163.654,58.691],[163.78,58.81],[163.766,58.872],[163.782,58.894],[163.913,58.994],[163.894,59.01],[163.79,59.018],[163.696,58.992],[163.749,59.019],[163.967,59.029],[164.283,59.114],[164.395,59.184],[164.558,59.24],[164.581,59.234],[164.581,59.183],[164.616,59.183],[164.637,59.099],[164.688,59.077],[164.734,59.023],[164.71,59.006],[164.707,58.977]]],[[[155.508,59.328],[155.567,59.34],[155.6,59.335],[155.6,59.319],[155.508,59.328]]],[[[29.791,59.995],[29.801,59.986],[29.787,59.975],[29.657,60.025],[29.791,59.995]]],[[[27.885,60.011],[27.892,59.995],[27.82,59.983],[27.803,59.999],[27.82,60.031],[27.885,60.011]]],[[[27.022,60.042],[27.021,60.018],[26.985,60.018],[26.95,60.1],[27.022,60.042]]],[[[28.712,60.295],[28.721,60.288],[28.695,60.261],[28.624,60.27],[28.551,60.303],[28.541,60.347],[28.58,60.349],[28.712,60.295]]],[[[28.517,60.338],[28.518,60.313],[28.504,60.311],[28.426,60.361],[28.485,60.362],[28.517,60.338]]],[[[35.943,64.405],[36.045,64.36],[36.006,64.333],[35.953,64.34],[35.857,64.387],[35.856,64.403],[35.883,64.413],[35.943,64.405]]],[[[35.867,65.031],[35.837,64.99],[35.745,64.962],[35.73,64.973],[35.723,65.026],[35.563,65.052],[35.505,65.096],[35.506,65.121],[35.524,65.144],[35.65,65.154],[35.663,65.168],[35.786,65.165],[35.815,65.154],[35.867,65.076],[35.843,65.068],[35.797,65.114],[35.781,65.073],[35.867,65.031]]],[[[-169.083,65.816],[-169.063,65.828],[-168.995,65.816],[-169.028,65.774],[-169.077,65.755],[-169.098,65.779],[-169.083,65.816]]],[[[42.646,66.742],[42.681,66.682],[42.644,66.666],[42.483,66.707],[42.427,66.752],[42.455,66.774],[42.504,66.778],[42.585,66.77],[42.646,66.742]]],[[[32.386,67.132],[32.408,67.12],[32.394,67.1],[32.338,67.125],[32.356,67.139],[32.386,67.132]]],[[[59.242,69.178],[59.245,69.146],[59.173,69.169],[59.06,69.243],[58.762,69.339],[58.815,69.341],[59.151,69.255],[59.2,69.229],[59.18,69.215],[59.242,69.178]]],[[[34.03,69.394],[34.216,69.408],[34.407,69.353],[34.381,69.341],[34.027,69.354],[33.976,69.37],[34.03,69.394]]],[[[50.323,69.151],[50.312,69.11],[50.169,69.012],[50.113,68.996],[50.134,69.017],[50.123,69.039],[50.223,69.154],[50.133,69.142],[49.955,69.075],[49.872,69.026],[49.854,69.009],[49.911,69.01],[49.909,68.996],[49.826,68.965],[49.72,68.89],[49.421,68.811],[49.305,68.811],[49.313,68.804],[49.249,68.78],[48.798,68.729],[48.72,68.757],[48.686,68.734],[48.592,68.731],[48.291,68.866],[48.332,68.886],[48.284,68.899],[48.236,68.882],[48.219,68.896],[48.239,68.964],[48.266,68.983],[48.212,69.002],[48.256,69.044],[48.221,69.05],[48.217,69.064],[48.27,69.133],[48.263,69.197],[48.304,69.277],[48.447,69.372],[48.566,69.42],[48.806,69.493],[48.906,69.508],[49.272,69.508],[50.164,69.261],[50.323,69.151]]],[[[169.446,69.849],[169.451,69.819],[169.408,69.785],[169.412,69.763],[169.278,69.76],[169.303,69.743],[169.278,69.72],[169.31,69.664],[169.235,69.592],[169.189,69.575],[168.875,69.568],[168.173,69.695],[168.06,69.764],[167.791,69.808],[167.754,69.832],[167.823,69.881],[167.991,69.957],[168.265,70.024],[168.638,69.986],[168.83,69.94],[169.228,69.907],[169.424,69.873],[169.446,69.849]]],[[[60.54,69.819],[60.538,69.801],[60.448,69.766],[60.444,69.75],[60.476,69.722],[60.374,69.731],[60.352,69.722],[60.359,69.715],[60.254,69.689],[60.201,69.685],[60.033,69.722],[59.92,69.688],[59.934,69.668],[59.854,69.699],[59.563,69.715],[59.58,69.731],[59.535,69.76],[59.547,69.779],[59.622,69.787],[59.624,69.804],[59.431,69.889],[59.305,69.884],[59.178,69.919],[58.94,69.942],[59.132,69.873],[59.109,69.86],[59.016,69.86],[59.022,69.873],[58.957,69.888],[58.899,69.929],[58.696,70.003],[58.57,70.079],[58.605,70.113],[58.549,70.134],[58.611,70.14],[58.577,70.154],[58.591,70.181],[58.522,70.175],[58.51,70.19],[58.453,70.195],[58.501,70.23],[58.424,70.24],[58.412,70.26],[58.468,70.271],[58.824,70.216],[58.777,70.258],[58.66,70.299],[58.495,70.332],[58.52,70.348],[58.639,70.332],[58.632,70.346],[58.755,70.387],[58.761,70.397],[58.731,70.418],[58.741,70.428],[58.873,70.435],[59.024,70.48],[59.06,70.444],[59.315,70.372],[59.44,70.287],[59.533,70.265],[59.535,70.208],[59.554,70.2],[59.639,70.202],[59.766,70.171],[59.783,70.131],[59.927,70.099],[60.036,70.099],[60.328,69.957],[60.414,69.963],[60.476,69.92],[60.454,69.897],[60.462,69.866],[60.516,69.845],[60.54,69.819]]],[[[57.117,70.559],[57.222,70.526],[57.189,70.511],[57.035,70.545],[57.121,70.516],[57.138,70.497],[57.064,70.502],[56.929,70.532],[56.898,70.559],[56.932,70.565],[56.86,70.585],[56.843,70.606],[57.072,70.555],[57.117,70.559]]],[[[162.382,70.681],[162.484,70.654],[162.351,70.641],[162.238,70.654],[162.346,70.662],[162.382,70.681]]],[[[161.662,70.791],[161.695,70.75],[161.665,70.752],[161.571,70.788],[161.463,70.805],[161.487,70.817],[161.484,70.84],[161.531,70.842],[161.587,70.818],[161.656,70.813],[161.676,70.799],[161.662,70.791]]],[[[160.723,70.838],[160.764,70.804],[160.597,70.793],[160.504,70.805],[160.51,70.834],[160.546,70.851],[160.553,70.885],[160.504,70.891],[160.451,70.872],[160.408,70.914],[160.457,70.935],[160.518,70.935],[160.674,70.914],[160.723,70.838]]],[[[53.232,71.216],[53.205,71.192],[53.218,71.168],[53.205,71.152],[53.15,71.127],[53.162,71.109],[53.151,71.096],[53.062,71.088],[53.047,71.072],[53.041,71.034],[53.139,70.994],[53.12,70.977],[53.01,70.968],[53.015,71.004],[52.972,71.029],[52.956,71.057],[52.8,71.093],[52.772,71.168],[52.756,71.177],[52.684,71.189],[52.643,71.223],[52.558,71.249],[52.45,71.236],[52.352,71.246],[52.255,71.273],[52.212,71.308],[52.217,71.333],[52.258,71.349],[52.53,71.388],[52.647,71.381],[52.721,71.349],[52.738,71.354],[52.687,71.398],[52.741,71.406],[52.91,71.367],[52.958,71.319],[53.012,71.298],[53.02,71.281],[53.005,71.279],[52.917,71.309],[52.862,71.354],[52.77,71.378],[52.745,71.374],[52.875,71.333],[52.779,71.319],[53.061,71.238],[53.157,71.244],[53.082,71.257],[53.161,71.269],[53.211,71.257],[53.196,71.226],[53.232,71.216]]],[[[137.914,71.558],[137.966,71.511],[137.942,71.494],[137.767,71.431],[137.693,71.419],[137.586,71.437],[137.482,71.484],[137.395,71.481],[137.318,71.499],[137.267,71.49],[137.411,71.456],[137.377,71.449],[137.39,71.436],[137.344,71.428],[136.992,71.518],[137.218,71.576],[137.473,71.587],[137.58,71.577],[137.706,71.596],[137.854,71.584],[137.914,71.558]]],[[[78.279,72.552],[78.395,72.491],[78.18,72.422],[77.984,72.389],[77.771,72.305],[77.586,72.285],[77.201,72.29],[77.127,72.278],[76.918,72.293],[76.87,72.307],[76.853,72.333],[76.913,72.372],[77.249,72.469],[77.313,72.545],[77.61,72.635],[77.795,72.629],[78.279,72.552]]],[[[128.831,72.655],[128.91,72.64],[128.974,72.594],[128.872,72.592],[128.817,72.559],[128.769,72.552],[128.783,72.545],[128.653,72.527],[128.339,72.561],[128.104,72.635],[128.653,72.676],[128.831,72.655]]],[[[128.317,72.812],[128.322,72.829],[128.419,72.869],[128.736,72.884],[128.994,72.932],[129.22,72.926],[129.399,72.866],[129.417,72.813],[129.334,72.774],[129.207,72.762],[128.317,72.812]]],[[[79.563,72.768],[79.572,72.741],[79.537,72.726],[79.395,72.704],[79.001,72.745],[78.91,72.741],[78.672,72.804],[78.639,72.849],[78.614,72.84],[78.609,72.806],[78.585,72.842],[78.64,72.892],[79.173,73.101],[79.369,73.035],[79.402,72.988],[79.541,72.926],[79.56,72.908],[79.491,72.908],[79.521,72.884],[79.519,72.847],[79.546,72.812],[79.532,72.792],[79.563,72.768]]],[[[74.725,73.107],[74.845,73.094],[74.962,73.06],[74.768,73.092],[74.703,73.079],[74.685,73.055],[74.695,73.026],[74.639,72.96],[74.664,72.922],[74.708,72.902],[74.68,72.864],[74.656,72.859],[74.585,72.875],[74.598,72.895],[74.465,72.9],[74.344,72.928],[74.325,72.947],[74.201,72.966],[74.121,72.999],[74.093,73.028],[74.159,73.089],[74.212,73.115],[74.475,73.134],[74.725,73.107]]],[[[120.279,73.101],[120.21,73.052],[120.23,73.039],[119.721,73.034],[119.703,73.046],[119.765,73.073],[119.634,73.128],[119.792,73.162],[120.022,73.168],[120.279,73.101]]],[[[76.695,73.186],[76.732,73.166],[76.729,73.144],[76.633,73.131],[76.318,73.148],[76.171,73.182],[76.133,73.208],[76.185,73.217],[76.695,73.186]]],[[[71.669,73.227],[71.75,73.042],[71.73,73.034],[71.495,73.15],[71.375,73.179],[71.279,73.143],[70.662,73.103],[70.462,73.051],[70.257,73.038],[70.204,73.047],[70.11,73.101],[69.999,73.061],[70.085,73.038],[70.101,73.018],[69.875,73.038],[69.912,73.115],[70.021,73.183],[70.065,73.237],[70.058,73.279],[69.959,73.399],[70.47,73.499],[70.563,73.481],[70.65,73.5],[70.949,73.517],[71.229,73.465],[71.268,73.444],[71.239,73.437],[71.112,73.447],[71.136,73.393],[71.087,73.358],[71.096,73.313],[70.997,73.288],[70.98,73.265],[71.062,73.279],[71.212,73.274],[71.289,73.252],[71.277,73.278],[71.296,73.296],[71.402,73.319],[71.436,73.353],[71.608,73.275],[71.669,73.227]]],[[[76.757,73.45],[76.754,73.43],[76.563,73.486],[76.072,73.525],[76.162,73.563],[76.251,73.554],[76.731,73.47],[76.757,73.45]]],[[[75.923,73.524],[75.866,73.502],[75.901,73.471],[75.803,73.454],[75.496,73.45],[75.535,73.469],[75.544,73.498],[75.38,73.45],[75.363,73.435],[75.373,73.409],[75.36,73.397],[75.304,73.409],[75.335,73.451],[75.421,73.498],[75.619,73.553],[76.034,73.579],[76.079,73.56],[75.923,73.524]]],[[[143.475,73.321],[143.565,73.231],[143.526,73.208],[143.175,73.177],[142.757,73.221],[142.538,73.214],[141.512,73.299],[140.789,73.41],[140.503,73.405],[139.965,73.327],[139.817,73.339],[139.767,73.418],[139.907,73.471],[140.235,73.452],[140.493,73.485],[140.66,73.58],[140.899,73.801],[141.127,73.882],[141.368,73.864],[141.595,73.906],[142.045,73.917],[142.274,73.866],[142.583,73.825],[143.009,73.666],[143.153,73.642],[143.407,73.543],[143.537,73.444],[143.441,73.409],[143.475,73.321]]],[[[124.586,73.916],[124.661,73.892],[124.514,73.841],[124.463,73.857],[124.39,73.847],[124.288,73.881],[124.313,73.904],[124.376,73.916],[124.322,73.923],[124.381,73.939],[124.576,73.95],[124.459,73.923],[124.586,73.916]]],[[[84.355,74.019],[84.328,74.013],[84.418,73.97],[84.334,73.955],[84.179,73.985],[83.912,73.994],[83.885,74.019],[84.018,74.034],[84.158,74.019],[84.407,74.048],[84.411,74.027],[84.355,74.019]]],[[[83.513,74.121],[83.598,74.105],[83.62,74.091],[83.613,74.081],[83.528,74.067],[83.535,74.083],[83.503,74.086],[83.396,74.075],[83.466,74.047],[83.433,74.037],[83.081,74.087],[82.828,74.08],[82.814,74.094],[82.917,74.131],[83.18,74.155],[83.513,74.121]]],[[[82.568,74.163],[82.74,74.101],[82.62,74.055],[82.552,74.074],[82.353,74.081],[82.318,74.117],[82.399,74.153],[82.568,74.163]]],[[[136.259,73.957],[136.27,73.932],[136.248,73.912],[136.135,73.879],[136.066,73.907],[136.042,73.938],[135.733,74.041],[135.66,74.11],[135.553,74.151],[135.439,74.161],[135.409,74.184],[135.391,74.235],[135.354,74.259],[135.59,74.235],[135.745,74.17],[136.011,74.103],[136.263,73.989],[136.259,73.957]]],[[[141.098,74.149],[141.071,74.125],[141.081,74.065],[141.038,74.004],[140.941,73.977],[140.844,73.977],[140.625,73.943],[140.545,73.916],[140.438,73.908],[140.327,73.939],[140.198,74.026],[140.165,74.071],[140.178,74.154],[140.222,74.22],[140.35,74.254],[140.891,74.277],[141.058,74.234],[141.113,74.166],[141.098,74.149]]],[[[116.098,74.355],[116.125,74.323],[116.118,74.307],[116.053,74.285],[115.89,74.304],[115.886,74.324],[115.921,74.359],[115.981,74.378],[116.098,74.355]]],[[[84.871,74.506],[84.933,74.493],[84.935,74.482],[84.898,74.471],[84.674,74.478],[84.542,74.457],[84.768,74.41],[84.733,74.396],[84.439,74.426],[84.387,74.458],[84.592,74.499],[84.871,74.506]]],[[[113.406,74.444],[113.429,74.394],[113.365,74.383],[113.366,74.351],[113.241,74.3],[113.282,74.28],[113.223,74.264],[113.207,74.252],[113.22,74.245],[112.967,74.194],[112.846,74.108],[112.775,74.088],[112.163,74.139],[111.939,74.217],[111.581,74.26],[111.459,74.314],[111.469,74.345],[111.511,74.36],[111.648,74.38],[111.852,74.351],[111.951,74.371],[111.987,74.396],[111.973,74.421],[112.004,74.448],[111.973,74.478],[112.007,74.538],[112.11,74.551],[112.75,74.496],[113.314,74.48],[113.406,74.444]]],[[[85.539,74.574],[85.645,74.546],[85.631,74.511],[85.495,74.499],[85.501,74.465],[85.248,74.476],[85.167,74.512],[85.148,74.537],[85.237,74.575],[85.539,74.574]]],[[[86.078,74.555],[86.202,74.534],[86.207,74.512],[86.147,74.493],[86.113,74.487],[86.039,74.515],[85.968,74.512],[86.009,74.492],[85.992,74.477],[85.858,74.444],[85.658,74.471],[85.727,74.502],[85.803,74.574],[85.939,74.582],[86.078,74.555]]],[[[79.614,74.602],[79.521,74.55],[79.532,74.526],[79.49,74.517],[79.429,74.523],[79.149,74.608],[79.283,74.579],[79.317,74.591],[79.311,74.609],[79.183,74.629],[79.204,74.651],[79.244,74.659],[79.321,74.656],[79.293,74.636],[79.334,74.625],[79.614,74.602]]],[[[85.227,74.745],[85.115,74.746],[85.097,74.756],[85.113,74.766],[85.346,74.778],[85.496,74.814],[85.658,74.794],[85.662,74.754],[85.706,74.731],[85.679,74.723],[85.604,74.738],[85.506,74.716],[85.366,74.753],[85.227,74.745]]],[[[87.029,74.992],[87.139,74.937],[87.054,74.891],[86.945,74.884],[86.855,74.913],[86.727,74.916],[86.687,74.896],[86.826,74.851],[86.947,74.841],[86.92,74.82],[86.732,74.85],[86.32,74.851],[86.279,74.883],[86.213,74.903],[86.251,74.919],[86.32,74.9],[86.566,74.897],[86.598,74.917],[86.501,74.931],[86.529,74.951],[86.495,74.978],[86.524,74.987],[86.639,74.972],[86.619,74.951],[87.029,74.992]]],[[[82.137,75.142],[82.15,75.095],[82.027,75.129],[82.083,75.158],[82.137,75.142]]],[[[82.24,75.376],[82.294,75.334],[82.041,75.338],[82.053,75.298],[82.034,75.28],[82.045,75.256],[81.993,75.232],[82.012,75.21],[82.013,75.177],[81.956,75.182],[81.907,75.208],[81.871,75.316],[81.818,75.324],[81.802,75.316],[81.814,75.293],[81.759,75.293],[81.712,75.314],[81.725,75.287],[81.688,75.277],[81.554,75.321],[81.582,75.348],[81.492,75.362],[81.752,75.463],[81.793,75.465],[81.741,75.424],[81.732,75.407],[81.773,75.397],[81.739,75.383],[81.94,75.394],[81.965,75.403],[81.945,75.42],[81.869,75.444],[81.951,75.465],[81.951,75.479],[81.897,75.492],[81.96,75.51],[82.171,75.52],[82.13,75.457],[82.134,75.441],[82.165,75.438],[82.131,75.424],[82.013,75.444],[82.053,75.42],[82.204,75.415],[82.24,75.376]]],[[[150.828,75.163],[150.958,75.142],[150.859,75.126],[150.812,75.103],[150.77,75.053],[150.654,75.008],[150.651,74.991],[150.691,74.96],[150.681,74.934],[150.609,74.894],[149.796,74.805],[149.718,74.766],[149.294,74.772],[149.209,74.758],[148.172,74.804],[147.749,74.916],[147.664,74.953],[147.315,74.973],[147.088,75.005],[146.956,75.054],[146.648,75.128],[146.218,75.176],[146.12,75.205],[146.072,75.24],[146.173,75.291],[146.184,75.344],[146.169,75.396],[146.264,75.391],[146.285,75.403],[146.256,75.415],[146.264,75.437],[146.407,75.471],[146.35,75.501],[146.341,75.523],[146.389,75.585],[146.436,75.597],[146.663,75.556],[146.694,75.525],[146.771,75.507],[146.682,75.485],[146.689,75.471],[146.634,75.438],[146.797,75.366],[147.155,75.336],[147.325,75.35],[147.347,75.355],[147.312,75.375],[147.168,75.362],[147.272,75.406],[147.35,75.41],[147.361,75.397],[147.436,75.389],[147.422,75.406],[147.333,75.43],[147.374,75.44],[147.686,75.442],[147.839,75.419],[148.408,75.421],[148.58,75.383],[148.553,75.347],[148.457,75.311],[148.445,75.287],[148.56,75.239],[148.558,75.222],[148.61,75.216],[148.9,75.223],[149.127,75.269],[150.129,75.226],[150.215,75.187],[150.163,75.157],[150.266,75.166],[150.417,75.135],[150.561,75.129],[150.471,75.101],[150.5,75.094],[150.633,75.117],[150.674,75.16],[150.828,75.163]]],[[[136.975,75.592],[136.97,75.609],[136.992,75.588],[137.081,75.568],[136.975,75.592]]],[[[137.06,75.641],[137.112,75.643],[136.97,75.61],[137.06,75.641]]],[[[135.991,75.527],[135.959,75.502],[135.967,75.479],[136.033,75.444],[135.983,75.417],[135.844,75.383],[135.45,75.376],[135.462,75.462],[135.516,75.484],[135.594,75.568],[135.539,75.678],[135.588,75.705],[135.573,75.726],[135.608,75.753],[135.605,75.77],[135.671,75.802],[135.678,75.86],[135.693,75.869],[135.709,75.865],[135.704,75.848],[135.816,75.781],[135.821,75.746],[135.865,75.705],[136.184,75.616],[135.991,75.527]]],[[[82.11,75.889],[82.228,75.887],[82.259,75.876],[82.223,75.86],[81.761,75.894],[81.554,75.931],[81.628,75.937],[82.11,75.889]]],[[[83.279,75.956],[83.297,75.943],[83.213,75.917],[83.062,75.931],[82.862,75.917],[82.843,75.925],[82.856,75.944],[82.824,75.955],[82.707,75.944],[82.534,75.958],[82.389,75.944],[82.278,75.955],[82.259,75.972],[82.415,75.965],[82.561,75.999],[82.657,75.999],[83.279,75.956]]],[[[145.366,75.54],[145.39,75.517],[145.381,75.512],[145.265,75.52],[145.072,75.501],[144.729,75.432],[144.698,75.405],[144.702,75.379],[144.667,75.342],[144.678,75.328],[144.941,75.273],[144.721,75.246],[144.721,75.201],[144.688,75.16],[144.496,75.112],[144.376,75.053],[143.999,75.025],[143.751,75.082],[143.516,75.087],[143.361,75.071],[142.884,75.147],[142.838,75.226],[142.708,75.239],[142.71,75.255],[142.676,75.267],[142.642,75.32],[142.535,75.346],[142.494,75.376],[142.536,75.427],[142.511,75.452],[142.535,75.477],[142.62,75.49],[142.637,75.516],[142.724,75.551],[142.847,75.561],[143.014,75.602],[143.043,75.647],[143.001,75.708],[142.904,75.725],[142.715,75.711],[142.66,75.733],[142.515,75.719],[142.338,75.726],[142.29,75.711],[142.407,75.695],[142.434,75.678],[142.411,75.666],[142.008,75.664],[142.207,75.636],[142.008,75.623],[142.14,75.595],[142.081,75.535],[142.187,75.471],[142.156,75.399],[142.163,75.379],[142.2,75.349],[142.41,75.267],[142.439,75.203],[142.58,75.16],[142.604,75.116],[142.669,75.088],[143.013,75.065],[143.448,75.006],[143.615,75.011],[143.667,74.985],[143.708,74.947],[143.696,74.937],[143.465,74.9],[143.003,74.882],[142.924,74.894],[142.821,74.876],[142.715,74.895],[142.65,74.876],[142.625,74.848],[142.714,74.848],[142.678,74.834],[142.514,74.817],[142.356,74.825],[141.974,74.934],[141.974,74.945],[142.081,74.965],[142.295,74.923],[142.365,74.931],[142.199,75.004],[141.844,74.999],[141.371,74.92],[141.114,74.917],[140.549,74.878],[140.351,74.84],[140.069,74.828],[140.008,74.862],[139.974,74.903],[139.87,74.924],[139.85,74.965],[139.719,74.965],[139.652,74.981],[139.459,74.931],[139.483,74.923],[139.48,74.869],[139.517,74.856],[139.645,74.889],[139.562,74.846],[139.496,74.768],[139.343,74.687],[139.127,74.652],[139.016,74.658],[138.816,74.714],[138.166,74.776],[137.895,74.846],[137.847,74.882],[137.794,74.975],[137.651,75.023],[137.433,75.05],[137.134,75.142],[136.91,75.273],[136.924,75.321],[136.862,75.362],[137.039,75.388],[137.118,75.343],[137.254,75.336],[137.376,75.35],[137.422,75.37],[137.431,75.389],[137.397,75.417],[137.276,75.425],[137.143,75.41],[137.129,75.43],[137.145,75.437],[137.149,75.465],[137.301,75.471],[137.181,75.551],[137.205,75.589],[137.294,75.602],[137.224,75.637],[137.14,75.653],[137.16,75.669],[137.157,75.691],[137.068,75.726],[137.198,75.79],[137.588,75.774],[137.691,75.746],[137.743,75.749],[137.71,75.788],[137.601,75.809],[137.432,75.887],[137.414,75.941],[137.433,75.953],[137.712,76.013],[138.028,76.032],[138.111,76.081],[137.98,76.063],[138.138,76.119],[138.377,76.157],[138.328,76.136],[138.378,76.107],[138.392,76.074],[138.432,76.063],[138.452,76.068],[138.453,76.09],[138.48,76.109],[138.459,76.123],[138.533,76.186],[139.049,76.239],[138.897,76.219],[138.961,76.207],[138.959,76.178],[138.995,76.145],[139.11,76.097],[139.554,76.011],[139.624,75.986],[139.825,75.97],[139.912,75.937],[139.897,75.925],[139.836,75.931],[139.829,75.907],[139.791,75.894],[139.817,75.878],[140.15,75.801],[140.26,75.831],[140.51,75.79],[140.546,75.756],[140.456,75.705],[140.433,75.657],[140.476,75.64],[140.902,75.616],[140.987,75.621],[141.062,75.65],[140.974,75.678],[141.008,75.691],[140.864,75.739],[140.905,75.809],[140.905,75.848],[140.879,75.897],[140.909,75.984],[140.933,76.013],[141.001,76.047],[141.231,76.057],[141.625,76.013],[141.515,76.054],[141.31,76.184],[141.702,76.121],[142.146,76.012],[142.547,75.863],[142.929,75.832],[143.059,75.807],[143.386,75.807],[143.359,75.834],[143.384,75.846],[143.585,75.87],[143.686,75.863],[143.802,75.829],[143.859,75.842],[143.947,75.835],[144.191,75.767],[144.61,75.698],[144.724,75.695],[144.81,75.644],[145.174,75.608],[145.276,75.583],[145.366,75.54]]],[[[96.644,76.267],[96.646,76.248],[96.578,76.195],[96.596,76.157],[96.549,76.163],[96.52,76.191],[96.562,76.232],[96.447,76.272],[96.347,76.255],[96.424,76.212],[96.278,76.222],[96.246,76.205],[96.396,76.178],[96.401,76.155],[96.321,76.136],[96.37,76.116],[96.345,76.105],[96.181,76.155],[95.891,76.154],[95.704,76.176],[95.663,76.191],[95.67,76.198],[95.311,76.201],[95.266,76.219],[95.321,76.239],[95.314,76.277],[95.35,76.289],[95.469,76.286],[95.57,76.238],[95.727,76.291],[95.812,76.303],[95.872,76.28],[96.068,76.28],[96.072,76.236],[96.104,76.232],[96.22,76.301],[96.283,76.309],[96.644,76.267]]],[[[113.292,76.363],[113.118,76.377],[113.208,76.433],[113.264,76.444],[113.309,76.423],[113.262,76.397],[113.409,76.387],[113.447,76.369],[113.292,76.363]]],[[[111.959,76.602],[112.021,76.61],[111.966,76.63],[112.146,76.637],[112.272,76.616],[112.309,76.623],[112.329,76.657],[112.367,76.658],[112.415,76.636],[112.528,76.623],[112.487,76.602],[112.549,76.582],[112.521,76.568],[112.57,76.555],[112.508,76.541],[112.714,76.52],[112.576,76.5],[112.618,76.459],[112.568,76.444],[112.423,76.466],[112.31,76.534],[112.119,76.549],[112.046,76.588],[111.959,76.602]]],[[[96.472,76.692],[96.394,76.68],[96.361,76.665],[96.37,76.643],[96.313,76.623],[95.89,76.616],[95.89,76.651],[95.926,76.666],[96.004,76.68],[96.08,76.668],[96.232,76.712],[96.466,76.712],[96.472,76.692]]],[[[95.65,76.678],[95.734,76.698],[95.835,76.692],[95.793,76.669],[95.684,76.651],[95.48,76.654],[95.437,76.671],[95.417,76.705],[95.521,76.717],[95.595,76.676],[95.65,76.678]]],[[[97.476,76.65],[97.485,76.63],[97.596,76.602],[97.565,76.587],[97.343,76.599],[97.315,76.61],[97.391,76.635],[97.387,76.654],[97.372,76.672],[97.288,76.692],[97.446,76.715],[97.468,76.697],[97.476,76.65]]],[[[149.375,76.738],[149.263,76.711],[149.238,76.668],[149.262,76.645],[149.256,76.634],[149.2,76.627],[148.432,76.629],[148.469,76.657],[148.867,76.734],[149.4,76.77],[149.453,76.769],[149.444,76.75],[149.375,76.738]]],[[[96.527,77.206],[96.589,77.144],[96.477,77.082],[96.266,77.034],[96.308,77.014],[96.235,76.99],[96.12,77.007],[95.684,76.952],[95.797,76.993],[95.951,77.014],[95.918,77.031],[95.257,76.992],[95.232,77.006],[95.421,77.055],[95.581,77.079],[95.705,77.075],[96.302,77.161],[96.462,77.21],[96.527,77.206]]],[[[105.785,77.281],[105.903,77.304],[105.97,77.305],[106.011,77.287],[105.912,77.276],[105.862,77.255],[105.785,77.281]]],[[[89.689,77.281],[89.728,77.244],[89.817,77.211],[89.747,77.164],[89.493,77.141],[89.301,77.147],[89.135,77.218],[89.213,77.278],[89.304,77.308],[89.604,77.313],[89.689,77.281]]],[[[106.361,77.322],[106.457,77.322],[106.39,77.305],[106.354,77.307],[106.333,77.322],[106.361,77.322]]],[[[107.745,77.329],[107.743,77.313],[107.704,77.294],[107.722,77.27],[107.345,77.233],[107.205,77.234],[107.238,77.253],[107.457,77.281],[107.28,77.302],[107.395,77.36],[107.606,77.329],[107.745,77.329]]],[[[106.861,77.446],[106.881,77.425],[106.766,77.426],[106.701,77.384],[106.525,77.39],[106.527,77.406],[106.562,77.422],[106.56,77.438],[106.73,77.47],[106.925,77.467],[106.943,77.459],[106.925,77.452],[106.861,77.446]]],[[[107.704,78.137],[107.704,78.123],[107.62,78.082],[107.451,78.053],[107.422,78.074],[107.435,78.091],[107.391,78.102],[107.204,78.083],[106.395,78.131],[106.477,78.163],[106.93,78.183],[106.936,78.172],[107.259,78.164],[107.338,78.191],[107.565,78.188],[107.704,78.137]]],[[[106.532,78.254],[106.194,78.193],[105.991,78.219],[106.026,78.257],[106.069,78.271],[106.338,78.266],[106.389,78.289],[106.381,78.295],[106.417,78.328],[106.47,78.343],[106.605,78.341],[106.766,78.308],[106.733,78.266],[106.66,78.264],[106.621,78.286],[106.45,78.261],[106.532,78.254]]],[[[105.416,78.583],[105.368,78.543],[105.38,78.535],[105.357,78.506],[105.209,78.474],[104.787,78.336],[104.63,78.357],[104.353,78.341],[103.713,78.256],[103.121,78.244],[103.016,78.256],[102.866,78.219],[102.893,78.207],[102.837,78.186],[102.66,78.164],[102.681,78.213],[102.607,78.226],[102.239,78.22],[102.025,78.185],[101.975,78.212],[101.614,78.19],[101.21,78.194],[101.012,78.13],[100.583,78.061],[100.483,78.03],[100.366,78.023],[100.037,77.962],[99.871,77.952],[99.659,77.966],[99.515,77.944],[99.474,77.96],[99.371,77.96],[99.426,77.987],[99.268,78.042],[99.426,78.076],[99.536,78.145],[99.522,78.165],[99.543,78.18],[99.604,78.192],[99.755,78.265],[99.969,78.334],[100.05,78.343],[99.998,78.385],[100.016,78.405],[100.001,78.418],[100.097,78.449],[100.15,78.487],[100.131,78.501],[100.142,78.511],[100.276,78.58],[100.289,78.593],[100.255,78.624],[100.255,78.665],[100.331,78.694],[100.385,78.752],[100.602,78.798],[100.734,78.776],[100.994,78.764],[101.031,78.743],[101.166,78.761],[101.082,78.786],[100.904,78.788],[100.824,78.809],[100.833,78.832],[100.782,78.863],[100.785,78.895],[100.878,78.946],[100.907,78.985],[101.07,79.035],[101.592,78.977],[101.626,78.987],[100.988,79.063],[101.043,79.133],[101.196,79.147],[101.126,79.165],[101.194,79.203],[101.31,79.239],[101.498,79.24],[101.557,79.254],[101.541,79.274],[101.564,79.296],[101.529,79.302],[101.551,79.33],[101.544,79.341],[101.647,79.364],[101.818,79.371],[101.952,79.302],[101.967,79.284],[101.961,79.261],[102.246,79.242],[102.263,79.254],[102.168,79.292],[102.14,79.357],[102.197,79.408],[102.303,79.433],[102.606,79.417],[102.752,79.389],[102.894,79.381],[102.944,79.341],[103.138,79.325],[103.153,79.31],[103.064,79.282],[102.93,79.276],[102.825,79.227],[102.86,79.22],[102.743,79.159],[102.798,79.138],[102.674,79.077],[102.7,79.052],[102.691,79.032],[102.64,79.014],[102.636,78.997],[102.44,78.886],[102.379,78.822],[102.53,78.843],[102.666,78.892],[102.688,78.918],[102.79,78.956],[102.887,79.045],[102.921,79.058],[103.144,79.058],[103.278,79.083],[103.305,79.097],[103.297,79.104],[103.349,79.116],[103.463,79.114],[103.517,79.127],[103.531,79.159],[103.624,79.171],[103.647,79.165],[103.606,79.138],[103.808,79.154],[104.001,79.128],[104.023,79.097],[103.976,79.063],[104.074,79.033],[104.073,79.005],[104.383,78.989],[104.455,78.967],[104.504,78.925],[104.483,78.891],[104.525,78.885],[104.499,78.864],[104.367,78.857],[104.645,78.839],[104.659,78.82],[104.638,78.791],[104.579,78.775],[104.725,78.791],[104.757,78.819],[104.723,78.843],[104.759,78.853],[105.059,78.843],[105.175,78.809],[105.257,78.74],[105.24,78.725],[105.25,78.713],[105.344,78.642],[105.334,78.605],[105.416,78.583]]],[[[77.614,79.522],[77.583,79.496],[76.696,79.478],[76.641,79.487],[76.699,79.518],[76.621,79.549],[76.552,79.536],[76.174,79.569],[76.052,79.629],[76.051,79.649],[76.103,79.662],[76.224,79.657],[76.277,79.645],[76.14,79.639],[76.199,79.609],[76.269,79.604],[76.407,79.617],[76.423,79.637],[76.482,79.644],[77.614,79.522]]],[[[93.628,79.933],[93.724,79.927],[93.814,79.899],[93.747,79.856],[93.052,79.715],[92.625,79.673],[91.922,79.679],[91.97,79.693],[91.916,79.707],[91.945,79.716],[92.148,79.734],[92.308,79.715],[92.353,79.734],[92.322,79.757],[92.099,79.81],[91.073,79.851],[91.059,79.861],[91.083,79.884],[91.262,79.903],[91.299,79.919],[91.232,79.942],[91.018,79.967],[91.182,79.995],[91.161,80.027],[91.114,80.049],[90.867,80.063],[90.902,80.074],[91.596,80.038],[91.782,80.064],[92.04,80.037],[92.424,80.031],[92.649,79.984],[93.628,79.933]]],[[[51.347,79.953],[51.505,79.933],[51.42,79.916],[50.045,79.974],[50.23,79.995],[50.553,79.988],[50.654,80.044],[50.855,80.067],[51.001,80.103],[51.087,80.063],[51.265,80.056],[51.2,80.032],[51.201,80.011],[51.256,79.983],[51.388,79.967],[51.347,79.953]]],[[[36.594,80.159],[36.653,80.175],[36.854,80.152],[36.786,80.14],[36.594,80.159]]],[[[99.886,79.041],[99.863,79.024],[99.947,78.97],[99.926,78.946],[99.406,78.822],[99.133,78.827],[98.928,78.807],[98.603,78.816],[98.555,78.803],[98.603,78.793],[98.58,78.782],[98.327,78.785],[98.24,78.809],[98.09,78.809],[98.117,78.816],[98.083,78.824],[97.946,78.809],[97.761,78.809],[97.674,78.828],[97.442,78.817],[97.404,78.83],[97.452,78.838],[97.56,78.831],[97.603,78.843],[97.264,78.853],[96.919,78.941],[96.842,78.946],[96.869,78.967],[96.799,78.989],[96.28,78.994],[96.37,79.022],[95.932,78.993],[95.697,78.998],[95.65,79.02],[95.643,79.049],[95.67,79.069],[95.468,79.112],[95.067,79.038],[95.018,79.039],[94.957,79.07],[94.827,79.067],[94.632,79.127],[94.623,79.138],[94.65,79.179],[94.617,79.201],[94.334,79.249],[94.323,79.283],[94.355,79.316],[94.313,79.35],[94.321,79.392],[94.362,79.44],[94.312,79.479],[94.053,79.474],[94.081,79.447],[93.988,79.427],[93.697,79.46],[93.925,79.471],[93.991,79.494],[93.792,79.521],[93.749,79.544],[93.69,79.542],[93.8,79.563],[93.882,79.604],[93.721,79.595],[93.685,79.563],[93.558,79.549],[93.449,79.515],[93.443,79.501],[93.458,79.495],[93.539,79.487],[93.364,79.47],[93.236,79.439],[93.114,79.467],[93.32,79.501],[93.279,79.52],[93.054,79.519],[93.019,79.529],[93.042,79.534],[92.854,79.556],[92.903,79.575],[93.157,79.543],[93.28,79.552],[93.761,79.651],[93.786,79.659],[93.794,79.688],[93.848,79.71],[94.169,79.775],[94.69,79.816],[94.516,79.854],[94.36,79.868],[94.323,79.894],[94.225,79.899],[94.297,79.927],[94.382,79.933],[94.321,79.967],[94.351,79.977],[94.451,79.967],[94.75,80.007],[94.8,80.029],[94.794,80.043],[94.936,80.071],[94.91,80.097],[94.952,80.104],[95.108,80.073],[95.108,80.056],[95.242,80.022],[95.349,80.033],[95.363,80.079],[95.502,80.111],[96.11,80.111],[96.103,80.09],[96.174,80.091],[96.27,80.118],[96.36,80.099],[96.501,80.107],[96.608,80.138],[96.716,80.118],[97.592,80.175],[97.829,80.131],[97.944,80.079],[98.09,80.056],[98.007,80.015],[97.848,79.997],[97.856,79.977],[97.768,79.946],[97.829,79.933],[97.752,79.886],[97.583,79.857],[97.658,79.83],[97.521,79.809],[97.63,79.789],[97.609,79.777],[97.213,79.72],[97.192,79.707],[97.216,79.701],[97.706,79.763],[97.723,79.805],[97.918,79.857],[97.884,79.877],[97.926,79.902],[98.088,79.906],[98.256,79.873],[98.377,79.878],[98.453,79.906],[98.419,79.919],[98.487,79.94],[98.473,79.946],[98.487,79.956],[98.582,79.976],[98.439,80.015],[98.557,80.059],[98.756,80.038],[99.199,80.05],[99.248,80.036],[99.158,80.015],[99.332,80.02],[99.376,80],[99.35,79.988],[99.376,79.98],[99.563,79.967],[99.502,79.953],[99.536,79.936],[99.735,79.923],[99.803,79.906],[99.881,79.859],[100.022,79.824],[100.002,79.805],[100.077,79.783],[100.054,79.767],[99.817,79.742],[99.881,79.711],[99.886,79.693],[99.768,79.645],[99.778,79.625],[99.707,79.569],[99.789,79.522],[99.686,79.474],[99.734,79.42],[99.696,79.388],[99.748,79.364],[99.667,79.312],[99.604,79.296],[99.583,79.275],[99.47,79.266],[99.46,79.248],[99.147,79.311],[99.035,79.296],[99.583,79.173],[99.611,79.159],[99.583,79.149],[99.488,79.145],[99.527,79.124],[99.821,79.101],[99.855,79.09],[99.886,79.041]]],[[[50.081,80.068],[50,80.056],[49.883,80.07],[49.575,80.136],[49.531,80.159],[49.899,80.234],[50.229,80.226],[50.336,80.182],[50.318,80.168],[50.126,80.142],[50.052,80.084],[50.081,80.068]]],[[[55.795,80.642],[55.644,80.649],[55.603,80.666],[55.706,80.7],[55.495,80.7],[55.432,80.714],[55.61,80.742],[55.724,80.733],[55.782,80.761],[56.53,80.787],[56.576,80.776],[56.558,80.763],[56.57,80.757],[56.845,80.728],[56.946,80.694],[56.928,80.663],[56.329,80.625],[56.35,80.639],[56.312,80.655],[55.838,80.632],[55.795,80.642]]],[[[46.687,80.529],[46.645,80.515],[46.519,80.519],[46.495,80.508],[46.53,80.474],[46.48,80.46],[46.084,80.44],[46.03,80.465],[46.021,80.489],[46.029,80.515],[46.084,80.556],[46.044,80.574],[45.836,80.551],[45.75,80.561],[45.515,80.52],[45.377,80.573],[45.271,80.59],[44.857,80.617],[45.095,80.649],[46.517,80.721],[46.399,80.735],[46.442,80.745],[46.921,80.749],[47.181,80.798],[47.201,80.81],[47.092,80.831],[47.138,80.842],[47.536,80.857],[47.865,80.812],[48.039,80.807],[48.275,80.831],[48.496,80.798],[48.655,80.755],[48.5,80.749],[48.456,80.727],[48.764,80.66],[48.75,80.617],[48.727,80.611],[48.434,80.653],[48.064,80.662],[47.99,80.68],[48,80.709],[47.921,80.711],[47.749,80.77],[47.558,80.748],[47.613,80.727],[47.476,80.735],[47.572,80.68],[47.359,80.688],[47.304,80.653],[47.433,80.611],[47.442,80.601],[47.431,80.594],[47.2,80.626],[47.061,80.596],[46.992,80.553],[46.667,80.566],[46.633,80.556],[46.687,80.529]]],[[[62.222,80.813],[62.275,80.784],[62.259,80.741],[62.037,80.666],[62.147,80.639],[62.116,80.622],[61.706,80.597],[61.688,80.577],[61.588,80.556],[61.606,80.529],[61.311,80.511],[61.277,80.501],[61.383,80.491],[61.327,80.457],[61.045,80.405],[60.561,80.446],[60.307,80.496],[60.18,80.488],[60.158,80.469],[59.963,80.443],[59.636,80.431],[59.496,80.483],[59.242,80.529],[59.372,80.57],[59.286,80.582],[59.261,80.598],[59.29,80.617],[59.221,80.653],[59.31,80.687],[59.282,80.7],[59.365,80.721],[59.405,80.75],[59.534,80.763],[59.571,80.79],[59.509,80.804],[59.694,80.837],[60.171,80.854],[60.256,80.831],[59.968,80.81],[60.312,80.811],[60.362,80.79],[60.564,80.823],[61.545,80.865],[61.53,80.879],[61.603,80.896],[62.068,80.88],[62.222,80.813]]],[[[58.13,80.781],[57.882,80.787],[57.816,80.81],[57.844,80.825],[58.157,80.871],[58.746,80.903],[58.929,80.882],[59.029,80.824],[58.896,80.774],[58.696,80.779],[58.543,80.754],[58.421,80.749],[58.13,80.781]]],[[[55.766,80.784],[54.877,80.721],[54.664,80.742],[54.69,80.769],[54.657,80.788],[54.012,80.796],[53.98,80.816],[53.985,80.829],[54.101,80.852],[54.323,80.864],[54.407,80.851],[54.722,80.872],[54.765,80.864],[54.772,80.856],[54.753,80.845],[54.823,80.836],[54.983,80.892],[55.097,80.903],[55.257,80.89],[55.369,80.862],[55.987,80.804],[55.766,80.784]]],[[[51.689,80.727],[51.744,80.714],[51.701,80.677],[51.175,80.618],[50.95,80.537],[50.121,80.527],[50.047,80.499],[49.728,80.494],[49.675,80.482],[49.798,80.452],[49.799,80.427],[49.83,80.416],[49.816,80.401],[49.49,80.364],[48.84,80.388],[48.791,80.364],[48.818,80.351],[48.654,80.317],[48.627,80.295],[48.943,80.273],[49.038,80.241],[48.976,80.213],[49.107,80.19],[49.086,80.172],[48.989,80.166],[48.969,80.152],[48.734,80.159],[48.528,80.209],[48.497,80.193],[48.552,80.159],[48.511,80.124],[48.372,80.092],[48.223,80.135],[48.116,80.137],[48.045,80.118],[48.049,80.1],[48.019,80.089],[47.628,80.072],[47.605,80.089],[47.637,80.103],[47.633,80.118],[47.737,80.162],[48.047,80.189],[48.085,80.207],[47.9,80.201],[47.845,80.213],[47.969,80.235],[47.929,80.247],[47.451,80.24],[47.338,80.213],[47.387,80.187],[47.212,80.19],[47.102,80.17],[46.895,80.192],[46.906,80.228],[46.89,80.237],[46.66,80.274],[46.618,80.295],[46.65,80.314],[47.089,80.372],[47.163,80.359],[47.19,80.343],[47.174,80.323],[47.224,80.309],[47.428,80.323],[47.556,80.304],[47.637,80.316],[48.017,80.31],[47.971,80.322],[48.133,80.326],[48.189,80.338],[47.911,80.369],[47.689,80.373],[47.619,80.405],[48.202,80.416],[48.236,80.427],[48.099,80.446],[48.14,80.468],[48.1,80.476],[47.82,80.476],[47.423,80.443],[47.379,80.454],[47.415,80.466],[48.013,80.547],[48.195,80.535],[48.375,80.571],[48.565,80.543],[48.531,80.515],[48.569,80.506],[48.702,80.515],[48.827,80.498],[48.961,80.531],[49.188,80.521],[49.23,80.537],[49.175,80.556],[49.356,80.587],[49.407,80.617],[49.342,80.62],[49.285,80.645],[49.429,80.655],[49.631,80.64],[49.668,80.653],[49.634,80.666],[49.655,80.68],[49.613,80.687],[49.682,80.721],[49.628,80.731],[49.203,80.694],[49.263,80.728],[49.34,80.735],[49.243,80.745],[48.999,80.719],[48.955,80.735],[49.114,80.769],[49.004,80.776],[49.677,80.854],[49.802,80.893],[50.237,80.933],[50.443,80.906],[50.131,80.89],[49.997,80.865],[50.023,80.858],[50.724,80.895],[50.827,80.919],[51.045,80.851],[50.982,80.831],[50.47,80.81],[50.545,80.79],[50.51,80.776],[50.313,80.765],[50.251,80.742],[50.34,80.716],[50.653,80.766],[50.765,80.742],[50.883,80.774],[51.009,80.778],[51.102,80.748],[51.162,80.755],[51.144,80.768],[51.157,80.776],[51.313,80.79],[51.306,80.776],[51.451,80.742],[51.689,80.727]]],[[[79.807,80.974],[80.437,80.94],[80.4,80.886],[80.326,80.861],[79.128,80.807],[78.975,80.843],[79.121,80.93],[79.211,80.961],[79.807,80.974]]],[[[58.654,81.044],[58.697,81.025],[58.607,80.995],[58.605,80.974],[58.561,80.957],[58.367,80.946],[58.254,80.955],[57.841,81.048],[57.864,81.065],[58.001,81.084],[57.99,81.098],[58.07,81.112],[58.654,81.044]]],[[[57.336,80.892],[57.199,80.906],[57.234,80.933],[57.201,80.954],[56.932,80.974],[56.897,80.993],[56.919,81.008],[56.897,81.016],[56.096,81.091],[56.147,81.123],[56.225,81.108],[56.703,81.113],[56.944,81.072],[57.256,81.065],[57.645,81.024],[57.75,80.971],[58.282,80.927],[57.966,80.888],[57.838,80.853],[57.534,80.863],[57.336,80.892]]],[[[54.564,80.995],[54.449,80.998],[54.417,81.008],[54.426,81.024],[54.455,81.049],[54.554,81.064],[54.536,81.074],[54.544,81.084],[54.671,81.125],[54.863,81.084],[55.322,81.05],[55.52,81.008],[56.019,81.044],[56.623,80.982],[56.652,80.944],[57.681,80.817],[57.716,80.793],[57.562,80.748],[57.059,80.692],[56.843,80.762],[56.706,80.783],[56.668,80.809],[55.799,80.854],[55.774,80.861],[55.757,80.889],[55.547,80.898],[55.377,80.933],[55.405,80.958],[55.381,80.969],[54.998,80.951],[54.884,80.978],[54.86,81.002],[54.564,80.995]]],[[[50.477,81.07],[50.347,81.091],[50.388,81.105],[50.367,81.125],[50.519,81.129],[50.539,81.139],[50.491,81.159],[50.53,81.168],[50.82,81.166],[50.912,81.143],[50.977,81.106],[50.938,81.092],[50.766,81.088],[50.745,81.077],[50.779,81.062],[50.774,81.044],[50.575,81.046],[50.409,81.013],[50.374,81.023],[50.382,81.03],[50.477,81.07]]],[[[91.547,81.154],[91.571,81.143],[91.559,81.13],[91.371,81.104],[91.333,81.081],[91.186,81.057],[89.996,81.105],[89.915,81.133],[89.923,81.158],[89.894,81.174],[90.072,81.215],[91.455,81.193],[91.547,81.154]]],[[[97.747,80.742],[97.927,80.741],[97.973,80.721],[97.944,80.7],[97.78,80.691],[97.719,80.664],[97.555,80.674],[97.373,80.653],[97.294,80.671],[97.131,80.666],[97.192,80.645],[97.047,80.584],[97.059,80.572],[97.02,80.548],[97.021,80.526],[97.149,80.487],[97.147,80.454],[97.209,80.431],[97.192,80.392],[97.206,80.356],[97.423,80.327],[97.39,80.296],[97.219,80.262],[97.233,80.248],[97.188,80.234],[95.034,80.138],[94.863,80.152],[94.718,80.118],[94.53,80.131],[94.458,80.094],[94.173,80.042],[93.851,80.02],[93.75,79.997],[92.984,80.097],[92.965,80.111],[92.505,80.158],[92.066,80.172],[92.167,80.188],[92.195,80.208],[92.837,80.16],[92.888,80.172],[92.857,80.188],[92.7,80.204],[92.439,80.21],[92.281,80.23],[92.218,80.265],[92.107,80.29],[92.692,80.299],[93.289,80.267],[93.32,80.276],[93.244,80.31],[91.532,80.29],[91.641,80.317],[91.422,80.31],[91.472,80.35],[91.625,80.36],[91.689,80.372],[91.662,80.385],[91.989,80.402],[92.071,80.388],[92.121,80.399],[92.1,80.404],[92.562,80.379],[92.628,80.392],[92.097,80.419],[91.888,80.46],[92.277,80.509],[92.769,80.517],[92.793,80.529],[92.821,80.584],[92.779,80.597],[92.813,80.617],[92.825,80.651],[92.889,80.68],[93.24,80.769],[93.272,80.783],[93.27,80.797],[92.898,80.762],[92.755,80.776],[92.682,80.755],[92.535,80.753],[92.503,80.759],[92.497,80.776],[92.731,80.851],[92.677,80.879],[93.148,80.931],[93.163,80.947],[93.076,80.973],[93.053,80.995],[93.471,81.044],[93.655,81.032],[93.7,81.054],[94.059,81.069],[94.386,81.114],[94.557,81.104],[94.89,81.144],[95.187,81.218],[95.547,81.221],[95.061,81.242],[95.034,81.249],[95.104,81.271],[95.777,81.289],[96.02,81.234],[95.966,81.223],[95.968,81.205],[96.135,81.202],[96.171,81.193],[96.157,81.18],[96.185,81.171],[96.275,81.161],[96.294,81.139],[96.555,81.077],[96.533,81.065],[96.544,81.03],[96.733,81.008],[96.644,80.988],[96.726,80.974],[96.766,80.95],[96.911,80.933],[96.973,80.906],[97.425,80.851],[97.411,80.837],[97.755,80.829],[97.789,80.817],[97.747,80.796],[97.884,80.769],[97.747,80.742]]],[[[57.266,81.427],[56.74,81.454],[56.792,81.472],[56.982,81.493],[57.007,81.509],[56.946,81.522],[57.013,81.537],[57.482,81.533],[57.514,81.543],[57.485,81.551],[57.514,81.56],[57.784,81.565],[57.823,81.55],[57.796,81.536],[57.864,81.516],[57.844,81.495],[57.889,81.486],[58.4,81.474],[58.57,81.413],[58.306,81.377],[57.798,81.379],[57.577,81.399],[57.562,81.42],[57.439,81.438],[57.266,81.427]]],[[[62.504,81.653],[62.106,81.68],[62.225,81.702],[62.461,81.716],[62.538,81.706],[62.648,81.722],[62.805,81.722],[62.766,81.707],[63.678,81.695],[63.806,81.66],[63.712,81.615],[63.467,81.589],[62.691,81.614],[62.504,81.653]]],[[[58.295,81.714],[57.989,81.69],[57.891,81.708],[57.946,81.755],[58.145,81.777],[57.988,81.787],[57.94,81.804],[57.978,81.817],[59.215,81.859],[59.403,81.837],[59.44,81.818],[59.331,81.79],[59.372,81.774],[59.356,81.753],[58.295,81.714]]],[[[150.843,46.448],[150.78,46.457],[150.808,46.486],[150.843,46.448]]],[[[154.837,49.65],[154.883,49.625],[154.905,49.631],[154.876,49.544],[154.803,49.479],[154.801,49.433],[154.835,49.353],[154.815,49.31],[154.72,49.267],[154.606,49.293],[154.604,49.359],[154.638,49.424],[154.687,49.459],[154.761,49.558],[154.751,49.596],[154.837,49.65]]],[[[59.034,75.96],[59.234,75.991],[59.26,75.984],[59.262,75.965],[59.237,75.948],[58.81,75.902],[58.693,75.903],[59.034,75.96]]],[[[59.002,79.981],[58.793,80.011],[58.769,80.021],[58.796,80.044],[59.529,80.121],[59.81,80.089],[59.842,80.071],[59.836,80.027],[59.927,79.995],[59.543,79.94],[59.441,79.948],[59.433,79.933],[59.372,79.92],[59.207,79.929],[59.174,79.94],[59.2,79.953],[59.002,79.981]]],[[[55.712,80.103],[56.019,80.182],[56.048,80.2],[55.994,80.213],[56.008,80.235],[55.952,80.262],[55.994,80.303],[55.973,80.323],[55.989,80.337],[56.13,80.351],[56.643,80.325],[56.692,80.344],[56.69,80.36],[56.712,80.368],[57.022,80.364],[57.098,80.345],[57.131,80.306],[57.084,80.258],[57.099,80.221],[57.154,80.199],[57.047,80.154],[57.138,80.118],[57.118,80.096],[56.957,80.066],[55.949,80.078],[55.712,80.103]]],[[[52.623,80.183],[52.601,80.199],[52.357,80.209],[52.183,80.276],[52.306,80.293],[52.569,80.289],[52.596,80.295],[52.6,80.315],[52.731,80.323],[52.686,80.344],[52.698,80.368],[52.906,80.413],[53.047,80.399],[53.294,80.409],[53.341,80.399],[53.323,80.379],[53.349,80.361],[53.532,80.31],[53.869,80.271],[53.733,80.218],[53.664,80.245],[53.59,80.242],[53.54,80.221],[53.513,80.18],[53.49,80.172],[52.645,80.172],[52.623,80.183]]],[[[57.529,80.131],[57.426,80.128],[57.278,80.178],[57.302,80.207],[57.22,80.241],[57.265,80.269],[57.266,80.286],[57.24,80.295],[57.259,80.326],[57.192,80.364],[57.274,80.392],[57.243,80.412],[56.946,80.482],[58.452,80.468],[58.774,80.428],[58.899,80.427],[59.193,80.378],[59.276,80.33],[58.591,80.338],[58.588,80.321],[58.558,80.315],[58.391,80.32],[58.077,80.262],[58.123,80.242],[58.461,80.235],[58.475,80.222],[58.467,80.209],[58.426,80.187],[58.447,80.18],[58.407,80.166],[58.251,80.187],[58.086,80.183],[58.041,80.206],[57.934,80.192],[57.905,80.172],[57.97,80.149],[57.991,80.117],[58.015,80.111],[57.97,80.099],[57.713,80.099],[57.529,80.131]]],[[[53.798,80.473],[53.854,80.482],[53.838,80.505],[53.848,80.51],[53.973,80.529],[53.859,80.554],[53.841,80.574],[53.854,80.6],[53.883,80.611],[54.269,80.589],[54.315,80.577],[54.17,80.573],[54.136,80.556],[54.41,80.543],[54.387,80.525],[54.458,80.501],[54.465,80.482],[54.288,80.42],[53.798,80.473]]],[[[60.256,81.036],[60.613,81.092],[61.702,81.105],[61.606,81.077],[61.628,81.055],[61.6,81.031],[60.988,80.922],[60.343,80.949],[60.254,80.972],[60.07,80.98],[60.023,80.995],[60.062,81.008],[60.256,81.036]]],[[[62.771,80.886],[62.938,80.91],[63.142,80.971],[64.036,80.987],[64.186,81.019],[64.217,81.057],[64.12,81.094],[64.275,81.169],[64.423,81.194],[64.705,81.205],[65.23,81.137],[65.436,81.037],[65.45,81.023],[65.306,80.995],[65.389,80.986],[65.466,80.935],[65.446,80.92],[65.078,80.841],[65,80.809],[64.669,80.776],[64.587,80.755],[63.775,80.714],[63.686,80.727],[63.131,80.683],[62.511,80.81],[62.509,80.834],[62.53,80.844],[62.771,80.886]]],[[[57.336,81.205],[57.888,81.246],[58.027,81.234],[58.084,81.215],[57.852,81.19],[57.771,81.148],[57.7,81.137],[57.39,81.124],[56.994,81.166],[57.336,81.205]]],[[[55.647,81.2],[55.561,81.223],[55.609,81.276],[55.432,81.276],[55.541,81.297],[55.466,81.324],[55.87,81.324],[55.954,81.301],[56.074,81.302],[56.216,81.277],[56.603,81.262],[56.473,81.29],[56.391,81.324],[56.418,81.338],[56.336,81.385],[56.726,81.397],[56.781,81.385],[56.761,81.379],[56.789,81.368],[56.898,81.379],[57.409,81.341],[57.499,81.312],[57.689,81.331],[57.905,81.297],[57.811,81.275],[57.048,81.253],[56.615,81.179],[56.384,81.18],[56.39,81.204],[56.24,81.228],[55.824,81.186],[55.647,81.2]]],[[[58.563,81.324],[58.481,81.324],[58.464,81.335],[58.493,81.352],[58.669,81.382],[59.018,81.403],[59.246,81.377],[59.385,81.331],[59.342,81.304],[59.054,81.287],[58.655,81.307],[58.563,81.324]]],[[[61.904,81.605],[62.141,81.586],[62.196,81.565],[62.068,81.547],[61.828,81.564],[61.654,81.605],[61.904,81.605]]],[[[40.455,64.582],[40.458,64.568],[40.436,64.564],[40.195,64.574],[40.055,64.653],[39.824,64.68],[39.855,64.699],[39.984,64.719],[40.043,64.701],[40.188,64.708],[40.254,64.689],[40.268,64.656],[40.302,64.635],[40.431,64.613],[40.455,64.582]]],[[[40.002,64.737],[39.944,64.728],[39.95,64.742],[40.002,64.737]]],[[[40.145,64.734],[40.035,64.761],[40.05,64.769],[40.222,64.784],[40.334,64.772],[40.388,64.736],[40.407,64.642],[40.396,64.629],[40.326,64.638],[40.252,64.699],[40.145,64.734]]],[[[36.013,65.052],[36.026,65.037],[36.005,65.027],[35.906,65.022],[35.892,65.041],[35.927,65.054],[36.013,65.052]]],[[[36.211,65.158],[36.261,65.155],[36.236,65.146],[36.066,65.125],[35.942,65.155],[35.95,65.181],[35.99,65.191],[36.059,65.159],[36.211,65.158]]],[[[54.33,68.311],[54.344,68.293],[54.317,68.259],[54.221,68.245],[54.199,68.256],[54.201,68.279],[54.239,68.304],[54.33,68.331],[54.297,68.314],[54.33,68.311]]],[[[53.912,68.362],[53.991,68.346],[53.958,68.293],[53.92,68.288],[53.866,68.307],[53.858,68.346],[53.912,68.362]]],[[[49.049,68.678],[49.12,68.663],[48.766,68.697],[49.049,68.678]]],[[[49.579,68.819],[49.598,68.815],[49.55,68.795],[49.492,68.792],[49.579,68.819]]],[[[54.267,68.817],[54.395,68.783],[54.228,68.796],[54.193,68.814],[54.267,68.817]]],[[[49.814,68.899],[49.752,68.877],[49.814,68.899]]],[[[54.974,68.94],[55.013,68.936],[55.02,68.915],[54.912,68.931],[54.974,68.94]]],[[[50.083,68.961],[50.108,68.964],[50.07,68.943],[50.001,68.932],[50.083,68.961]]],[[[67.217,69.421],[67.287,69.438],[67.306,69.428],[67.149,69.368],[67.096,69.366],[66.995,69.389],[66.939,69.439],[66.968,69.459],[67.013,69.436],[67.217,69.421]]],[[[67.328,69.573],[67.345,69.522],[67.259,69.439],[67.059,69.451],[67.022,69.477],[67.038,69.498],[67.188,69.571],[67.3,69.584],[67.328,69.573]]],[[[66.837,70.392],[66.764,70.403],[66.59,70.473],[66.668,70.538],[66.671,70.508],[66.7,70.477],[66.837,70.392]]],[[[66.559,70.544],[66.583,70.502],[66.528,70.507],[66.439,70.568],[66.397,70.63],[66.388,70.711],[66.428,70.8],[66.48,70.764],[66.454,70.684],[66.546,70.603],[66.559,70.544]]],[[[66.6,70.914],[66.508,70.828],[66.434,70.827],[66.523,70.943],[66.6,71.004],[66.613,70.983],[66.584,70.947],[66.6,70.914]]],[[[53.37,71.292],[53.395,71.281],[53.355,71.28],[53.242,71.309],[53.161,71.355],[53.24,71.354],[53.37,71.292]]],[[[152.875,76.151],[152.891,76.134],[152.884,76.116],[152.773,76.083],[152.555,76.139],[152.62,76.169],[152.829,76.196],[152.878,76.191],[152.864,76.166],[152.875,76.151]]],[[[156.661,77.108],[156.671,77.088],[156.653,77.084],[156.492,77.098],[156.55,77.126],[156.661,77.108]]],[[[92.062,77.63],[92.11,77.622],[92.11,77.611],[91.985,77.587],[91.911,77.6],[91.866,77.629],[91.944,77.644],[92.062,77.63]]],[[[58.815,79.917],[58.87,79.901],[58.763,79.883],[58.654,79.893],[58.585,79.926],[58.529,79.933],[58.248,79.933],[58.614,79.979],[58.645,79.975],[58.637,79.959],[58.716,79.929],[58.815,79.917]]],[[[60.167,80.169],[60.21,80.149],[60.173,80.139],[59.993,80.147],[59.891,80.175],[60.052,80.188],[60.167,80.169]]],[[[54.408,80.285],[54.428,80.272],[54.4,80.259],[54.406,80.221],[54.382,80.21],[54.178,80.189],[54.138,80.196],[54.168,80.237],[54.11,80.253],[54.101,80.273],[54.109,80.287],[54.194,80.307],[54.408,80.285]]],[[[55.499,80.317],[55.524,80.306],[55.498,80.277],[55.235,80.228],[55.076,80.219],[54.942,80.241],[54.93,80.26],[55.154,80.276],[55.071,80.301],[55.296,80.332],[55.499,80.317]]],[[[54.987,80.414],[55.245,80.438],[55.271,80.409],[55.263,80.391],[55.13,80.374],[54.975,80.403],[54.987,80.414]]],[[[54.842,80.431],[54.846,80.418],[54.771,80.393],[54.526,80.375],[54.39,80.387],[54.458,80.403],[54.513,80.446],[54.627,80.477],[54.724,80.472],[54.842,80.431]]],[[[54.821,80.465],[54.631,80.502],[54.622,80.511],[54.709,80.526],[54.886,80.533],[55.056,80.503],[55.073,80.484],[54.982,80.449],[54.821,80.465]]],[[[59.737,81.19],[59.759,81.179],[59.73,81.165],[58.995,81.198],[59.098,81.213],[59.737,81.19]]],[[[60.563,81.274],[60.571,81.268],[60.552,81.261],[60.432,81.244],[59.841,81.292],[60.032,81.311],[60.514,81.29],[60.563,81.274]]],[[[58.369,81.58],[58.298,81.585],[58.281,81.6],[58.414,81.625],[58.647,81.634],[58.702,81.613],[58.665,81.596],[58.493,81.579],[58.369,81.58]]],[[[132.45,42.828],[132.478,42.804],[132.467,42.797],[132.402,42.832],[132.428,42.896],[132.454,42.861],[132.45,42.828]]],[[[47.851,43.999],[47.867,43.984],[47.763,43.928],[47.684,43.94],[47.68,43.951],[47.643,43.944],[47.628,43.963],[47.666,43.996],[47.851,43.999]]],[[[47.997,45.468],[47.991,45.449],[47.96,45.476],[47.918,45.57],[47.917,45.633],[47.957,45.65],[47.997,45.52],[47.997,45.468]]],[[[139.225,54.589],[139.277,54.613],[139.244,54.581],[139.219,54.581],[139.225,54.589]]],[[[138.19,54.716],[138.241,54.714],[138.196,54.701],[138.19,54.716]]],[[[149.033,59.192],[149.141,59.208],[149.098,59.175],[149.103,59.162],[149.034,59.169],[149.033,59.192]]],[[[-172.475,64.642],[-172.453,64.624],[-172.458,64.611],[-172.519,64.593],[-172.67,64.601],[-172.725,64.626],[-172.72,64.644],[-172.696,64.653],[-172.475,64.642]]],[[[67.381,68.792],[67.407,68.776],[67.401,68.761],[67.333,68.758],[67.207,68.802],[67.158,68.788],[67.116,68.798],[67.236,68.82],[67.381,68.792]]],[[[-175.586,71.38],[-175.575,71.364],[-175.629,71.352],[-175.811,71.412],[-175.586,71.38]]],[[[161.894,69.654],[161.908,69.647],[161.886,69.619],[161.899,69.574],[161.867,69.555],[161.752,69.553],[161.666,69.621],[161.667,69.637],[161.894,69.654]]],[[[170.125,69.773],[170.275,69.773],[170.101,69.687],[170.066,69.694],[170.07,69.709],[169.955,69.727],[170.125,69.773]]],[[[83.305,70.806],[83.469,70.738],[83.444,70.691],[83.305,70.645],[83.301,70.605],[83.259,70.549],[83.265,70.511],[83.309,70.481],[83.31,70.443],[83.194,70.379],[83.065,70.365],[83.132,70.434],[83.118,70.48],[83.147,70.65],[83.207,70.686],[83.231,70.769],[83.257,70.801],[83.305,70.806]]],[[[97.646,76.756],[97.623,76.737],[97.566,76.752],[97.46,76.718],[97.448,76.742],[97.161,76.754],[97.639,76.773],[97.646,76.756]]],[[[89.047,77.141],[89.136,77.127],[88.969,77.039],[89.019,77.013],[88.989,76.99],[88.92,76.977],[88.816,76.985],[88.7,77.04],[88.664,77.08],[88.786,77.124],[89.047,77.141]]]]}},{"type":"Feature","properties":{"name":"Belarus","blocKey":"csto","blocLabel":"CSTO","color":"#b26a3d","certainty":"member","basis":"CSTO member"},"geometry":{"type":"Polygon","coordinates":[[[23.606,51.517],[23.56,51.555],[23.574,51.555],[23.543,51.593],[23.532,51.659],[23.56,51.672],[23.546,51.69],[23.559,51.695],[23.547,51.714],[23.56,51.755],[23.618,51.787],[23.629,51.81],[23.595,51.843],[23.622,51.877],[23.629,51.946],[23.676,51.994],[23.637,52.084],[23.579,52.122],[23.512,52.124],[23.485,52.159],[23.488,52.182],[23.471,52.172],[23.45,52.186],[23.391,52.183],[23.396,52.2],[23.19,52.241],[23.194,52.271],[23.166,52.289],[23.392,52.51],[23.569,52.586],[23.736,52.615],[23.869,52.67],[23.909,52.7],[23.922,52.743],[23.901,52.923],[23.918,52.951],[23.911,53.005],[23.859,53.068],[23.894,53.152],[23.801,53.242],[23.743,53.365],[23.591,53.611],[23.565,53.742],[23.53,53.784],[23.486,53.939],[23.627,53.898],[23.787,53.928],[23.828,53.92],[23.92,53.948],[24.045,53.931],[24.17,53.959],[24.229,53.932],[24.257,53.894],[24.378,53.887],[24.529,53.958],[24.667,53.994],[24.706,53.964],[24.806,53.975],[24.821,54.02],[24.782,54.093],[24.818,54.11],[24.822,54.135],[24.902,54.15],[25.072,54.132],[25.157,54.176],[25.206,54.257],[25.37,54.248],[25.459,54.299],[25.554,54.231],[25.502,54.222],[25.529,54.196],[25.486,54.175],[25.516,54.145],[25.654,54.129],[25.763,54.156],[25.772,54.218],[25.789,54.236],[25.739,54.283],[25.719,54.282],[25.696,54.321],[25.564,54.303],[25.529,54.321],[25.53,54.346],[25.613,54.422],[25.631,54.508],[25.74,54.569],[25.74,54.608],[25.708,54.663],[25.721,54.767],[25.735,54.789],[25.778,54.805],[25.783,54.87],[25.847,54.906],[25.87,54.939],[26.139,54.969],[26.225,55.055],[26.233,55.112],[26.264,55.14],[26.429,55.128],[26.473,55.146],[26.601,55.121],[26.657,55.215],[26.766,55.247],[26.801,55.273],[26.769,55.3],[26.603,55.317],[26.525,55.308],[26.45,55.327],[26.499,55.428],[26.543,55.46],[26.532,55.516],[26.596,55.568],[26.608,55.616],[26.595,55.667],[26.616,55.688],[26.743,55.683],[26.823,55.706],[26.9,55.779],[26.981,55.827],[27.151,55.832],[27.263,55.787],[27.35,55.831],[27.439,55.799],[27.593,55.794],[27.645,55.923],[27.744,55.96],[27.781,56.016],[27.881,56.064],[27.927,56.109],[28.111,56.157],[28.311,56.043],[28.39,56.089],[28.611,56.088],[28.681,56.027],[28.706,55.96],[28.732,55.947],[28.831,55.938],[28.833,55.961],[28.86,55.976],[29.031,56.024],[29.145,56.012],[29.224,55.978],[29.396,55.948],[29.444,55.907],[29.384,55.88],[29.344,55.787],[29.363,55.751],[29.481,55.681],[29.684,55.771],[29.806,55.771],[29.869,55.831],[29.908,55.843],[29.988,55.847],[30.106,55.822],[30.2,55.858],[30.271,55.831],[30.469,55.794],[30.481,55.754],[30.587,55.718],[30.584,55.679],[30.596,55.665],[30.694,55.652],[30.742,55.594],[30.848,55.611],[30.886,55.6],[30.913,55.572],[30.92,55.534],[30.899,55.499],[30.919,55.492],[30.881,55.451],[30.919,55.408],[30.918,55.388],[30.811,55.323],[30.794,55.286],[30.857,55.253],[30.887,55.205],[30.96,55.163],[30.959,55.144],[30.984,55.131],[30.97,55.101],[31.006,55.023],[30.913,55.025],[30.907,55.013],[30.936,54.973],[30.917,54.954],[30.815,54.928],[30.826,54.877],[30.768,54.83],[30.771,54.786],[30.981,54.706],[30.999,54.671],[31.105,54.668],[31.168,54.622],[31.065,54.492],[31.209,54.448],[31.249,54.377],[31.285,54.347],[31.299,54.273],[31.325,54.229],[31.506,54.144],[31.737,54.094],[31.771,54.049],[31.823,54.053],[31.847,53.992],[31.838,53.962],[31.81,53.883],[31.745,53.795],[31.873,53.777],[32.084,53.81],[32.29,53.761],[32.372,53.714],[32.442,53.714],[32.49,53.677],[32.399,53.635],[32.429,53.562],[32.554,53.511],[32.577,53.486],[32.65,53.488],[32.647,53.458],[32.701,53.462],[32.72,53.439],[32.704,53.366],[32.717,53.335],[32.58,53.324],[32.596,53.308],[32.569,53.299],[32.455,53.3],[32.456,53.278],[32.479,53.275],[32.424,53.204],[32.353,53.18],[32.268,53.125],[32.216,53.126],[32.201,53.098],[32.117,53.081],[32.01,53.1],[31.931,53.088],[31.796,53.112],[31.756,53.187],[31.614,53.21],[31.536,53.195],[31.416,53.2],[31.379,53.182],[31.36,53.134],[31.364,53.089],[31.319,53.076],[31.247,53.014],[31.323,52.977],[31.388,52.888],[31.505,52.849],[31.524,52.812],[31.561,52.787],[31.57,52.725],[31.481,52.682],[31.579,52.578],[31.629,52.548],[31.611,52.536],[31.559,52.541],[31.576,52.525],[31.551,52.512],[31.588,52.483],[31.583,52.403],[31.608,52.372],[31.603,52.341],[31.567,52.311],[31.631,52.265],[31.699,52.251],[31.682,52.202],[31.763,52.15],[31.764,52.101],[31.383,52.117],[31.304,52.097],[31.229,52.038],[31.096,52.08],[30.959,52.075],[30.919,52.059],[30.911,52.023],[30.941,52.02],[30.941,51.994],[30.897,51.998],[30.858,51.958],[30.803,51.939],[30.811,51.918],[30.788,51.901],[30.742,51.898],[30.735,51.874],[30.662,51.819],[30.671,51.791],[30.618,51.761],[30.646,51.755],[30.625,51.706],[30.57,51.7],[30.557,51.624],[30.515,51.604],[30.543,51.583],[30.523,51.563],[30.584,51.542],[30.563,51.522],[30.585,51.509],[30.589,51.482],[30.618,51.467],[30.586,51.452],[30.588,51.427],[30.618,51.419],[30.646,51.367],[30.632,51.364],[30.638,51.336],[30.58,51.304],[30.551,51.237],[30.465,51.262],[30.428,51.292],[30.355,51.305],[30.317,51.341],[30.33,51.37],[30.32,51.402],[30.149,51.484],[29.886,51.465],[29.829,51.43],[29.738,51.439],[29.7,51.484],[29.638,51.491],[29.568,51.45],[29.505,51.437],[29.466,51.385],[29.403,51.396],[29.32,51.366],[29.297,51.374],[29.265,51.433],[29.228,51.456],[29.227,51.519],[29.16,51.603],[29.124,51.625],[29.063,51.631],[29.024,51.614],[28.981,51.569],[28.864,51.559],[28.8,51.533],[28.752,51.484],[28.752,51.429],[28.729,51.401],[28.704,51.443],[28.664,51.434],[28.637,51.45],[28.604,51.554],[28.461,51.572],[28.334,51.528],[28.311,51.574],[28.258,51.602],[28.245,51.641],[28.21,51.652],[28.071,51.558],[27.955,51.561],[27.876,51.608],[27.831,51.613],[27.8,51.585],[27.793,51.517],[27.714,51.464],[27.664,51.493],[27.705,51.568],[27.693,51.589],[27.477,51.624],[27.409,51.592],[27.267,51.587],[27.254,51.595],[27.277,51.651],[27.189,51.664],[27.178,51.747],[27.151,51.757],[27.022,51.765],[26.921,51.743],[26.855,51.749],[26.666,51.801],[26.446,51.806],[26.419,51.821],[26.408,51.851],[26.175,51.857],[26.081,51.901],[25.768,51.929],[25.352,51.921],[25.138,51.949],[25.003,51.91],[24.722,51.882],[24.64,51.892],[24.391,51.88],[24.312,51.828],[24.272,51.743],[24.244,51.718],[23.981,51.586],[23.941,51.582],[23.885,51.62],[23.75,51.644],[23.629,51.629],[23.594,51.605],[23.629,51.531],[23.624,51.516],[23.606,51.517]]]}},{"type":"Feature","properties":{"name":"Armenia","blocKey":"csto","blocLabel":"CSTO","color":"#b26a3d","certainty":"contested","basis":"CSTO member (participation frozen 2024)"},"geometry":{"type":"MultiPolygon","coordinates":[[[[45.002,41.29],[45.039,41.231],[45.035,41.198],[45.134,41.188],[45.2,41.143],[45.201,41.127],[45.167,41.108],[45.068,41.111],[45.057,41.079],[45.07,41.062],[45.111,41.05],[45.12,41.08],[45.222,41.014],[45.313,40.997],[45.419,41.017],[45.416,40.961],[45.479,40.93],[45.538,40.876],[45.599,40.863],[45.582,40.799],[45.556,40.777],[45.438,40.733],[45.374,40.675],[45.388,40.61],[45.445,40.566],[45.455,40.524],[45.485,40.505],[45.526,40.441],[45.585,40.399],[45.818,40.298],[45.862,40.261],[45.925,40.266],[45.979,40.224],[45.963,40.142],[45.91,40.083],[45.874,40.01],[45.64,40.025],[45.576,39.994],[45.579,39.97],[45.743,39.941],[45.817,39.839],[45.862,39.805],[45.979,39.768],[46.045,39.688],[46.132,39.652],[46.184,39.593],[46.344,39.619],[46.396,39.577],[46.495,39.576],[46.524,39.555],[46.518,39.525],[46.492,39.51],[46.491,39.466],[46.406,39.451],[46.374,39.436],[46.361,39.41],[46.375,39.379],[46.495,39.324],[46.518,39.279],[46.603,39.215],[46.514,39.184],[46.418,39.212],[46.395,39.195],[46.396,39.164],[46.479,39.115],[46.492,39.082],[46.475,38.951],[46.514,38.882],[46.378,38.925],[46.291,38.914],[46.202,38.871],[46.136,38.864],[46.025,39.064],[45.958,39.152],[45.955,39.203],[45.986,39.249],[45.759,39.369],[45.803,39.448],[45.797,39.536],[45.765,39.562],[45.715,39.569],[45.586,39.545],[45.435,39.489],[45.375,39.526],[45.313,39.534],[45.26,39.6],[45.205,39.572],[45.148,39.575],[45.152,39.668],[45.068,39.757],[45.034,39.77],[44.927,39.725],[44.775,39.703],[44.692,39.793],[44.648,39.805],[44.612,39.837],[44.598,39.831],[44.591,39.858],[44.522,39.934],[44.326,40.035],[44.255,40.043],[44.135,40.022],[44.104,40.036],[44.032,40.009],[43.912,40.024],[43.665,40.11],[43.653,40.139],[43.721,40.169],[43.673,40.228],[43.691,40.239],[43.676,40.266],[43.594,40.345],[43.625,40.42],[43.559,40.478],[43.594,40.509],[43.639,40.523],[43.631,40.537],[43.653,40.529],[43.665,40.574],[43.707,40.612],[43.7,40.635],[43.729,40.677],[43.721,40.763],[43.66,40.852],[43.636,40.934],[43.565,40.988],[43.46,41.023],[43.44,41.107],[43.567,41.124],[43.754,41.108],[43.863,41.159],[43.956,41.16],[44.061,41.184],[44.125,41.178],[44.18,41.23],[44.285,41.191],[44.345,41.213],[44.455,41.18],[44.517,41.207],[44.552,41.177],[44.613,41.223],[44.675,41.208],[44.848,41.209],[44.858,41.219],[44.847,41.231],[44.801,41.259],[44.821,41.273],[44.955,41.263],[45.002,41.29]],[[44.979,41.082],[44.964,41.074],[44.967,41.045],[45.016,41.023],[45.03,41.046],[45.019,41.075],[44.979,41.082]],[[45.21,40.968],[45.22,40.979],[45.177,40.994],[45.187,40.971],[45.21,40.968]]],[[[45.514,40.602],[45.479,40.61],[45.479,40.65],[45.52,40.66],[45.561,40.648],[45.514,40.602]]]]}},{"type":"Feature","properties":{"name":"Ukraine","blocKey":"nato","blocLabel":"NATO","color":"#5b6fb0","certainty":"contested","basis":"NATO aspirant; NATO–Ukraine Council"},"geometry":{"type":"MultiPolygon","coordinates":[[[[31.764,52.101],[31.859,52.1],[31.882,52.086],[31.892,52.036],[31.91,52.029],[31.981,52.048],[32.096,52.041],[32.233,52.081],[32.278,52.103],[32.307,52.141],[32.328,52.219],[32.367,52.247],[32.34,52.287],[32.354,52.322],[32.394,52.327],[32.481,52.307],[32.528,52.316],[32.725,52.252],[32.844,52.262],[32.909,52.241],[33.03,52.304],[33.08,52.306],[33.183,52.367],[33.359,52.358],[33.419,52.338],[33.481,52.358],[33.499,52.341],[33.493,52.303],[33.51,52.288],[33.688,52.356],[33.804,52.355],[33.958,52.225],[34.022,52.198],[34.065,52.159],[34.063,52.05],[34.101,51.993],[34.096,51.952],[34.146,51.952],[34.228,51.899],[34.234,51.878],[34.295,51.874],[34.386,51.818],[34.413,51.778],[34.414,51.736],[34.376,51.709],[34.089,51.667],[34.08,51.643],[34.14,51.621],[34.153,51.584],[34.224,51.515],[34.217,51.417],[34.187,51.408],[34.186,51.394],[34.247,51.363],[34.3,51.368],[34.309,51.335],[34.284,51.301],[34.186,51.249],[34.282,51.226],[34.372,51.257],[34.513,51.23],[34.608,51.234],[34.643,51.181],[34.675,51.168],[34.818,51.175],[34.946,51.214],[35.079,51.208],[35.144,51.058],[35.173,51.041],[35.309,51.047],[35.355,51.026],[35.333,51],[35.278,50.993],[35.285,50.944],[35.342,50.916],[35.341,50.876],[35.378,50.834],[35.379,50.797],[35.438,50.762],[35.445,50.688],[35.469,50.669],[35.392,50.646],[35.378,50.622],[35.425,50.5],[35.446,50.476],[35.541,50.45],[35.57,50.376],[35.611,50.352],[35.697,50.345],[35.738,50.382],[35.837,50.423],[36.106,50.421],[36.169,50.384],[36.269,50.281],[36.316,50.275],[36.41,50.305],[36.536,50.268],[36.535,50.22],[36.594,50.204],[36.636,50.214],[36.683,50.261],[36.849,50.324],[36.914,50.339],[37.052,50.335],[37.197,50.362],[37.285,50.415],[37.415,50.432],[37.435,50.425],[37.48,50.34],[37.599,50.291],[37.597,50.197],[37.728,50.079],[37.916,50.003],[38,49.9],[38.067,49.927],[38.119,49.919],[38.166,49.941],[38.174,50.06],[38.3,50.061],[38.356,49.981],[38.498,49.948],[38.665,49.965],[38.687,49.914],[38.748,49.885],[38.852,49.866],[38.937,49.803],[39.049,49.811],[39.117,49.864],[39.156,49.874],[39.183,49.859],[39.261,49.745],[39.328,49.726],[39.444,49.75],[39.558,49.724],[39.623,49.613],[39.802,49.542],[39.889,49.553],[39.998,49.608],[40.131,49.58],[40.126,49.559],[40.054,49.52],[40.035,49.487],[40.062,49.426],[40.16,49.334],[40.142,49.246],[39.952,49.125],[39.919,49.048],[39.681,49.02],[39.674,48.97],[39.759,48.895],[39.908,48.878],[39.95,48.853],[40.009,48.888],[40.054,48.869],[40.039,48.83],[39.975,48.79],[39.824,48.816],[39.779,48.808],[39.703,48.747],[39.632,48.587],[39.69,48.594],[39.835,48.573],[39.87,48.51],[39.842,48.499],[39.845,48.484],[39.924,48.376],[39.816,48.308],[39.885,48.279],[39.957,48.293],[39.993,48.273],[39.978,48.235],[39.894,48.183],[39.843,48.12],[39.829,48.077],[39.843,48.036],[39.76,48.015],[39.796,47.961],[39.759,47.833],[39.701,47.812],[39.57,47.831],[39.392,47.823],[39.32,47.846],[39.114,47.829],[39.039,47.857],[38.877,47.861],[38.831,47.848],[38.771,47.781],[38.735,47.677],[38.662,47.683],[38.562,47.627],[38.353,47.607],[38.293,47.563],[38.26,47.493],[38.258,47.393],[38.189,47.301],[38.292,47.287],[38.298,47.256],[38.203,47.192],[38.201,47.131],[38.217,47.103],[38.142,47.038],[38.108,47.026],[38.13,47.075],[38.072,47.1],[38.026,47.082],[37.861,47.102],[37.753,47.075],[37.546,47.082],[37.483,47.036],[37.335,46.882],[37.313,46.876],[37.317,46.901],[37.295,46.92],[37.227,46.937],[37.029,46.876],[36.854,46.8],[36.862,46.777],[36.812,46.681],[36.769,46.637],[36.744,46.65],[36.772,46.643],[36.803,46.725],[36.696,46.78],[36.634,46.78],[36.59,46.759],[36.524,46.759],[36.4,46.724],[36.303,46.659],[36.278,46.607],[36.268,46.626],[36.246,46.611],[36.244,46.635],[36.189,46.669],[35.902,46.653],[35.771,46.601],[35.629,46.498],[35.491,46.448],[35.38,46.368],[35.185,46.145],[35,46.074],[34.985,46.087],[35.052,46.128],[35.044,46.142],[35.2,46.183],[35.342,46.336],[35.346,46.361],[35.312,46.338],[35.268,46.351],[35.259,46.373],[35.285,46.437],[35.215,46.463],[35.188,46.512],[35.167,46.493],[35.202,46.44],[35.209,46.396],[35.108,46.298],[35.031,46.252],[34.927,46.235],[34.894,46.252],[34.882,46.222],[34.839,46.208],[34.812,46.177],[34.824,46.078],[34.874,45.926],[35.002,45.729],[34.976,45.717],[34.789,45.804],[34.784,45.899],[34.763,45.932],[34.689,45.974],[34.53,45.981],[34.504,45.951],[34.465,45.955],[34.411,45.988],[34.362,46.056],[34.334,46.07],[34.236,46.098],[34.161,46.091],[34.068,46.105],[33.846,46.196],[33.716,46.196],[33.67,46.218],[33.66,46.148],[33.629,46.125],[33.597,46.156],[33.55,46.136],[33.531,46.107],[33.558,46.087],[33.496,46.068],[33.516,46.046],[33.424,46.053],[33.358,46.104],[33.331,46.107],[33.311,46.087],[33.29,46.095],[33.316,46.131],[33.215,46.128],[33.235,46.224],[33.175,46.153],[33.123,46.136],[33.023,46.17],[33.032,46.141],[33.018,46.128],[32.899,46.115],[32.766,46.136],[32.503,46.076],[32.262,46.128],[32.242,46.177],[32.269,46.205],[32.213,46.193],[32.129,46.21],[32.05,46.266],[32.018,46.258],[31.886,46.32],[31.882,46.279],[31.801,46.285],[31.767,46.318],[31.8,46.342],[31.968,46.351],[32.062,46.394],[32.054,46.406],[32.008,46.449],[31.911,46.456],[31.749,46.5],[31.69,46.479],[31.687,46.43],[31.664,46.472],[31.508,46.588],[31.582,46.545],[31.756,46.554],[31.862,46.519],[32.112,46.512],[32.318,46.464],[32.4,46.478],[32.427,46.499],[32.408,46.517],[32.436,46.543],[32.525,46.593],[32.588,46.604],[32.646,46.65],[32.409,46.569],[32.336,46.562],[32.248,46.607],[32.146,46.56],[32.118,46.607],[32.023,46.629],[31.98,46.677],[31.94,46.759],[31.936,46.8],[32.007,46.915],[31.996,46.94],[31.936,46.955],[31.977,47.009],[31.865,47.026],[31.897,47.093],[31.882,47.119],[31.846,47.134],[31.831,47.187],[31.758,47.216],[31.742,47.259],[31.727,47.221],[31.806,47.193],[31.816,47.123],[31.874,47.094],[31.845,47.054],[31.837,47.008],[31.947,46.999],[31.899,46.944],[31.926,46.923],[31.968,46.937],[31.973,46.915],[31.945,46.86],[31.899,46.843],[31.865,46.807],[31.865,46.78],[31.907,46.738],[31.899,46.65],[31.815,46.623],[31.674,46.653],[31.597,46.643],[31.579,46.617],[31.493,46.629],[31.481,46.646],[31.491,46.663],[31.618,46.813],[31.606,46.826],[31.584,46.794],[31.508,46.745],[31.441,46.8],[31.456,46.755],[31.506,46.72],[31.416,46.629],[31.338,46.601],[31.16,46.629],[30.991,46.601],[30.867,46.556],[30.791,46.553],[30.755,46.516],[30.798,46.446],[30.772,46.396],[30.715,46.348],[30.652,46.345],[30.687,46.32],[30.682,46.3],[30.523,46.134],[30.494,46.08],[30.371,45.998],[30.261,45.895],[30.138,45.82],[30.127,45.891],[30.095,45.815],[30.061,45.813],[29.991,45.847],[29.969,45.839],[29.953,45.772],[29.926,45.814],[29.918,45.783],[29.939,45.752],[29.932,45.724],[29.888,45.765],[29.802,45.737],[29.803,45.704],[29.86,45.669],[29.81,45.649],[29.789,45.655],[29.789,45.635],[29.734,45.614],[29.724,45.667],[29.683,45.697],[29.679,45.752],[29.694,45.781],[29.638,45.826],[29.631,45.814],[29.652,45.789],[29.623,45.736],[29.638,45.71],[29.603,45.691],[29.59,45.559],[29.648,45.545],[29.707,45.573],[29.606,45.478],[29.641,45.442],[29.656,45.474],[29.672,45.477],[29.675,45.45],[29.702,45.457],[29.713,45.436],[29.732,45.476],[29.755,45.447],[29.748,45.414],[29.728,45.416],[29.75,45.386],[29.755,45.313],[29.73,45.238],[29.709,45.223],[29.659,45.216],[29.672,45.273],[29.65,45.346],[29.57,45.395],[29.322,45.444],[29.282,45.422],[29.228,45.424],[29.174,45.389],[28.974,45.324],[28.953,45.285],[28.93,45.279],[28.832,45.322],[28.79,45.321],[28.79,45.292],[28.76,45.274],[28.803,45.244],[28.779,45.231],[28.577,45.248],[28.33,45.323],[28.281,45.402],[28.286,45.422],[28.238,45.452],[28.213,45.45],[28.202,45.469],[28.271,45.522],[28.502,45.509],[28.498,45.559],[28.537,45.58],[28.511,45.635],[28.474,45.658],[28.515,45.702],[28.561,45.717],[28.577,45.762],[28.67,45.777],[28.67,45.812],[28.738,45.838],[28.746,45.871],[28.728,45.922],[28.74,45.953],[28.957,46.001],[28.939,46.089],[29.015,46.183],[29.01,46.204],[28.934,46.259],[28.945,46.321],[28.919,46.405],[28.946,46.455],[29.184,46.538],[29.207,46.503],[29.206,46.406],[29.183,46.378],[29.201,46.357],[29.283,46.397],[29.289,46.452],[29.307,46.472],[29.375,46.416],[29.458,46.485],[29.486,46.476],[29.481,46.425],[29.541,46.413],[29.583,46.37],[29.616,46.362],[29.646,46.376],[29.654,46.423],[29.703,46.428],[29.714,46.471],[29.8,46.398],[29.808,46.355],[29.828,46.339],[29.919,46.374],[30.081,46.374],[30.132,46.423],[30.077,46.423],[30.014,46.462],[30.022,46.471],[30.003,46.494],[29.971,46.492],[29.902,46.531],[29.899,46.553],[29.938,46.557],[29.95,46.579],[29.931,46.619],[29.951,46.743],[29.928,46.81],[29.89,46.807],[29.844,46.854],[29.754,46.858],[29.696,46.905],[29.559,46.946],[29.572,47.012],[29.602,47.061],[29.57,47.091],[29.52,47.06],[29.478,47.112],[29.545,47.136],[29.544,47.234],[29.58,47.26],[29.557,47.324],[29.481,47.338],[29.459,47.293],[29.41,47.28],[29.368,47.308],[29.346,47.366],[29.301,47.378],[29.233,47.446],[29.182,47.43],[29.156,47.45],[29.117,47.533],[29.182,47.613],[29.197,47.718],[29.239,47.756],[29.178,47.79],[29.236,47.871],[29.173,47.891],[29.148,47.955],[29.124,47.976],[29.061,47.97],[29.017,47.931],[28.95,47.935],[28.833,48.025],[28.799,48.112],[28.574,48.155],[28.519,48.149],[28.48,48.065],[28.419,48.122],[28.437,48.15],[28.412,48.171],[28.389,48.169],[28.35,48.13],[28.317,48.135],[28.322,48.163],[28.363,48.191],[28.358,48.239],[28.294,48.236],[28.217,48.208],[28.189,48.223],[28.179,48.259],[28.093,48.237],[28.079,48.245],[28.098,48.284],[28.076,48.315],[27.926,48.339],[27.865,48.399],[27.785,48.442],[27.627,48.451],[27.607,48.458],[27.605,48.484],[27.583,48.486],[27.504,48.472],[27.403,48.411],[27.342,48.436],[27.209,48.361],[27.037,48.4],[27.025,48.39],[27.033,48.36],[26.943,48.351],[26.832,48.391],[26.817,48.372],[26.778,48.366],[26.79,48.307],[26.774,48.287],[26.736,48.292],[26.68,48.33],[26.625,48.283],[26.618,48.259],[26.587,48.249],[26.303,48.212],[26.271,48.094],[26.173,47.993],[25.901,47.966],[25.753,47.935],[25.262,47.899],[25.219,47.878],[25.08,47.743],[24.897,47.71],[24.808,47.796],[24.679,47.84],[24.634,47.908],[24.542,47.944],[24.409,47.952],[24.347,47.921],[24.231,47.897],[24.131,47.915],[24.009,47.961],[23.855,47.934],[23.78,47.988],[23.563,48.006],[23.461,47.971],[23.36,47.993],[23.231,48.08],[23.139,48.098],[23.099,48.071],[23.063,48.007],[23.004,47.983],[22.924,48.005],[22.916,47.959],[22.878,47.947],[22.832,47.979],[22.862,48.028],[22.855,48.047],[22.801,48.091],[22.746,48.116],[22.605,48.097],[22.556,48.177],[22.481,48.243],[22.357,48.243],[22.308,48.294],[22.299,48.349],[22.257,48.357],[22.272,48.403],[22.202,48.418],[22.133,48.405],[22.148,48.509],[22.139,48.57],[22.243,48.651],[22.31,48.682],[22.331,48.756],[22.366,48.794],[22.369,48.856],[22.412,48.888],[22.449,48.971],[22.521,48.993],[22.54,49.072],[22.561,49.086],[22.643,49.043],[22.755,49.045],[22.855,48.994],[22.867,49.01],[22.843,49.043],[22.853,49.085],[22.841,49.095],[22.706,49.169],[22.682,49.161],[22.738,49.275],[22.72,49.383],[22.68,49.419],[22.641,49.529],[22.666,49.567],[22.766,49.674],[22.827,49.697],[22.888,49.77],[22.933,49.791],[22.951,49.827],[23.101,49.957],[23.436,50.193],[23.644,50.313],[23.682,50.368],[23.748,50.389],[23.929,50.391],[23.981,50.405],[24.008,50.448],[24.011,50.493],[24.108,50.541],[24.085,50.604],[24.108,50.63],[24.075,50.69],[24.081,50.713],[24.027,50.728],[24.013,50.743],[24.026,50.767],[23.974,50.776],[23.958,50.808],[23.993,50.836],[24.131,50.839],[24.143,50.856],[23.979,50.938],[23.955,50.984],[23.912,51.007],[23.904,51.063],[23.854,51.122],[23.875,51.136],[23.864,51.148],[23.743,51.216],[23.687,51.292],[23.635,51.305],[23.634,51.339],[23.684,51.37],[23.679,51.394],[23.698,51.404],[23.649,51.454],[23.663,51.48],[23.608,51.511],[23.629,51.531],[23.593,51.597],[23.617,51.625],[23.75,51.644],[23.885,51.62],[23.941,51.582],[23.981,51.586],[24.244,51.718],[24.272,51.743],[24.312,51.828],[24.391,51.88],[24.64,51.892],[24.722,51.882],[25.003,51.91],[25.138,51.949],[25.352,51.921],[25.768,51.929],[26.081,51.901],[26.175,51.857],[26.408,51.851],[26.419,51.821],[26.446,51.806],[26.666,51.801],[26.855,51.749],[26.921,51.743],[27.022,51.765],[27.151,51.757],[27.178,51.747],[27.189,51.664],[27.277,51.651],[27.254,51.595],[27.267,51.587],[27.409,51.592],[27.477,51.624],[27.693,51.589],[27.705,51.568],[27.664,51.493],[27.714,51.464],[27.793,51.517],[27.8,51.585],[27.831,51.613],[27.876,51.608],[27.955,51.561],[28.071,51.558],[28.21,51.652],[28.245,51.641],[28.258,51.602],[28.311,51.574],[28.334,51.528],[28.461,51.572],[28.604,51.554],[28.637,51.45],[28.664,51.434],[28.704,51.443],[28.729,51.401],[28.752,51.429],[28.752,51.484],[28.8,51.533],[28.864,51.559],[28.981,51.569],[29.024,51.614],[29.063,51.631],[29.124,51.625],[29.16,51.603],[29.227,51.519],[29.228,51.456],[29.265,51.433],[29.297,51.374],[29.32,51.366],[29.403,51.396],[29.466,51.385],[29.505,51.437],[29.568,51.45],[29.638,51.491],[29.7,51.484],[29.738,51.439],[29.829,51.43],[29.886,51.465],[30.149,51.484],[30.32,51.402],[30.33,51.37],[30.317,51.341],[30.355,51.305],[30.428,51.292],[30.54,51.235],[30.58,51.304],[30.638,51.336],[30.632,51.364],[30.646,51.367],[30.618,51.419],[30.588,51.427],[30.586,51.452],[30.618,51.467],[30.589,51.482],[30.585,51.509],[30.563,51.522],[30.584,51.542],[30.523,51.563],[30.543,51.583],[30.515,51.604],[30.557,51.624],[30.57,51.7],[30.625,51.706],[30.646,51.755],[30.618,51.761],[30.671,51.791],[30.662,51.819],[30.735,51.874],[30.742,51.898],[30.788,51.901],[30.811,51.918],[30.803,51.939],[30.858,51.958],[30.897,51.998],[30.941,51.994],[30.941,52.02],[30.911,52.023],[30.919,52.059],[30.959,52.075],[31.096,52.08],[31.229,52.038],[31.304,52.097],[31.383,52.117],[31.764,52.101]]],[[[29.919,45.691],[30.126,45.811],[29.908,45.666],[29.731,45.591],[29.919,45.691]]],[[[32.989,46.043],[33.045,46.038],[33.057,46.025],[33.04,46.012],[32.619,46.06],[32.783,46.046],[32.882,46.055],[32.914,46.039],[32.979,46.053],[32.989,46.043]]],[[[31.94,46.205],[32.071,46.182],[32.144,46.153],[31.737,46.221],[31.58,46.263],[31.522,46.313],[31.504,46.373],[31.522,46.368],[31.554,46.296],[31.618,46.259],[31.94,46.205]]]]}},{"type":"Feature","properties":{"name":"Georgia","blocKey":"nato","blocLabel":"NATO","color":"#5b6fb0","certainty":"contested","basis":"NATO aspirant (2008 Bucharest pledge)"},"geometry":{"type":"Polygon","coordinates":[[[41.551,42.406],[41.5,42.641],[41.457,42.714],[41.424,42.74],[41.225,42.802],[41.15,42.796],[41.105,42.847],[41.082,42.908],[41.023,42.99],[40.934,42.983],[40.856,43.063],[40.683,43.094],[40.592,43.086],[40.52,43.127],[40.398,43.162],[40.361,43.165],[40.335,43.141],[40.268,43.216],[40.273,43.248],[40.219,43.319],[40.087,43.37],[39.986,43.389],[40.073,43.551],[40.164,43.576],[40.233,43.576],[40.52,43.505],[40.652,43.539],[40.74,43.495],[40.875,43.456],[41.012,43.375],[41.147,43.38],[41.279,43.333],[41.381,43.335],[41.413,43.291],[41.506,43.26],[41.578,43.215],[41.919,43.206],[42.043,43.181],[42.185,43.225],[42.355,43.236],[42.423,43.229],[42.615,43.137],[42.674,43.166],[42.83,43.169],[42.915,43.122],[43,43.099],[42.999,43.042],[43.156,42.942],[43.517,42.86],[43.586,42.836],[43.663,42.78],[43.801,42.746],[43.812,42.717],[43.726,42.654],[43.723,42.625],[43.751,42.599],[43.885,42.579],[43.94,42.552],[44.055,42.615],[44.197,42.629],[44.272,42.702],[44.361,42.704],[44.508,42.75],[44.601,42.749],[44.679,42.724],[44.736,42.678],[44.773,42.61],[44.834,42.734],[44.859,42.76],[44.903,42.753],[45.03,42.689],[45.123,42.702],[45.155,42.693],[45.283,42.586],[45.323,42.53],[45.356,42.52],[45.537,42.541],[45.699,42.508],[45.74,42.471],[45.736,42.448],[45.621,42.224],[45.631,42.201],[45.812,42.115],[45.881,42.102],[45.948,42.023],[45.995,42.033],[46.058,42.02],[46.099,41.985],[46.224,41.993],[46.294,41.939],[46.407,41.915],[46.431,41.89],[46.328,41.766],[46.298,41.751],[46.208,41.756],[46.189,41.74],[46.18,41.655],[46.193,41.61],[46.22,41.593],[46.254,41.616],[46.314,41.494],[46.592,41.373],[46.695,41.27],[46.675,41.262],[46.669,41.23],[46.644,41.208],[46.621,41.115],[46.602,41.094],[46.544,41.097],[46.497,41.045],[46.475,41.044],[46.413,41.092],[46.332,41.116],[46.229,41.195],[46.135,41.2],[46.042,41.165],[45.969,41.168],[45.821,41.209],[45.71,41.268],[45.686,41.296],[45.744,41.335],[45.512,41.395],[45.465,41.43],[45.397,41.423],[45.282,41.453],[44.955,41.263],[44.821,41.273],[44.801,41.259],[44.847,41.231],[44.858,41.219],[44.848,41.209],[44.675,41.208],[44.613,41.223],[44.552,41.177],[44.517,41.207],[44.455,41.18],[44.345,41.213],[44.285,41.191],[44.18,41.23],[44.125,41.178],[44.061,41.184],[43.956,41.16],[43.863,41.159],[43.754,41.108],[43.567,41.124],[43.45,41.105],[43.438,41.156],[43.383,41.187],[43.323,41.192],[43.231,41.173],[43.172,41.242],[43.103,41.249],[43.157,41.27],[43.184,41.299],[43.124,41.313],[43.002,41.383],[42.958,41.437],[42.889,41.47],[42.868,41.5],[42.83,41.473],[42.767,41.504],[42.807,41.543],[42.82,41.572],[42.801,41.579],[42.585,41.579],[42.555,41.55],[42.536,41.493],[42.463,41.432],[42.262,41.482],[42.189,41.482],[42.158,41.5],[42.02,41.485],[41.948,41.506],[41.894,41.486],[41.813,41.422],[41.761,41.454],[41.707,41.463],[41.703,41.489],[41.64,41.479],[41.521,41.514],[41.616,41.633],[41.676,41.662],[41.774,41.822],[41.756,42.006],[41.664,42.114],[41.649,42.212],[41.596,42.349],[41.551,42.406]]]}},{"type":"Feature","properties":{"name":"Bosnia and Herzegovina","blocKey":"nato","blocLabel":"NATO","color":"#5b6fb0","certainty":"contested","basis":"NATO Membership Action Plan"},"geometry":{"type":"Polygon","coordinates":[[[17.653,42.891],[17.556,42.935],[17.618,42.922],[17.581,42.942],[17.663,42.966],[17.628,43.047],[17.587,43.082],[17.442,43.152],[17.4,43.216],[17.29,43.303],[17.268,43.353],[17.286,43.437],[17.271,43.463],[17.143,43.489],[17.031,43.548],[16.824,43.707],[16.713,43.772],[16.679,43.841],[16.501,43.993],[16.44,44.014],[16.414,44.056],[16.367,44.058],[16.327,44.082],[16.276,44.157],[16.216,44.208],[16.188,44.282],[16.203,44.36],[16.138,44.378],[16.16,44.416],[16.116,44.521],[16.084,44.535],[16.027,44.525],[16.006,44.541],[16.045,44.589],[16.028,44.625],[15.969,44.639],[15.948,44.678],[15.905,44.69],[15.889,44.724],[15.806,44.697],[15.728,44.769],[15.716,44.803],[15.769,44.827],[15.773,44.845],[15.731,44.927],[15.764,44.976],[15.756,45.042],[15.784,45.101],[15.792,45.19],[15.825,45.211],[15.879,45.217],[16.02,45.214],[16.024,45.184],[16.067,45.17],[16.122,45.096],[16.213,45.031],[16.316,45.001],[16.341,45.006],[16.389,45.117],[16.436,45.133],[16.482,45.2],[16.529,45.222],[16.812,45.181],[16.831,45.217],[16.924,45.285],[16.947,45.236],[16.968,45.237],[16.961,45.251],[16.999,45.231],[17.008,45.244],[17.008,45.216],[17.036,45.23],[17.056,45.2],[17.187,45.149],[17.245,45.155],[17.269,45.19],[17.382,45.14],[17.443,45.162],[17.458,45.146],[17.448,45.134],[17.496,45.142],[17.482,45.114],[17.572,45.12],[17.63,45.157],[17.685,45.164],[17.836,45.064],[17.911,45.081],[18.003,45.149],[18.09,45.108],[18.154,45.098],[18.193,45.109],[18.202,45.144],[18.238,45.157],[18.322,45.123],[18.412,45.112],[18.517,45.056],[18.541,45.055],[18.535,45.09],[18.55,45.095],[18.617,45.098],[18.649,45.063],[18.678,45.087],[18.738,45.016],[18.792,45.002],[18.805,44.974],[18.773,44.942],[18.783,44.914],[18.89,44.861],[19.068,44.875],[19.187,44.928],[19.202,44.908],[19.31,44.912],[19.369,44.887],[19.377,44.863],[19.318,44.715],[19.188,44.576],[19.18,44.538],[19.13,44.518],[19.141,44.431],[19.107,44.383],[19.117,44.344],[19.157,44.294],[19.25,44.271],[19.307,44.274],[19.342,44.246],[19.381,44.177],[19.443,44.143],[19.466,44.153],[19.522,44.085],[19.58,44.052],[19.611,44.055],[19.61,44.019],[19.529,43.977],[19.365,43.973],[19.273,44.012],[19.244,44.002],[19.229,43.958],[19.275,43.933],[19.359,43.842],[19.462,43.762],[19.506,43.674],[19.507,43.647],[19.477,43.617],[19.49,43.564],[19.432,43.571],[19.411,43.541],[19.347,43.609],[19.301,43.588],[19.253,43.589],[19.217,43.533],[19.123,43.536],[19.096,43.513],[19.055,43.507],[19,43.548],[18.977,43.546],[18.911,43.507],[18.906,43.491],[18.951,43.464],[18.946,43.444],[18.968,43.448],[19.01,43.411],[19.07,43.309],[19.025,43.299],[18.992,43.267],[18.957,43.326],[18.923,43.347],[18.821,43.341],[18.834,43.324],[18.664,43.233],[18.688,43.224],[18.645,43.18],[18.621,43.123],[18.639,43.02],[18.539,43.024],[18.453,42.993],[18.434,42.937],[18.473,42.863],[18.444,42.834],[18.445,42.817],[18.55,42.668],[18.538,42.618],[18.487,42.59],[18.492,42.565],[18.385,42.567],[18.339,42.603],[18.224,42.628],[17.995,42.74],[17.904,42.805],[17.858,42.817],[17.827,42.853],[17.812,42.91],[17.787,42.901],[17.702,42.92],[17.653,42.891]]]}}]}