{"type":"FeatureCollection","features":[{"type":"Feature","properties":{"name":"Japan","blocKey":"us_ally","blocLabel":"US treaty ally / Quad","color":"#7d8794","certainty":"member","basis":"US–Japan Security Treaty"},"geometry":{"type":"MultiPolygon","coordinates":[[[[133.371,36.204],[133.325,36.167],[133.239,36.179],[133.19,36.233],[133.206,36.293],[133.296,36.34],[133.381,36.246],[133.371,36.204]]],[[[138.344,37.822],[138.249,37.82],[138.225,37.829],[138.283,37.854],[138.288,37.896],[138.322,37.97],[138.322,37.991],[138.246,37.995],[138.25,38.078],[138.306,38.161],[138.461,38.291],[138.504,38.316],[138.51,38.259],[138.463,38.124],[138.454,38.076],[138.575,38.066],[138.497,37.904],[138.344,37.822]]],[[[134.933,34.288],[134.824,34.203],[134.731,34.209],[134.683,34.247],[134.668,34.294],[134.757,34.368],[134.834,34.473],[134.904,34.519],[134.961,34.545],[135.005,34.544],[134.905,34.398],[134.933,34.288]]],[[[130.623,30.263],[130.508,30.241],[130.446,30.265],[130.388,30.388],[130.497,30.466],[130.644,30.389],[130.673,30.367],[130.623,30.263]]],[[[130.96,30.397],[130.872,30.386],[130.87,30.444],[130.94,30.575],[130.947,30.671],[131.012,30.792],[131.04,30.819],[131.06,30.828],[131.083,30.791],[131.057,30.642],[130.993,30.53],[130.96,30.397]]],[[[130.083,32.23],[130.004,32.194],[129.993,32.228],[129.96,32.244],[130.017,32.292],[130.015,32.314],[129.979,32.346],[130.021,32.469],[130.01,32.522],[130.168,32.541],[130.197,32.492],[130.2,32.341],[130.083,32.23]]],[[[129.279,34.123],[129.214,34.083],[129.186,34.145],[129.215,34.321],[129.337,34.285],[129.335,34.231],[129.279,34.123]]],[[[129.386,34.354],[129.365,34.306],[129.297,34.34],[129.267,34.37],[129.329,34.522],[129.322,34.579],[129.326,34.607],[129.451,34.687],[129.472,34.671],[129.48,34.649],[129.469,34.616],[129.475,34.54],[129.381,34.416],[129.386,34.354]]],[[[128.665,32.784],[128.704,32.757],[128.761,32.772],[128.806,32.776],[128.839,32.763],[128.879,32.693],[128.895,32.652],[128.821,32.646],[128.79,32.637],[128.75,32.586],[128.693,32.605],[128.657,32.628],[128.649,32.662],[128.665,32.784]]],[[[130.381,32.424],[130.293,32.419],[130.256,32.431],[130.242,32.463],[130.365,32.527],[130.461,32.516],[130.419,32.458],[130.381,32.424]]],[[[141.073,45.333],[141.034,45.269],[140.982,45.364],[140.972,45.465],[141.002,45.465],[141.057,45.45],[141.07,45.4],[141.073,45.333]]],[[[141.295,45.119],[141.226,45.112],[141.145,45.154],[141.135,45.206],[141.194,45.248],[141.252,45.232],[141.31,45.179],[141.329,45.15],[141.295,45.119]]],[[[139.481,42.081],[139.458,42.076],[139.435,42.084],[139.412,42.16],[139.431,42.2],[139.496,42.227],[139.558,42.235],[139.505,42.096],[139.481,42.081]]],[[[134.352,34.484],[134.333,34.464],[134.315,34.469],[134.252,34.423],[134.238,34.467],[134.188,34.496],[134.182,34.519],[134.326,34.534],[134.372,34.522],[134.352,34.484]]],[[[139.456,34.727],[139.446,34.68],[139.392,34.69],[139.367,34.721],[139.37,34.775],[139.426,34.776],[139.456,34.727]]],[[[129.077,32.84],[129.052,32.829],[129.02,32.92],[128.997,32.952],[129.035,32.969],[129.11,33.133],[129.124,33.068],[129.153,33.003],[129.182,32.993],[129.154,32.946],[129.112,32.929],[129.077,32.84]]],[[[129.492,33.223],[129.421,33.176],[129.37,33.176],[129.417,33.231],[129.423,33.257],[129.462,33.331],[129.538,33.358],[129.57,33.361],[129.508,33.284],[129.492,33.223]]],[[[129.796,33.749],[129.727,33.707],[129.675,33.74],[129.7,33.829],[129.717,33.858],[129.776,33.829],[129.796,33.749]]],[[[132.578,34.115],[132.549,34.075],[132.461,34.087],[132.496,34.122],[132.524,34.164],[132.543,34.173],[132.56,34.127],[132.578,34.115]]],[[[132.266,33.945],[132.315,33.909],[132.43,33.924],[132.445,33.913],[132.411,33.88],[132.36,33.847],[132.267,33.871],[132.209,33.873],[132.201,33.928],[132.208,33.948],[132.266,33.945]]],[[[129.718,31.657],[129.687,31.64],[129.707,31.718],[129.787,31.787],[129.794,31.742],[129.718,31.657]]],[[[142.188,26.617],[142.17,26.616],[142.107,26.722],[142.125,26.726],[142.162,26.71],[142.202,26.649],[142.188,26.617]]],[[[143.824,44.117],[143.95,44.112],[144.005,44.117],[144.101,44.102],[144.482,43.95],[144.597,43.93],[144.715,43.928],[144.799,43.94],[144.872,43.982],[145.102,44.166],[145.343,44.334],[145.37,44.327],[145.37,44.281],[145.352,44.23],[145.245,44.076],[145.126,43.869],[145.101,43.765],[145.14,43.663],[145.214,43.578],[145.273,43.463],[145.341,43.303],[145.436,43.282],[145.488,43.28],[145.583,43.328],[145.674,43.389],[145.751,43.396],[145.833,43.386],[145.726,43.343],[145.624,43.291],[145.537,43.193],[145.505,43.174],[145.405,43.18],[145.347,43.177],[145.23,43.135],[145.127,43.089],[145.029,43.032],[144.921,43.001],[144.807,42.994],[144.631,42.947],[144.516,42.944],[144.302,42.984],[144.197,42.974],[143.969,42.881],[143.762,42.748],[143.581,42.599],[143.429,42.419],[143.369,42.325],[143.332,42.22],[143.327,42.151],[143.314,42.084],[143.279,42.038],[143.237,42],[143.112,42.022],[142.906,42.118],[142.508,42.258],[142.088,42.472],[141.851,42.579],[141.407,42.547],[140.986,42.342],[140.948,42.36],[140.788,42.5],[140.71,42.556],[140.617,42.571],[140.548,42.57],[140.48,42.559],[140.385,42.487],[140.351,42.435],[140.324,42.376],[140.315,42.334],[140.327,42.293],[140.417,42.201],[140.528,42.132],[140.578,42.119],[140.684,42.123],[140.734,42.116],[140.912,41.978],[141.108,41.848],[141.151,41.805],[141.079,41.76],[141,41.737],[140.908,41.743],[140.816,41.76],[140.66,41.816],[140.593,41.769],[140.489,41.672],[140.432,41.567],[140.385,41.519],[140.27,41.456],[140.149,41.423],[140.085,41.434],[140.037,41.474],[140.009,41.521],[139.995,41.576],[140.021,41.696],[140.084,41.803],[140.108,41.913],[140.057,42.067],[140.024,42.1],[139.895,42.19],[139.835,42.278],[139.821,42.388],[139.829,42.448],[139.86,42.582],[139.891,42.649],[139.951,42.671],[140.015,42.685],[140.115,42.733],[140.224,42.796],[140.329,42.867],[140.432,42.954],[140.486,43.05],[140.397,43.167],[140.379,43.237],[140.392,43.303],[140.487,43.338],[140.585,43.312],[140.781,43.215],[140.819,43.205],[140.954,43.201],[141.138,43.18],[141.245,43.185],[141.296,43.2],[141.374,43.28],[141.412,43.381],[141.398,43.513],[141.398,43.643],[141.447,43.749],[141.601,43.919],[141.645,44.019],[141.661,44.264],[141.716,44.371],[141.761,44.483],[141.782,44.716],[141.719,44.941],[141.656,45.051],[141.583,45.156],[141.594,45.256],[141.653,45.349],[141.654,45.377],[141.668,45.401],[141.778,45.419],[141.829,45.439],[141.879,45.483],[141.938,45.51],[141.981,45.483],[142.016,45.438],[142.172,45.326],[142.416,45.125],[142.704,44.819],[142.885,44.67],[143.075,44.535],[143.289,44.397],[143.512,44.278],[143.655,44.221],[143.759,44.132],[143.824,44.117]]],[[[131.175,33.603],[131.309,33.573],[131.366,33.571],[131.419,33.584],[131.499,33.624],[131.583,33.652],[131.643,33.638],[131.696,33.603],[131.724,33.554],[131.711,33.502],[131.616,33.392],[131.537,33.274],[131.717,33.252],[131.897,33.255],[131.855,33.182],[131.848,33.118],[131.903,33.088],[131.949,33.047],[131.937,33.01],[131.91,32.974],[132.009,32.919],[132.002,32.882],[131.977,32.844],[131.732,32.593],[131.66,32.466],[131.61,32.325],[131.565,32.223],[131.531,32.117],[131.506,32.002],[131.46,31.883],[131.475,31.778],[131.46,31.671],[131.337,31.405],[131.25,31.41],[131.14,31.442],[131.071,31.437],[131.035,31.378],[131.098,31.256],[130.902,31.112],[130.686,31.015],[130.684,31.059],[130.704,31.094],[130.736,31.122],[130.758,31.156],[130.79,31.269],[130.774,31.383],[130.709,31.526],[130.704,31.577],[130.749,31.598],[130.78,31.604],[130.796,31.624],[130.797,31.671],[130.776,31.706],[130.715,31.718],[130.655,31.718],[130.613,31.665],[130.556,31.563],[130.528,31.46],[130.54,31.403],[130.566,31.352],[130.645,31.267],[130.621,31.218],[130.589,31.179],[130.311,31.267],[130.251,31.273],[130.201,31.292],[130.147,31.408],[130.261,31.437],[130.294,31.451],[130.307,31.488],[130.322,31.601],[130.269,31.696],[130.224,31.73],[130.188,31.769],[130.211,31.849],[130.196,31.95],[130.194,32.091],[130.214,32.115],[130.319,32.144],[130.395,32.219],[130.462,32.305],[130.56,32.456],[130.641,32.619],[130.563,32.626],[130.498,32.657],[130.569,32.734],[130.547,32.832],[130.44,32.951],[130.382,33.093],[130.287,33.155],[130.238,33.178],[130.177,33.145],[130.127,33.105],[130.173,33.013],[130.168,32.932],[130.175,32.851],[130.222,32.847],[130.28,32.867],[130.326,32.853],[130.354,32.81],[130.361,32.756],[130.34,32.702],[130.298,32.675],[130.246,32.677],[130.193,32.706],[130.152,32.748],[130.054,32.771],[129.951,32.722],[129.853,32.622],[129.769,32.571],[129.808,32.645],[129.827,32.725],[129.786,32.782],[129.69,32.875],[129.668,32.929],[129.662,32.995],[129.679,33.06],[129.778,32.986],[129.828,32.893],[129.901,32.852],[129.992,32.852],[129.922,32.988],[129.897,33.022],[129.799,33.084],[129.665,33.187],[129.58,33.236],[129.61,33.344],[129.66,33.365],[129.702,33.36],[129.844,33.322],[129.858,33.375],[129.837,33.404],[129.826,33.437],[129.919,33.483],[130.072,33.522],[130.103,33.54],[130.131,33.578],[130.168,33.598],[130.275,33.598],[130.365,33.634],[130.439,33.734],[130.457,33.789],[130.484,33.835],[130.67,33.915],[130.716,33.928],[130.84,33.918],[130.953,33.872],[131.009,33.776],[131.058,33.673],[131.175,33.603]]],[[[134.357,34.256],[134.496,34.215],[134.638,34.227],[134.635,34.044],[134.655,33.983],[134.695,33.928],[134.675,33.848],[134.739,33.821],[134.549,33.729],[134.377,33.608],[134.307,33.527],[134.243,33.439],[134.206,33.347],[134.182,33.247],[134.124,33.287],[133.959,33.448],[133.854,33.493],[133.686,33.516],[133.632,33.511],[133.286,33.36],[133.24,33.25],[133.146,33.083],[133.101,33.028],[133.051,33.012],[133.016,32.984],[132.977,32.842],[132.87,32.755],[132.804,32.752],[132.692,32.776],[132.642,32.762],[132.709,32.902],[132.602,32.92],[132.495,32.917],[132.493,33.008],[132.428,33.059],[132.476,33.126],[132.477,33.181],[132.505,33.211],[132.515,33.255],[132.511,33.293],[132.445,33.305],[132.405,33.331],[132.413,33.43],[132.375,33.434],[132.281,33.417],[132.086,33.34],[132.033,33.34],[132.114,33.395],[132.288,33.47],[132.366,33.512],[132.536,33.633],[132.643,33.69],[132.699,33.791],[132.716,33.852],[132.752,33.906],[132.784,33.992],[132.839,34.021],[132.935,34.095],[132.99,34.088],[133.051,33.997],[133.134,33.927],[133.193,33.933],[133.299,33.969],[133.35,33.977],[133.472,33.973],[133.582,34.017],[133.627,34.069],[133.643,34.135],[133.603,34.244],[133.656,34.233],[133.706,34.237],[133.826,34.307],[133.948,34.348],[134.076,34.358],[134.219,34.319],[134.357,34.256]]],[[[141.229,41.373],[141.269,41.354],[141.455,41.405],[141.42,41.251],[141.4,41.096],[141.414,40.839],[141.43,40.723],[141.463,40.611],[141.542,40.531],[141.646,40.474],[141.797,40.291],[141.878,40.067],[141.935,39.958],[141.978,39.844],[141.991,39.792],[141.992,39.74],[141.979,39.668],[141.993,39.611],[141.977,39.429],[141.909,39.219],[141.901,39.111],[141.842,39.09],[141.807,39.04],[141.776,39.017],[141.742,39],[141.694,38.995],[141.659,38.975],[141.645,38.918],[141.622,38.865],[141.58,38.817],[141.546,38.763],[141.519,38.632],[141.509,38.498],[141.467,38.404],[141.368,38.38],[141.254,38.381],[141.108,38.338],[141.077,38.313],[140.962,38.149],[140.929,38.053],[140.928,37.95],[140.96,37.823],[141.003,37.698],[141.036,37.467],[141.002,37.115],[140.968,37.002],[140.895,36.926],[140.84,36.89],[140.792,36.847],[140.73,36.732],[140.627,36.503],[140.619,36.445],[140.619,36.386],[140.592,36.308],[140.574,36.231],[140.59,36.142],[140.622,36.059],[140.76,35.846],[140.813,35.783],[140.874,35.725],[140.639,35.661],[140.597,35.632],[140.457,35.51],[140.413,35.395],[140.417,35.267],[140.393,35.221],[140.355,35.181],[140.315,35.155],[140.159,35.096],[140.059,35.038],[139.96,34.947],[139.92,34.9],[139.844,34.915],[139.799,34.957],[139.843,35.01],[139.83,35.072],[139.851,35.232],[139.826,35.297],[139.906,35.345],[139.944,35.423],[140.027,35.485],[140.086,35.54],[140.097,35.585],[140.044,35.633],[139.988,35.668],[139.91,35.668],[139.835,35.658],[139.786,35.612],[139.77,35.55],[139.774,35.52],[139.768,35.495],[139.65,35.409],[139.666,35.319],[139.7,35.274],[139.744,35.252],[139.731,35.222],[139.675,35.149],[139.636,35.142],[139.564,35.243],[139.474,35.299],[139.363,35.298],[139.249,35.278],[139.163,35.211],[139.134,35.155],[139.116,35.097],[139.122,34.956],[139.086,34.839],[139.016,34.736],[138.983,34.698],[138.897,34.628],[138.838,34.619],[138.795,34.651],[138.761,34.699],[138.804,34.876],[138.803,34.975],[138.904,35.025],[138.821,35.096],[138.72,35.124],[138.577,35.086],[138.537,35.044],[138.51,34.987],[138.433,34.915],[138.349,34.848],[138.253,34.733],[138.189,34.596],[137.979,34.641],[137.864,34.651],[137.749,34.647],[137.543,34.664],[137.318,34.636],[137.062,34.583],[137.077,34.621],[137.288,34.704],[137.295,34.728],[137.275,34.773],[137.223,34.775],[137.097,34.759],[137.032,34.766],[137.006,34.814],[136.963,34.835],[136.935,34.815],[136.944,34.722],[136.913,34.709],[136.871,34.733],[136.885,34.806],[136.856,34.913],[136.853,34.979],[136.897,35.036],[136.852,35.06],[136.804,35.05],[136.744,35.023],[136.69,34.984],[136.577,34.79],[136.533,34.678],[136.616,34.589],[136.842,34.464],[136.88,34.434],[136.881,34.38],[136.854,34.324],[136.792,34.299],[136.544,34.258],[136.33,34.177],[136.268,34.095],[136.073,33.778],[135.916,33.562],[135.695,33.487],[135.453,33.553],[135.394,33.629],[135.347,33.722],[135.257,33.806],[135.175,33.898],[135.128,34.007],[135.135,34.183],[135.1,34.288],[135.132,34.317],[135.266,34.381],[135.309,34.417],[135.385,34.5],[135.412,34.547],[135.416,34.617],[135.355,34.654],[135.198,34.653],[135.042,34.631],[134.93,34.662],[134.785,34.747],[134.74,34.765],[134.584,34.771],[134.472,34.755],[134.363,34.724],[134.247,34.714],[134.208,34.698],[134.075,34.593],[133.968,34.527],[133.876,34.495],[133.678,34.486],[133.579,34.465],[133.474,34.43],[133.445,34.433],[133.336,34.385],[133.21,34.344],[133.142,34.302],[133.019,34.33],[132.775,34.255],[132.657,34.246],[132.534,34.287],[132.421,34.353],[132.313,34.325],[132.238,34.227],[132.202,34.032],[132.159,33.944],[132.146,33.839],[132.09,33.855],[131.763,34.045],[131.741,34.052],[131.476,34.019],[131.408,34.004],[131.323,33.965],[131.233,33.948],[131.15,33.976],[131.072,34.021],[130.996,34.007],[130.919,33.976],[130.889,34.262],[130.904,34.3],[130.952,34.35],[131.004,34.393],[131.132,34.407],[131.262,34.393],[131.354,34.413],[131.433,34.47],[131.515,34.55],[131.608,34.615],[131.734,34.667],[131.856,34.726],[131.963,34.809],[132.065,34.9],[132.158,34.967],[132.26,35.022],[132.414,35.156],[132.619,35.307],[132.698,35.418],[132.747,35.449],[132.923,35.511],[133.157,35.559],[133.267,35.557],[133.376,35.459],[133.435,35.472],[133.495,35.497],[133.615,35.511],[133.739,35.495],[133.86,35.495],[133.981,35.507],[134.214,35.539],[134.337,35.578],[134.456,35.628],[134.882,35.663],[135.174,35.747],[135.221,35.741],[135.265,35.722],[135.269,35.66],[135.232,35.592],[135.268,35.551],[135.327,35.526],[135.602,35.518],[135.68,35.503],[135.795,35.55],[135.903,35.607],[136.016,35.683],[136.095,35.768],[136.022,35.874],[136.006,35.991],[136.067,36.117],[136.156,36.223],[136.262,36.288],[136.359,36.362],[136.556,36.572],[136.698,36.742],[136.749,36.951],[136.719,37.198],[136.843,37.382],[136.962,37.414],[137.199,37.497],[137.323,37.522],[137.341,37.485],[137.338,37.437],[137.152,37.283],[137.046,37.22],[136.982,37.2],[136.924,37.172],[136.9,37.118],[136.994,37.027],[137.019,36.96],[137.013,36.895],[137.017,36.837],[137.124,36.774],[137.246,36.753],[137.298,36.754],[137.343,36.77],[137.483,36.925],[137.514,36.952],[137.913,37.065],[138.11,37.151],[138.218,37.173],[138.32,37.218],[138.548,37.392],[138.633,37.472],[138.709,37.561],[138.771,37.663],[138.819,37.775],[138.885,37.844],[139.247,38.009],[139.364,38.099],[139.401,38.143],[139.446,38.269],[139.477,38.4],[139.521,38.503],[139.58,38.599],[139.66,38.697],[139.749,38.788],[139.802,38.882],[139.879,39.105],[139.912,39.229],[139.939,39.273],[139.977,39.311],[140.011,39.358],[140.037,39.411],[140.048,39.464],[140.065,39.624],[140.055,39.749],[139.995,39.855],[139.945,39.885],[139.891,39.887],[139.81,39.878],[139.742,39.921],[139.755,39.959],[139.826,39.966],[139.874,39.986],[139.908,40.022],[139.972,40.137],[140.011,40.26],[140.014,40.315],[139.964,40.414],[139.924,40.534],[139.923,40.598],[139.967,40.673],[140.029,40.733],[140.085,40.747],[140.146,40.752],[140.201,40.775],[140.252,40.809],[140.281,40.846],[140.326,40.948],[140.344,41.006],[140.315,41.161],[140.344,41.203],[140.386,41.23],[140.441,41.21],[140.498,41.206],[140.564,41.212],[140.628,41.195],[140.64,41.156],[140.679,40.893],[140.702,40.858],[140.749,40.83],[140.801,40.834],[140.846,40.875],[140.876,40.93],[140.936,40.941],[141.119,40.882],[141.183,40.924],[141.225,40.988],[141.262,41.103],[141.244,41.206],[141.2,41.244],[141.155,41.237],[141.115,41.208],[141.07,41.193],[140.801,41.139],[140.802,41.254],[140.86,41.425],[140.892,41.48],[140.937,41.506],[141.05,41.476],[141.106,41.456],[141.229,41.373]]],[[[124.293,24.516],[124.234,24.358],[124.186,24.335],[124.136,24.348],[124.085,24.436],[124.12,24.47],[124.17,24.452],[124.211,24.459],[124.302,24.587],[124.324,24.566],[124.293,24.516]]],[[[123.889,24.28],[123.826,24.266],[123.75,24.283],[123.681,24.288],[123.68,24.318],[123.752,24.348],[123.754,24.391],[123.771,24.414],[123.935,24.362],[123.928,24.324],[123.889,24.28]]],[[[125.444,24.743],[125.359,24.717],[125.269,24.733],[125.284,24.872],[125.315,24.852],[125.335,24.805],[125.402,24.777],[125.444,24.743]]],[[[128.259,26.653],[128.163,26.607],[128.127,26.552],[128.038,26.534],[127.951,26.456],[127.867,26.442],[127.869,26.381],[127.905,26.328],[127.849,26.319],[127.79,26.255],[127.786,26.209],[127.806,26.171],[127.804,26.153],[127.729,26.097],[127.653,26.095],[127.65,26.154],[127.655,26.199],[127.727,26.308],[127.729,26.434],[127.796,26.449],[127.82,26.466],[127.926,26.556],[127.946,26.594],[127.891,26.631],[127.895,26.675],[127.907,26.694],[127.994,26.679],[128.03,26.647],[128.047,26.643],[128.098,26.668],[128.122,26.711],[128.217,26.797],[128.255,26.882],[128.332,26.812],[128.311,26.721],[128.259,26.653]]],[[[128.998,27.721],[128.956,27.702],[128.9,27.728],[128.883,27.842],[128.908,27.898],[128.952,27.91],[128.99,27.811],[129.016,27.77],[128.998,27.721]]],[[[129.453,28.209],[129.366,28.128],[129.275,28.201],[129.165,28.25],[129.217,28.263],[129.248,28.283],[129.251,28.314],[129.322,28.36],[129.465,28.395],[129.51,28.398],[129.561,28.431],[129.577,28.461],[129.598,28.476],[129.69,28.517],[129.715,28.47],[129.71,28.432],[129.642,28.411],[129.575,28.361],[129.513,28.299],[129.457,28.272],[129.439,28.255],[129.453,28.209]]],[[[129.324,28.105],[129.331,28.082],[129.232,28.101],[129.192,28.192],[129.257,28.176],[129.277,28.145],[129.324,28.105]]],[[[139.841,33.056],[139.824,33.045],[139.776,33.078],[139.769,33.107],[139.777,33.125],[139.809,33.129],[139.874,33.094],[139.841,33.056]]]]}},{"type":"Feature","properties":{"name":"South Korea","blocKey":"us_ally","blocLabel":"US treaty ally / Quad","color":"#7d8794","certainty":"member","basis":"US–ROK Mutual Defense Treaty"},"geometry":{"type":"MultiPolygon","coordinates":[[[[126.634,37.782],[126.665,37.801],[126.667,37.828],[126.667,37.917],[126.754,37.979],[126.879,38.106],[126.94,38.176],[127.01,38.241],[127.09,38.284],[127.17,38.305],[127.294,38.313],[127.533,38.305],[127.579,38.313],[127.746,38.319],[127.785,38.308],[127.905,38.3],[128.039,38.309],[128.106,38.327],[128.169,38.359],[128.223,38.417],[128.279,38.524],[128.339,38.608],[128.375,38.623],[128.619,38.176],[128.852,37.887],[129.052,37.678],[129.335,37.275],[129.418,37.059],[129.426,36.926],[129.473,36.742],[129.433,36.637],[129.445,36.471],[129.427,36.385],[129.393,36.323],[129.391,36.202],[129.402,36.138],[129.404,36.052],[129.426,36.019],[129.458,36.006],[129.51,36.038],[129.573,36.051],[129.562,35.948],[129.485,35.687],[129.419,35.498],[129.329,35.333],[129.214,35.182],[129.077,35.123],[128.98,35.102],[128.796,35.094],[128.643,35.12],[128.511,35.101],[128.458,35.069],[128.419,35.016],[128.448,34.932],[128.444,34.87],[128.388,34.875],[128.276,34.911],[128.152,34.916],[128.095,34.934],[128.036,35.022],[127.977,35.019],[127.873,34.966],[127.715,34.955],[127.659,34.926],[127.639,34.89],[127.663,34.843],[127.742,34.783],[127.715,34.721],[127.632,34.69],[127.565,34.766],[127.524,34.84],[127.477,34.844],[127.404,34.823],[127.39,34.743],[127.423,34.688],[127.479,34.625],[127.401,34.553],[127.381,34.501],[127.325,34.463],[127.173,34.546],[127.195,34.605],[127.261,34.662],[127.269,34.72],[127.247,34.755],[127.031,34.607],[126.897,34.439],[126.826,34.451],[126.796,34.494],[126.755,34.512],[126.611,34.404],[126.584,34.318],[126.531,34.314],[126.508,34.351],[126.506,34.428],[126.482,34.494],[126.333,34.59],[126.264,34.673],[126.301,34.72],[126.426,34.695],[126.525,34.698],[126.505,34.738],[126.473,34.756],[126.539,34.779],[126.593,34.824],[126.548,34.837],[126.479,34.81],[126.421,34.823],[126.398,34.933],[126.327,35.045],[126.291,35.154],[126.361,35.217],[126.396,35.314],[126.46,35.456],[126.493,35.501],[126.582,35.534],[126.614,35.571],[126.565,35.59],[126.487,35.606],[126.488,35.647],[126.542,35.669],[126.602,35.714],[126.717,35.769],[126.753,35.872],[126.72,35.898],[126.647,35.922],[126.664,35.975],[126.693,36.014],[126.682,36.038],[126.597,36.105],[126.54,36.166],[126.557,36.236],[126.544,36.341],[126.552,36.43],[126.548,36.478],[126.507,36.586],[126.488,36.694],[126.433,36.678],[126.389,36.651],[126.231,36.689],[126.181,36.692],[126.161,36.772],[126.217,36.871],[126.352,36.958],[126.429,36.969],[126.487,37.007],[126.578,37.02],[126.687,36.96],[126.784,36.948],[126.839,36.846],[126.872,36.824],[126.879,36.862],[126.958,36.906],[126.977,36.939],[126.96,36.958],[126.869,36.976],[126.787,37.103],[126.776,37.158],[126.746,37.194],[126.791,37.295],[126.696,37.411],[126.65,37.447],[126.657,37.551],[126.608,37.617],[126.58,37.654],[126.563,37.717],[126.578,37.745],[126.621,37.755],[126.634,37.782]]],[[[128.741,34.799],[128.647,34.737],[128.52,34.82],[128.489,34.865],[128.586,34.932],[128.668,35.009],[128.722,35.014],[128.741,34.799]]],[[[128.066,34.806],[128.055,34.708],[127.984,34.703],[127.942,34.766],[127.897,34.735],[127.873,34.735],[127.838,34.813],[127.832,34.875],[127.915,34.921],[127.966,34.893],[128.038,34.879],[128.066,34.806]]],[[[126.234,34.371],[126.17,34.355],[126.134,34.39],[126.109,34.399],[126.123,34.444],[126.227,34.533],[126.247,34.563],[126.344,34.545],[126.38,34.498],[126.335,34.426],[126.234,34.371]]],[[[126.521,37.737],[126.516,37.605],[126.461,37.61],[126.423,37.624],[126.407,37.649],[126.369,37.772],[126.412,37.823],[126.494,37.783],[126.521,37.737]]],[[[126.753,34.344],[126.77,34.296],[126.689,34.305],[126.646,34.351],[126.652,34.39],[126.7,34.396],[126.753,34.344]]],[[[127.799,34.615],[127.788,34.584],[127.737,34.631],[127.787,34.682],[127.799,34.615]]],[[[126.418,36.493],[126.404,36.428],[126.338,36.471],[126.319,36.613],[126.387,36.571],[126.418,36.493]]],[[[126.172,34.731],[126.159,34.707],[126.115,34.714],[126.071,34.783],[126.052,34.838],[126.008,34.867],[126.078,34.915],[126.169,34.83],[126.172,34.731]]],[[[130.916,37.478],[130.871,37.449],[130.817,37.478],[130.81,37.51],[130.838,37.537],[130.904,37.554],[130.934,37.53],[130.916,37.478]]],[[[126.327,33.224],[126.282,33.202],[126.24,33.215],[126.229,33.225],[126.179,33.283],[126.166,33.312],[126.199,33.368],[126.338,33.46],[126.696,33.549],[126.76,33.553],[126.901,33.515],[126.931,33.444],[126.905,33.382],[126.873,33.341],[126.709,33.272],[126.582,33.238],[126.327,33.224]]]]}},{"type":"Feature","properties":{"name":"Australia","blocKey":"us_ally","blocLabel":"US treaty ally / Quad","color":"#7d8794","certainty":"member","basis":"ANZUS / AUKUS"},"geometry":{"type":"MultiPolygon","coordinates":[[[[143.179,-11.954],[143.153,-12.076],[143.105,-12.17],[143.099,-12.226],[143.11,-12.304],[143.191,-12.361],[143.254,-12.398],[143.29,-12.499],[143.402,-12.64],[143.398,-12.736],[143.458,-12.856],[143.512,-13.095],[143.529,-13.304],[143.587,-13.444],[143.548,-13.741],[143.589,-13.863],[143.643,-13.964],[143.707,-14.165],[143.756,-14.349],[143.822,-14.401],[143.962,-14.463],[144.106,-14.395],[144.21,-14.302],[144.322,-14.279],[144.473,-14.232],[144.586,-14.355],[144.648,-14.492],[144.916,-14.674],[145.064,-14.791],[145.18,-14.857],[145.288,-14.943],[145.277,-15.029],[145.252,-15.097],[145.276,-15.204],[145.293,-15.327],[145.272,-15.477],[145.35,-15.702],[145.375,-15.881],[145.458,-16.056],[145.452,-16.237],[145.436,-16.305],[145.426,-16.406],[145.49,-16.532],[145.55,-16.625],[145.638,-16.726],[145.755,-16.879],[145.838,-16.91],[145.912,-16.912],[145.902,-17.07],[146.05,-17.381],[146.126,-17.635],[146.074,-17.977],[146.023,-18.176],[146.032,-18.273],[146.223,-18.51],[146.333,-18.554],[146.312,-18.667],[146.297,-18.841],[146.383,-18.977],[146.481,-19.079],[146.587,-19.139],[146.692,-19.187],[146.829,-19.236],[147.003,-19.256],[147.093,-19.333],[147.139,-19.393],[147.278,-19.414],[147.342,-19.403],[147.419,-19.378],[147.471,-19.419],[147.51,-19.474],[147.586,-19.623],[147.742,-19.77],[147.853,-19.795],[147.916,-19.869],[148.004,-19.89],[148.081,-19.899],[148.19,-19.956],[148.367,-20.087],[148.527,-20.109],[148.6,-20.145],[148.759,-20.29],[148.821,-20.366],[148.885,-20.481],[148.805,-20.492],[148.73,-20.468],[148.684,-20.58],[148.789,-20.736],[148.912,-20.845],[149.061,-20.961],[149.205,-21.125],[149.241,-21.25],[149.28,-21.3],[149.329,-21.476],[149.454,-21.579],[149.46,-21.765],[149.524,-22.024],[149.596,-22.258],[149.645,-22.328],[149.704,-22.441],[149.772,-22.426],[149.822,-22.39],[149.92,-22.501],[149.974,-22.551],[150.006,-22.522],[149.942,-22.308],[149.981,-22.184],[150.021,-22.168],[150.076,-22.164],[150.143,-22.265],[150.235,-22.373],[150.405,-22.469],[150.541,-22.559],[150.58,-22.556],[150.564,-22.486],[150.569,-22.384],[150.623,-22.367],[150.672,-22.418],[150.764,-22.576],[150.783,-22.903],[150.783,-23.177],[150.843,-23.458],[150.931,-23.532],[150.989,-23.602],[151.088,-23.696],[151.154,-23.784],[151.236,-23.825],[151.501,-24.012],[151.575,-24.034],[151.691,-24.038],[151.832,-24.123],[151.903,-24.201],[152.055,-24.494],[152.13,-24.598],[152.282,-24.699],[152.353,-24.733],[152.456,-24.802],[152.493,-24.904],[152.502,-24.964],[152.563,-25.072],[152.654,-25.202],[152.789,-25.274],[152.913,-25.432],[152.921,-25.689],[152.985,-25.816],[153.028,-25.87],[153.125,-25.923],[153.165,-25.964],[153.084,-26.304],[153.162,-26.983],[153.117,-27.194],[153.198,-27.405],[153.386,-27.769],[153.428,-27.898],[153.455,-28.048],[153.576,-28.241],[153.569,-28.533],[153.617,-28.673],[153.605,-28.854],[153.462,-29.05],[153.348,-29.29],[153.347,-29.497],[153.272,-29.892],[153.224,-29.999],[153.188,-30.164],[153.031,-30.563],[153.024,-30.72],[153.048,-30.907],[153.022,-31.087],[152.982,-31.209],[152.944,-31.435],[152.786,-31.786],[152.559,-32.046],[152.545,-32.243],[152.517,-32.33],[152.47,-32.439],[152.331,-32.558],[152.247,-32.609],[152.216,-32.678],[152.137,-32.678],[152.135,-32.7],[152.188,-32.722],[152.164,-32.757],[151.954,-32.82],[151.813,-32.901],[151.668,-33.099],[151.608,-33.202],[151.53,-33.301],[151.484,-33.347],[151.463,-33.397],[151.432,-33.522],[151.358,-33.544],[151.292,-33.581],[151.323,-33.699],[151.288,-33.835],[151.28,-33.927],[151.245,-33.985],[151.202,-33.964],[151.168,-33.973],[151.125,-34.005],[151.191,-34.015],[151.232,-34.03],[151.09,-34.162],[150.96,-34.297],[150.927,-34.387],[150.871,-34.499],[150.822,-34.749],[150.781,-34.892],[150.809,-34.994],[150.805,-35.013],[150.775,-35.02],[150.756,-35.007],[150.697,-35.042],[150.681,-35.077],[150.706,-35.12],[150.722,-35.135],[150.715,-35.155],[150.69,-35.178],[150.634,-35.178],[150.567,-35.214],[150.374,-35.584],[150.292,-35.682],[150.195,-35.834],[150.158,-35.971],[150.129,-36.12],[150.095,-36.373],[150.063,-36.55],[149.988,-36.723],[149.96,-36.846],[149.951,-37.08],[149.986,-37.258],[149.963,-37.353],[149.962,-37.444],[149.933,-37.529],[149.809,-37.548],[149.709,-37.617],[149.565,-37.73],[149.481,-37.771],[149.298,-37.802],[148.944,-37.788],[148.263,-37.831],[148.131,-37.856],[147.877,-37.934],[147.631,-38.056],[147.396,-38.219],[146.857,-38.663],[146.436,-38.712],[146.356,-38.712],[146.293,-38.7],[146.217,-38.727],[146.216,-38.783],[146.286,-38.84],[146.337,-38.894],[146.427,-38.82],[146.467,-38.84],[146.482,-38.978],[146.484,-39.065],[146.457,-39.112],[146.4,-39.146],[146.34,-39.124],[146.332,-39.077],[146.254,-38.964],[146.158,-38.866],[146.07,-38.834],[146.018,-38.867],[145.935,-38.902],[145.866,-38.776],[145.791,-38.667],[145.692,-38.656],[145.606,-38.657],[145.535,-38.61],[145.397,-38.535],[145.424,-38.477],[145.463,-38.416],[145.542,-38.394],[145.518,-38.311],[145.476,-38.244],[145.366,-38.226],[145.293,-38.238],[145.249,-38.291],[145.191,-38.384],[144.96,-38.501],[144.847,-38.436],[144.718,-38.34],[144.78,-38.347],[144.911,-38.344],[145.02,-38.258],[145.067,-38.205],[145.12,-38.091],[145.05,-38.011],[144.985,-37.952],[144.891,-37.9],[144.538,-38.077],[144.465,-38.103],[144.396,-38.137],[144.518,-38.166],[144.589,-38.158],[144.665,-38.21],[144.544,-38.284],[144.448,-38.304],[144.329,-38.348],[144.102,-38.462],[143.812,-38.699],[143.687,-38.767],[143.539,-38.821],[143.338,-38.758],[143.226,-38.743],[143.083,-38.646],[142.84,-38.581],[142.612,-38.452],[142.456,-38.386],[142.345,-38.372],[142.188,-38.399],[141.925,-38.284],[141.725,-38.271],[141.594,-38.388],[141.492,-38.38],[141.424,-38.363],[141.214,-38.172],[141.011,-38.077],[140.627,-38.028],[140.39,-37.897],[140.212,-37.642],[139.875,-37.352],[139.784,-37.246],[139.742,-37.142],[139.738,-37.06],[139.784,-36.903],[139.847,-36.748],[139.857,-36.662],[139.729,-36.371],[139.549,-36.097],[139.466,-36.01],[139.245,-35.827],[139.038,-35.689],[138.985,-35.618],[138.969,-35.581],[139.067,-35.598],[139.113,-35.542],[139.178,-35.523],[139.231,-35.598],[139.289,-35.611],[139.292,-35.486],[139.325,-35.427],[139.303,-35.399],[139.283,-35.375],[139.193,-35.347],[139.094,-35.39],[139.018,-35.443],[138.915,-35.489],[138.875,-35.537],[138.771,-35.538],[138.73,-35.551],[138.522,-35.642],[138.389,-35.645],[138.184,-35.613],[138.252,-35.487],[138.333,-35.412],[138.4,-35.326],[138.511,-35.024],[138.49,-34.764],[138.436,-34.656],[138.264,-34.44],[138.186,-34.307],[138.089,-34.17],[138.041,-34.25],[138.012,-34.334],[137.919,-34.456],[137.874,-34.727],[137.692,-35.143],[137.566,-35.148],[137.46,-35.131],[137.272,-35.179],[137.144,-35.236],[137.03,-35.237],[136.967,-35.255],[136.884,-35.24],[137.014,-34.916],[137.128,-34.925],[137.252,-34.912],[137.308,-34.917],[137.391,-34.913],[137.454,-34.764],[137.493,-34.598],[137.469,-34.49],[137.459,-34.379],[137.484,-34.252],[137.494,-34.161],[137.65,-33.859],[137.781,-33.703],[137.932,-33.579],[137.914,-33.461],[137.866,-33.314],[137.852,-33.201],[137.924,-33.165],[137.993,-33.094],[137.913,-32.771],[137.863,-32.674],[137.783,-32.578],[137.782,-32.702],[137.791,-32.823],[137.68,-32.978],[137.536,-33.089],[137.442,-33.194],[137.354,-33.43],[137.237,-33.629],[137.13,-33.703],[137.034,-33.72],[136.937,-33.75],[136.783,-33.83],[136.636,-33.897],[136.526,-33.984],[136.431,-34.03],[136.121,-34.429],[135.98,-34.562],[135.951,-34.616],[135.891,-34.661],[135.903,-34.724],[135.951,-34.767],[135.999,-34.944],[135.97,-34.982],[135.919,-34.962],[135.792,-34.863],[135.713,-34.899],[135.648,-34.94],[135.481,-34.758],[135.412,-34.716],[135.324,-34.643],[135.231,-34.58],[135.191,-34.573],[135.123,-34.586],[135.13,-34.537],[135.176,-34.497],[135.217,-34.487],[135.292,-34.546],[135.379,-34.598],[135.427,-34.602],[135.45,-34.581],[135.368,-34.376],[135.312,-34.196],[135.286,-34.142],[135.219,-33.96],[135.185,-33.907],[135.042,-33.778],[134.889,-33.626],[134.847,-33.445],[134.791,-33.328],[134.719,-33.255],[134.608,-33.19],[134.301,-33.165],[134.174,-32.979],[134.1,-32.749],[134.158,-32.733],[134.227,-32.731],[134.249,-32.659],[134.234,-32.549],[133.93,-32.412],[133.787,-32.269],[133.665,-32.207],[133.551,-32.183],[133.401,-32.188],[133.212,-32.184],[132.757,-31.956],[132.649,-31.949],[132.324,-32.02],[132.215,-32.007],[131.721,-31.696],[131.393,-31.549],[131.285,-31.521],[131.144,-31.496],[131.029,-31.532],[130.948,-31.566],[130.783,-31.604],[130.13,-31.579],[129.569,-31.627],[129.188,-31.66],[128.946,-31.703],[128.546,-31.888],[128.068,-32.067],[127.678,-32.151],[127.32,-32.264],[127.084,-32.297],[126.779,-32.311],[126.137,-32.257],[125.917,-32.297],[125.567,-32.506],[125.464,-32.557],[125.267,-32.614],[124.759,-32.883],[124.525,-32.94],[124.373,-32.958],[124.244,-33.015],[124.126,-33.129],[123.967,-33.446],[123.868,-33.596],[123.65,-33.836],[123.507,-33.916],[123.365,-33.905],[123.208,-33.988],[123.068,-33.901],[122.956,-33.884],[122.778,-33.891],[122.151,-33.992],[122.061,-33.874],[121.946,-33.857],[121.73,-33.862],[121.405,-33.827],[120.815,-33.871],[120.531,-33.92],[120.418,-33.963],[120.209,-33.935],[119.854,-33.975],[119.729,-34.042],[119.635,-34.101],[119.451,-34.368],[119.248,-34.456],[119.081,-34.459],[118.895,-34.48],[118.52,-34.737],[118.136,-34.987],[118.006,-35.013],[117.863,-35.055],[117.675,-35.075],[117.582,-35.098],[117.144,-35.034],[116.865,-35.027],[116.517,-34.988],[116.217,-34.866],[115.987,-34.795],[115.726,-34.526],[115.565,-34.426],[115.278,-34.304],[115.195,-34.308],[115.128,-34.342],[115.009,-34.256],[115.006,-34.145],[114.973,-34.051],[114.976,-33.804],[114.994,-33.515],[115.099,-33.58],[115.182,-33.643],[115.359,-33.64],[115.515,-33.531],[115.604,-33.372],[115.683,-33.193],[115.671,-33.002],[115.619,-32.667],[115.654,-32.597],[115.708,-32.568],[115.725,-32.401],[115.738,-31.888],[115.698,-31.695],[115.455,-31.303],[115.294,-30.962],[115.177,-30.808],[115.078,-30.56],[114.995,-30.216],[114.969,-30.042],[114.942,-29.722],[114.971,-29.54],[114.959,-29.434],[114.857,-29.143],[114.628,-28.872],[114.591,-28.772],[114.592,-28.666],[114.537,-28.543],[114.354,-28.295],[114.165,-28.081],[114.133,-27.976],[114.098,-27.544],[114.028,-27.347],[113.709,-26.848],[113.333,-26.417],[113.231,-26.241],[113.185,-26.182],[113.211,-26.174],[113.253,-26.197],[113.3,-26.24],[113.323,-26.244],[113.345,-26.208],[113.343,-26.126],[113.356,-26.08],[113.389,-26.106],[113.427,-26.198],[113.547,-26.437],[113.582,-26.558],[113.734,-26.595],[113.78,-26.563],[113.836,-26.501],[113.853,-26.332],[113.776,-26.256],[113.706,-26.224],[113.589,-26.099],[113.513,-25.898],[113.395,-25.713],[113.397,-25.647],[113.451,-25.599],[113.539,-25.625],[113.621,-25.732],[113.713,-25.831],[113.698,-26.004],[113.684,-26.052],[113.692,-26.092],[113.724,-26.13],[113.766,-26.16],[113.812,-26.116],[113.854,-26.014],[113.88,-26.028],[113.942,-26.259],[113.992,-26.321],[114.09,-26.394],[114.176,-26.337],[114.216,-26.289],[114.203,-26.126],[114.229,-25.969],[114.214,-25.852],[113.993,-25.545],[113.792,-25.166],[113.671,-24.977],[113.569,-24.693],[113.504,-24.595],[113.418,-24.436],[113.413,-24.254],[113.421,-24.132],[113.49,-23.87],[113.553,-23.733],[113.757,-23.418],[113.767,-23.283],[113.765,-23.18],[113.795,-23.024],[113.795,-22.915],[113.768,-22.813],[113.683,-22.638],[113.795,-22.332],[113.958,-21.939],[114.023,-21.881],[114.124,-21.829],[114.143,-21.91],[114.093,-22.181],[114.164,-22.323],[114.142,-22.483],[114.205,-22.456],[114.304,-22.425],[114.378,-22.342],[114.417,-22.261],[114.603,-21.942],[114.709,-21.823],[114.859,-21.736],[115.162,-21.631],[115.456,-21.492],[115.596,-21.358],[115.771,-21.242],[115.894,-21.117],[116.011,-21.03],[116.606,-20.713],[116.707,-20.654],[116.836,-20.647],[116.995,-20.658],[117.139,-20.641],[117.293,-20.713],[117.406,-20.721],[117.684,-20.643],[117.832,-20.573],[118.087,-20.419],[118.199,-20.375],[118.458,-20.327],[118.751,-20.262],[119.104,-19.995],[119.359,-20.012],[119.586,-20.038],[119.768,-19.958],[120.196,-19.909],[120.434,-19.842],[120.878,-19.665],[120.998,-19.604],[121.18,-19.478],[121.338,-19.32],[121.494,-19.106],[121.589,-18.915],[121.631,-18.817],[121.722,-18.66],[121.785,-18.536],[121.834,-18.477],[122.006,-18.394],[122.262,-18.159],[122.345,-18.112],[122.361,-18.037],[122.306,-17.995],[122.237,-17.969],[122.191,-17.72],[122.147,-17.549],[122.143,-17.428],[122.16,-17.314],[122.261,-17.136],[122.333,-17.059],[122.432,-16.97],[122.523,-16.943],[122.598,-16.865],[122.72,-16.788],[122.772,-16.71],[122.848,-16.552],[122.917,-16.433],[122.971,-16.437],[123.074,-16.715],[123.142,-16.863],[123.266,-17.037],[123.383,-17.293],[123.479,-17.41],[123.525,-17.486],[123.563,-17.521],[123.571,-17.472],[123.562,-17.415],[123.608,-17.22],[123.586,-17.083],[123.594,-17.03],[123.618,-17.008],[123.664,-17.023],[123.754,-17.1],[123.799,-17.127],[123.831,-17.121],[123.829,-16.997],[123.874,-16.919],[123.856,-16.865],[123.778,-16.868],[123.745,-16.801],[123.68,-16.724],[123.607,-16.668],[123.518,-16.541],[123.49,-16.491],[123.525,-16.468],[123.581,-16.471],[123.626,-16.416],[123.646,-16.343],[123.607,-16.224],[123.647,-16.18],[123.729,-16.192],[123.859,-16.382],[123.915,-16.364],[123.961,-16.287],[124.044,-16.265],[124.13,-16.279],[124.186,-16.334],[124.3,-16.388],[124.453,-16.382],[124.53,-16.395],[124.692,-16.386],[124.772,-16.403],[124.757,-16.373],[124.669,-16.339],[124.57,-16.332],[124.454,-16.335],[124.405,-16.299],[124.388,-16.203],[124.416,-16.133],[124.435,-16.104],[124.51,-16.116],[124.577,-16.114],[124.585,-16.02],[124.609,-15.937],[124.649,-15.87],[124.648,-15.805],[124.607,-15.823],[124.504,-15.972],[124.455,-15.851],[124.382,-15.758],[124.397,-15.626],[124.44,-15.494],[124.506,-15.475],[124.562,-15.496],[124.644,-15.419],[124.691,-15.36],[124.68,-15.311],[124.693,-15.274],[124.75,-15.285],[124.972,-15.404],[125.016,-15.467],[125.063,-15.442],[125.078,-15.375],[125.073,-15.307],[125.024,-15.317],[124.909,-15.31],[124.883,-15.272],[124.893,-15.241],[124.839,-15.161],[124.914,-15.11],[124.979,-15.107],[125.023,-15.072],[125.024,-15.024],[125.038,-15.004],[125.073,-15.032],[125.189,-15.045],[125.302,-15.107],[125.356,-15.12],[125.376,-15.087],[125.384,-15.016],[125.243,-14.945],[125.239,-14.875],[125.18,-14.794],[125.179,-14.715],[125.267,-14.648],[125.285,-14.584],[125.335,-14.558],[125.436,-14.557],[125.504,-14.502],[125.58,-14.483],[125.598,-14.362],[125.597,-14.278],[125.628,-14.257],[125.705,-14.291],[125.681,-14.388],[125.681,-14.48],[125.662,-14.529],[125.691,-14.525],[125.708,-14.505],[125.738,-14.444],[125.82,-14.469],[125.84,-14.534],[125.85,-14.597],[125.891,-14.618],[125.946,-14.52],[126.021,-14.495],[126.017,-14.371],[126.045,-14.283],[126.054,-14.217],[126.101,-14.184],[126.111,-14.114],[126.073,-14.066],[126.054,-13.977],[126.119,-13.958],[126.184,-14.002],[126.228,-14.113],[126.258,-14.164],[126.299,-14.136],[126.323,-14.062],[126.403,-14.019],[126.482,-14.079],[126.57,-14.161],[126.679,-14.089],[126.781,-13.955],[126.764,-13.873],[126.776,-13.788],[126.903,-13.744],[127.006,-13.777],[127.099,-13.867],[127.293,-13.935],[127.458,-14.031],[127.531,-14.095],[127.673,-14.195],[127.763,-14.299],[127.888,-14.485],[128.18,-14.712],[128.199,-14.752],[128.16,-14.827],[128.124,-14.924],[128.08,-15.088],[128.069,-15.329],[128.112,-15.312],[128.155,-15.226],[128.202,-15.243],[128.255,-15.299],[128.259,-15.246],[128.227,-15.214],[128.173,-15.102],[128.175,-15.043],[128.218,-14.996],[128.285,-14.939],[128.358,-14.902],[128.403,-14.869],[128.41,-14.829],[128.477,-14.788],[128.576,-14.775],[128.636,-14.781],[129.058,-14.884],[129.165,-14.988],[129.175,-15.115],[129.216,-15.16],[129.238,-15.08],[129.234,-14.906],[129.268,-14.871],[129.381,-14.898],[129.459,-14.933],[129.567,-15.047],[129.588,-15.103],[129.635,-15.14],[129.65,-15.087],[129.628,-15.012],[129.613,-14.926],[129.637,-14.851],[129.763,-14.845],[129.849,-14.829],[129.808,-14.8],[129.754,-14.79],[129.663,-14.721],[129.605,-14.647],[129.699,-14.575],[129.698,-14.557],[129.608,-14.56],[129.484,-14.49],[129.379,-14.392],[129.459,-14.213],[129.62,-14.038],[129.71,-13.98],[129.718,-13.921],[129.762,-13.812],[129.789,-13.72],[129.797,-13.648],[129.839,-13.573],[129.938,-13.502],[130.073,-13.476],[130.136,-13.448],[130.199,-13.383],[130.26,-13.302],[130.135,-13.146],[130.145,-13.059],[130.168,-12.957],[130.318,-12.883],[130.4,-12.688],[130.454,-12.659],[130.572,-12.664],[130.617,-12.647],[130.61,-12.491],[130.623,-12.431],[130.672,-12.407],[130.736,-12.428],[130.777,-12.495],[130.867,-12.558],[130.898,-12.524],[130.883,-12.455],[130.874,-12.367],[130.957,-12.348],[131.023,-12.343],[131.03,-12.271],[131.02,-12.214],[131.046,-12.19],[131.22,-12.178],[131.265,-12.119],[131.292,-12.068],[131.314,-12.096],[131.342,-12.21],[131.438,-12.277],[131.726,-12.278],[131.888,-12.232],[131.957,-12.259],[132.064,-12.281],[132.182,-12.227],[132.253,-12.186],[132.372,-12.239],[132.411,-12.295],[132.442,-12.176],[132.511,-12.135],[132.584,-12.11],[132.676,-12.13],[132.713,-12.123],[132.63,-12.035],[132.635,-11.955],[132.63,-11.836],[132.645,-11.727],[132.674,-11.649],[132.475,-11.492],[132.278,-11.468],[132.134,-11.501],[132.073,-11.475],[131.945,-11.349],[131.822,-11.302],[131.812,-11.271],[131.962,-11.181],[132.019,-11.196],[132.106,-11.281],[132.155,-11.311],[132.198,-11.305],[132.225,-11.239],[132.263,-11.204],[132.334,-11.224],[132.557,-11.367],[132.683,-11.506],[132.747,-11.469],[132.857,-11.391],[132.961,-11.407],[133.025,-11.453],[133.114,-11.622],[133.185,-11.706],[133.356,-11.728],[133.443,-11.76],[133.533,-11.816],[133.654,-11.811],[133.904,-11.832],[134.139,-11.94],[134.237,-12.008],[134.351,-12.026],[134.417,-12.053],[134.538,-12.061],[134.73,-11.984],[134.816,-12.055],[134.855,-12.103],[135.03,-12.194],[135.218,-12.222],[135.352,-12.129],[135.549,-12.061],[135.686,-11.956],[135.788,-11.907],[135.885,-11.822],[135.922,-11.826],[135.844,-11.905],[135.834,-11.951],[135.896,-11.97],[135.889,-11.993],[135.804,-12.055],[135.703,-12.152],[135.704,-12.21],[135.744,-12.242],[135.791,-12.228],[135.857,-12.179],[135.938,-12.152],[136.008,-12.191],[136.031,-12.331],[136.082,-12.422],[136.193,-12.435],[136.261,-12.434],[136.329,-12.306],[136.292,-12.196],[136.25,-12.173],[136.27,-12.132],[136.443,-11.951],[136.54,-11.958],[136.61,-12.134],[136.719,-12.226],[136.836,-12.219],[136.897,-12.244],[136.947,-12.35],[136.537,-12.784],[136.518,-12.833],[136.573,-12.912],[136.594,-13.004],[136.461,-13.225],[136.412,-13.236],[136.365,-13.176],[136.294,-13.138],[136.232,-13.165],[136.166,-13.181],[135.927,-13.304],[135.929,-13.622],[135.99,-13.81],[135.954,-13.935],[135.883,-14.153],[135.806,-14.234],[135.745,-14.287],[135.539,-14.585],[135.473,-14.657],[135.405,-14.758],[135.428,-14.856],[135.453,-14.923],[135.531,-15],[135.833,-15.16],[135.97,-15.27],[136.205,-15.403],[136.259,-15.495],[136.291,-15.57],[136.462,-15.655],[136.584,-15.707],[136.619,-15.693],[136.644,-15.676],[136.675,-15.675],[136.705,-15.685],[136.7,-15.752],[136.687,-15.788],[136.698,-15.835],[136.785,-15.894],[136.923,-15.892],[137.002,-15.878],[137.09,-15.941],[137.169,-15.982],[137.299,-16.066],[137.526,-16.167],[137.704,-16.233],[137.913,-16.477],[138.072,-16.617],[138.245,-16.718],[138.506,-16.79],[138.626,-16.778],[138.82,-16.861],[139.01,-16.899],[139.11,-17.014],[139.145,-17.101],[139.154,-17.168],[139.248,-17.329],[139.441,-17.381],[139.69,-17.541],[139.895,-17.611],[139.946,-17.654],[140.036,-17.703],[140.21,-17.704],[140.511,-17.625],[140.648,-17.544],[140.83,-17.414],[140.916,-17.193],[140.966,-17.015],[141.219,-16.646],[141.291,-16.463],[141.356,-16.221],[141.412,-16.07],[141.393,-15.905],[141.452,-15.605],[141.581,-15.195],[141.625,-15.057],[141.604,-14.853],[141.523,-14.47],[141.559,-14.338],[141.594,-14.153],[141.535,-14.019],[141.481,-13.927],[141.473,-13.798],[141.534,-13.554],[141.589,-13.425],[141.645,-13.259],[141.614,-12.943],[141.735,-12.833],[141.782,-12.779],[141.876,-12.778],[141.92,-12.803],[141.93,-12.74],[141.893,-12.681],[141.878,-12.613],[141.852,-12.579],[141.795,-12.567],[141.747,-12.529],[141.678,-12.491],[141.689,-12.351],[141.806,-12.08],[141.871,-11.976],[141.913,-12.019],[141.961,-12.054],[141.968,-11.976],[141.952,-11.896],[142.041,-11.632],[142.139,-11.273],[142.168,-10.947],[142.326,-10.884],[142.407,-10.802],[142.456,-10.707],[142.545,-10.707],[142.605,-10.748],[142.565,-10.819],[142.553,-10.874],[142.723,-11.01],[142.78,-11.115],[142.803,-11.214],[142.837,-11.307],[142.853,-11.432],[142.851,-11.632],[142.873,-11.821],[142.934,-11.881],[142.988,-11.919],[143.066,-11.924],[143.179,-11.954]]],[[[153.077,-25.751],[153.052,-25.778],[153.007,-25.729],[152.977,-25.551],[152.999,-25.448],[153.052,-25.354],[153.061,-25.302],[153.038,-25.193],[153.189,-25.071],[153.228,-25.006],[153.242,-24.923],[153.186,-24.833],[153.144,-24.815],[153.181,-24.765],[153.223,-24.74],[153.257,-24.729],[153.282,-24.738],[153.298,-24.915],[153.359,-24.978],[153.35,-25.063],[153.141,-25.513],[153.084,-25.683],[153.077,-25.751]]],[[[139.508,-16.573],[139.431,-16.661],[139.392,-16.649],[139.354,-16.697],[139.283,-16.719],[139.239,-16.719],[139.16,-16.742],[139.148,-16.714],[139.163,-16.626],[139.229,-16.528],[139.293,-16.467],[139.459,-16.438],[139.588,-16.395],[139.604,-16.403],[139.698,-16.515],[139.56,-16.529],[139.508,-16.573]]],[[[136.715,-13.804],[136.758,-13.845],[136.804,-13.842],[136.845,-13.751],[136.871,-13.764],[136.891,-13.787],[136.906,-13.827],[136.843,-13.897],[136.815,-13.907],[136.788,-13.946],[136.745,-14.073],[136.75,-14.115],[136.787,-14.158],[136.885,-14.197],[136.934,-14.179],[136.951,-14.184],[136.931,-14.246],[136.894,-14.293],[136.763,-14.273],[136.65,-14.28],[136.461,-14.235],[136.363,-14.229],[136.335,-14.212],[136.392,-14.175],[136.428,-14.126],[136.411,-14.011],[136.425,-13.865],[136.534,-13.794],[136.583,-13.721],[136.656,-13.676],[136.702,-13.682],[136.696,-13.726],[136.715,-13.804]]],[[[130.459,-11.679],[130.542,-11.703],[130.58,-11.737],[130.603,-11.773],[130.606,-11.817],[130.503,-11.836],[130.317,-11.772],[130.131,-11.825],[130.077,-11.825],[130.043,-11.787],[130.072,-11.681],[130.139,-11.697],[130.198,-11.658],[130.187,-11.541],[130.153,-11.478],[130.251,-11.361],[130.295,-11.337],[130.339,-11.337],[130.377,-11.42],[130.386,-11.51],[130.433,-11.592],[130.459,-11.679]]],[[[130.619,-11.376],[130.752,-11.384],[130.913,-11.309],[130.987,-11.34],[131.023,-11.334],[131.141,-11.263],[131.217,-11.243],[131.268,-11.19],[131.321,-11.247],[131.437,-11.313],[131.473,-11.383],[131.522,-11.415],[131.539,-11.437],[131.468,-11.51],[131.459,-11.588],[131.383,-11.583],[131.292,-11.711],[130.951,-11.926],[130.645,-11.742],[130.512,-11.618],[130.423,-11.446],[130.405,-11.305],[130.369,-11.215],[130.385,-11.192],[130.403,-11.18],[130.427,-11.183],[130.519,-11.279],[130.56,-11.306],[130.619,-11.376]]],[[[113.183,-26.053],[113.156,-26.095],[112.964,-25.783],[112.908,-25.57],[112.947,-25.532],[112.982,-25.52],[113.096,-25.815],[113.132,-25.883],[113.132,-25.952],[113.148,-25.974],[113.183,-26.053]]],[[[137.596,-35.739],[137.836,-35.762],[137.929,-35.726],[138.047,-35.755],[138.123,-35.852],[138.067,-35.901],[138.012,-35.908],[137.836,-35.868],[137.671,-35.898],[137.622,-35.938],[137.59,-36.027],[137.448,-36.075],[137.382,-36.021],[137.21,-35.982],[137.148,-36.039],[137.026,-36.024],[136.913,-36.047],[136.755,-36.033],[136.589,-35.935],[136.541,-35.89],[136.579,-35.809],[136.639,-35.749],[137.092,-35.664],[137.334,-35.592],[137.53,-35.605],[137.585,-35.62],[137.635,-35.656],[137.598,-35.722],[137.596,-35.739]]],[[[145.487,-38.355],[145.336,-38.421],[145.28,-38.391],[145.286,-38.341],[145.295,-38.319],[145.427,-38.314],[145.487,-38.355]]],[[[145.314,-38.491],[145.349,-38.538],[145.355,-38.557],[145.271,-38.52],[145.128,-38.528],[145.218,-38.459],[145.288,-38.472],[145.314,-38.491]]],[[[149.044,-20.292],[149.02,-20.303],[148.987,-20.302],[148.939,-20.284],[148.981,-20.154],[149.004,-20.221],[149.045,-20.278],[149.044,-20.292]]],[[[148.936,-20.15],[148.913,-20.154],[148.887,-20.144],[148.906,-20.102],[148.932,-20.069],[148.968,-20.044],[148.956,-20.135],[148.936,-20.15]]],[[[151.147,-23.491],[151.181,-23.516],[151.212,-23.513],[151.24,-23.53],[151.229,-23.595],[151.274,-23.668],[151.296,-23.72],[151.262,-23.762],[151.238,-23.776],[151.184,-23.741],[151.033,-23.53],[151.06,-23.461],[151.147,-23.491]]],[[[150.517,-22.323],[150.488,-22.325],[150.462,-22.308],[150.485,-22.268],[150.488,-22.211],[150.521,-22.228],[150.549,-22.307],[150.517,-22.323]]],[[[149.928,-22.193],[149.894,-22.223],[149.87,-22.15],[149.875,-22.074],[149.912,-22.049],[149.928,-22.149],[149.928,-22.193]]],[[[153.539,-27.436],[153.453,-27.712],[153.427,-27.706],[153.396,-27.665],[153.401,-27.506],[153.435,-27.405],[153.522,-27.422],[153.539,-27.436]]],[[[153.442,-27.316],[153.421,-27.331],[153.377,-27.235],[153.365,-27.139],[153.38,-27.049],[153.432,-27.03],[153.467,-27.038],[153.426,-27.201],[153.442,-27.316]]],[[[142.275,-10.705],[142.191,-10.762],[142.137,-10.732],[142.125,-10.668],[142.131,-10.641],[142.198,-10.592],[142.275,-10.705]]],[[[142.339,-10.192],[142.279,-10.254],[142.216,-10.236],[142.195,-10.199],[142.219,-10.149],[142.299,-10.14],[142.339,-10.192]]],[[[142.168,-10.154],[142.142,-10.181],[142.098,-10.122],[142.149,-10.052],[142.192,-10.085],[142.168,-10.154]]],[[[146.278,-18.231],[146.299,-18.326],[146.342,-18.4],[146.327,-18.449],[146.299,-18.485],[146.236,-18.451],[146.191,-18.363],[146.116,-18.292],[146.099,-18.252],[146.187,-18.255],[146.231,-18.241],[146.249,-18.226],[146.278,-18.231]]],[[[136.599,-11.379],[136.527,-11.439],[136.522,-11.394],[136.56,-11.358],[136.649,-11.212],[136.688,-11.178],[136.711,-11.158],[136.727,-11.105],[136.732,-11.025],[136.78,-11.012],[136.741,-11.195],[136.599,-11.379]]],[[[136.339,-11.602],[136.18,-11.677],[136.267,-11.576],[136.449,-11.487],[136.479,-11.466],[136.471,-11.509],[136.379,-11.583],[136.339,-11.602]]],[[[137.094,-15.778],[137.051,-15.824],[136.996,-15.776],[136.985,-15.726],[136.943,-15.712],[136.963,-15.666],[136.986,-15.652],[137.01,-15.595],[137.065,-15.663],[137.071,-15.738],[137.094,-15.778]]],[[[136.863,-15.62],[136.847,-15.627],[136.846,-15.544],[136.877,-15.503],[136.89,-15.589],[136.863,-15.62]]],[[[136.591,-15.628],[136.531,-15.632],[136.514,-15.627],[136.503,-15.583],[136.523,-15.543],[136.586,-15.534],[136.612,-15.544],[136.591,-15.628]]],[[[139.459,-17.115],[139.422,-17.132],[139.408,-17.091],[139.459,-17.049],[139.493,-16.99],[139.56,-17.042],[139.571,-17.094],[139.459,-17.115]]],[[[136.237,-13.825],[136.214,-13.836],[136.123,-13.817],[136.122,-13.781],[136.134,-13.753],[136.16,-13.737],[136.215,-13.665],[136.257,-13.707],[136.275,-13.791],[136.237,-13.825]]],[[[132.593,-11.303],[132.574,-11.318],[132.494,-11.164],[132.516,-11.116],[132.484,-11.037],[132.538,-11.028],[132.579,-10.969],[132.593,-10.998],[132.597,-11.106],[132.629,-11.169],[132.593,-11.303]]],[[[125.199,-14.579],[125.135,-14.642],[125.091,-14.592],[125.117,-14.492],[125.16,-14.456],[125.198,-14.475],[125.194,-14.553],[125.199,-14.579]]],[[[124.597,-15.402],[124.56,-15.43],[124.524,-15.421],[124.524,-15.382],[124.483,-15.34],[124.504,-15.292],[124.519,-15.267],[124.551,-15.27],[124.565,-15.311],[124.605,-15.357],[124.597,-15.402]]],[[[115.446,-20.788],[115.388,-20.866],[115.318,-20.851],[115.309,-20.811],[115.354,-20.746],[115.435,-20.668],[115.458,-20.716],[115.446,-20.788]]],[[[145.043,-40.787],[145.159,-40.791],[145.224,-40.765],[145.283,-40.77],[145.349,-40.826],[145.429,-40.858],[145.485,-40.852],[145.533,-40.864],[145.576,-40.904],[145.686,-40.939],[145.734,-40.962],[145.775,-40.997],[145.821,-41.025],[146.111,-41.118],[146.317,-41.163],[146.574,-41.142],[146.651,-41.116],[146.723,-41.078],[146.786,-41.114],[146.848,-41.168],[146.836,-41.109],[146.857,-41.058],[146.919,-41.018],[146.99,-40.992],[147.106,-40.994],[147.219,-40.983],[147.269,-40.96],[147.321,-40.956],[147.388,-40.986],[147.455,-41.002],[147.501,-40.964],[147.579,-40.876],[147.622,-40.845],[147.818,-40.872],[147.873,-40.873],[147.969,-40.78],[148.033,-40.781],[148.215,-40.855],[148.293,-40.947],[148.285,-41.115],[148.292,-41.175],[148.306,-41.233],[148.312,-41.35],[148.29,-41.465],[148.287,-41.555],[148.297,-41.646],[148.288,-41.816],[148.316,-41.928],[148.302,-42.004],[148.301,-42.04],[148.328,-42.074],[148.341,-42.111],[148.331,-42.159],[148.343,-42.215],[148.331,-42.262],[148.29,-42.255],[148.277,-42.219],[148.285,-42.173],[148.277,-42.136],[148.256,-42.103],[148.183,-42.065],[148.204,-42.042],[148.242,-42.022],[148.214,-41.97],[148.167,-42.012],[148.141,-42.07],[148.156,-42.088],[148.128,-42.104],[148.067,-42.17],[148.023,-42.259],[148.005,-42.345],[148.009,-42.436],[147.974,-42.506],[147.924,-42.572],[147.912,-42.658],[147.915,-42.816],[147.958,-42.96],[147.981,-43.157],[147.945,-43.182],[147.839,-43.195],[147.786,-43.22],[147.699,-43.123],[147.648,-43.021],[147.687,-42.98],[147.774,-43.003],[147.8,-42.98],[147.807,-42.954],[147.8,-42.928],[147.693,-42.872],[147.574,-42.846],[147.536,-42.878],[147.549,-42.975],[147.537,-42.996],[147.452,-43.033],[147.408,-42.894],[147.298,-42.791],[147.302,-42.841],[147.348,-42.927],[147.343,-42.964],[147.325,-43.013],[147.281,-43.032],[147.26,-43.071],[147.26,-43.126],[147.245,-43.216],[147.173,-43.256],[146.997,-43.156],[146.985,-43.19],[146.988,-43.219],[147.077,-43.276],[147.036,-43.319],[147.005,-43.37],[146.955,-43.502],[146.874,-43.612],[146.834,-43.619],[146.699,-43.602],[146.549,-43.509],[146.413,-43.52],[146.187,-43.513],[146.043,-43.547],[146.013,-43.445],[145.982,-43.408],[145.994,-43.376],[146.109,-43.354],[146.226,-43.355],[146.208,-43.316],[146.176,-43.302],[146.125,-43.311],[145.975,-43.277],[145.873,-43.292],[145.803,-43.244],[145.682,-43.076],[145.61,-42.998],[145.567,-42.968],[145.518,-42.951],[145.488,-42.927],[145.268,-42.544],[145.237,-42.456],[145.199,-42.231],[145.373,-42.338],[145.435,-42.407],[145.468,-42.493],[145.527,-42.388],[145.517,-42.354],[145.36,-42.228],[145.34,-42.191],[145.331,-42.147],[145.294,-42.191],[145.235,-42.197],[145.259,-42.107],[145.238,-42.02],[145.055,-41.827],[144.916,-41.644],[144.778,-41.419],[144.766,-41.39],[144.764,-41.342],[144.698,-41.191],[144.662,-41.079],[144.646,-40.981],[144.71,-40.783],[144.719,-40.672],[144.819,-40.722],[145.043,-40.787]]],[[[143.928,-40.116],[143.899,-40.12],[143.876,-40.064],[143.888,-39.984],[143.839,-39.904],[143.865,-39.824],[143.862,-39.738],[143.879,-39.7],[143.939,-39.658],[143.949,-39.584],[144.001,-39.58],[144.091,-39.638],[144.121,-39.785],[144.106,-39.874],[144.141,-39.954],[144.112,-40.022],[144.035,-40.078],[143.928,-40.116]]],[[[148,-39.758],[148.178,-39.938],[148.27,-39.967],[148.297,-39.986],[148.29,-40.065],[148.251,-40.1],[148.323,-40.144],[148.314,-40.174],[148.299,-40.172],[148.21,-40.234],[148.106,-40.262],[148.074,-40.241],[148.047,-40.213],[148.025,-40.172],[147.891,-40.015],[147.906,-39.971],[147.876,-39.905],[147.812,-39.91],[147.767,-39.87],[147.839,-39.832],[147.933,-39.726],[148,-39.758]]],[[[147.356,-43.397],[147.309,-43.501],[147.231,-43.483],[147.154,-43.5],[147.105,-43.431],[147.105,-43.413],[147.163,-43.43],[147.185,-43.408],[147.198,-43.379],[147.22,-43.371],[147.234,-43.33],[147.284,-43.279],[147.313,-43.28],[147.342,-43.346],[147.356,-43.397]]],[[[148.104,-42.71],[148.048,-42.719],[148.03,-42.715],[148.031,-42.663],[148.023,-42.64],[148.073,-42.593],[148.143,-42.616],[148.17,-42.652],[148.101,-42.681],[148.104,-42.71]]],[[[147.435,-43.241],[147.372,-43.241],[147.349,-43.232],[147.338,-43.183],[147.296,-43.162],[147.319,-43.145],[147.327,-43.115],[147.353,-43.08],[147.397,-43.118],[147.435,-43.241]]],[[[144.784,-40.507],[144.748,-40.589],[144.71,-40.485],[144.751,-40.47],[144.783,-40.435],[144.791,-40.44],[144.784,-40.507]]],[[[148.326,-40.307],[148.421,-40.367],[148.474,-40.432],[148.404,-40.487],[148.353,-40.497],[148.319,-40.435],[148.214,-40.458],[148.103,-40.452],[148.02,-40.404],[148.01,-40.381],[148.059,-40.357],[148.198,-40.358],[148.326,-40.307]]],[[[148.237,-40.515],[148.188,-40.593],[148.127,-40.544],[148.117,-40.521],[148.193,-40.503],[148.218,-40.505],[148.237,-40.515]]],[[[158.879,-54.71],[158.845,-54.749],[158.836,-54.704],[158.897,-54.506],[158.959,-54.472],[158.946,-54.575],[158.879,-54.71]]]]}},{"type":"Feature","properties":{"name":"Philippines","blocKey":"us_ally","blocLabel":"US treaty ally / Quad","color":"#7d8794","certainty":"member","basis":"US–Philippines Mutual Defense Treaty"},"geometry":{"type":"MultiPolygon","coordinates":[[[[121.102,18.615],[121.254,18.563],[121.593,18.376],[121.717,18.33],[121.846,18.295],[121.948,18.285],[122.038,18.328],[122.077,18.372],[122.147,18.487],[122.221,18.501],[122.266,18.459],[122.3,18.403],[122.315,18.32],[122.294,18.234],[122.223,18.157],[122.179,18.064],[122.151,17.756],[122.152,17.664],[122.175,17.576],[122.237,17.435],[122.269,17.395],[122.362,17.345],[122.388,17.307],[122.393,17.238],[122.408,17.178],[122.468,17.155],[122.519,17.125],[122.5,17.058],[122.468,16.99],[122.426,16.823],[122.226,16.435],[122.214,16.352],[122.135,16.185],[121.975,16.158],[121.789,16.077],[121.685,16.015],[121.595,15.933],[121.561,15.827],[121.59,15.778],[121.609,15.726],[121.607,15.67],[121.579,15.623],[121.49,15.51],[121.452,15.417],[121.412,15.375],[121.392,15.324],[121.399,15.267],[121.435,15.216],[121.544,14.999],[121.661,14.79],[121.686,14.765],[121.695,14.737],[121.627,14.682],[121.628,14.581],[121.649,14.481],[121.752,14.234],[121.767,14.168],[121.8,14.114],[121.853,14.063],[121.912,14.02],[122.08,13.947],[122.144,13.933],[122.212,13.93],[122.228,13.979],[122.288,13.996],[122.274,14.045],[122.203,14.112],[122.2,14.148],[122.238,14.175],[122.283,14.191],[122.384,14.264],[122.491,14.322],[122.627,14.318],[122.761,14.285],[122.856,14.251],[122.934,14.188],[123.015,14.08],[123.071,13.96],[123.071,13.903],[123.057,13.845],[123.06,13.789],[123.102,13.75],[123.231,13.747],[123.297,13.836],[123.305,13.937],[123.259,13.975],[123.28,14.025],[123.32,14.062],[123.377,14.029],[123.432,13.966],[123.633,13.898],[123.684,13.897],[123.726,13.884],[123.816,13.837],[123.858,13.8],[123.806,13.722],[123.607,13.704],[123.55,13.646],[123.608,13.528],[123.704,13.432],[123.765,13.354],[123.819,13.269],[123.817,13.192],[123.785,13.111],[123.873,13.117],[123.955,13.1],[124.069,13.032],[124.105,13.025],[124.143,13.036],[124.137,12.791],[124.06,12.567],[123.962,12.595],[123.878,12.69],[123.895,12.805],[123.949,12.916],[123.918,12.94],[123.864,12.931],[123.802,12.906],[123.736,12.897],[123.627,12.912],[123.402,13.033],[123.311,13.044],[123.29,13.099],[123.296,13.216],[123.206,13.354],[123.192,13.403],[123.163,13.442],[122.896,13.592],[122.863,13.617],[122.781,13.737],[122.595,13.908],[122.543,13.925],[122.486,13.93],[122.468,13.887],[122.494,13.82],[122.504,13.763],[122.5,13.703],[122.508,13.657],[122.596,13.562],[122.609,13.517],[122.668,13.395],[122.675,13.253],[122.6,13.194],[122.515,13.26],[122.513,13.314],[122.498,13.364],[122.407,13.493],[122.377,13.521],[122.205,13.648],[122.073,13.788],[121.778,13.938],[121.743,13.946],[121.692,13.935],[121.643,13.916],[121.501,13.842],[121.451,13.791],[121.446,13.712],[121.344,13.649],[121.204,13.64],[121.096,13.679],[121.006,13.758],[120.932,13.762],[120.841,13.885],[120.729,13.901],[120.637,13.804],[120.617,13.995],[120.617,14.188],[120.643,14.244],[120.688,14.291],[120.922,14.493],[120.952,14.558],[120.941,14.645],[120.888,14.716],[120.804,14.759],[120.708,14.777],[120.638,14.816],[120.584,14.881],[120.547,14.766],[120.583,14.595],[120.589,14.483],[120.556,14.441],[120.496,14.44],[120.439,14.453],[120.396,14.493],[120.365,14.608],[120.284,14.684],[120.251,14.793],[120.214,14.809],[120.138,14.8],[120.082,14.851],[120.045,14.978],[120.037,15.115],[120.005,15.229],[119.959,15.34],[119.933,15.431],[119.892,15.838],[119.881,15.875],[119.86,15.906],[119.808,15.952],[119.769,16.008],[119.762,16.055],[119.773,16.255],[119.79,16.303],[119.831,16.327],[119.886,16.287],[119.93,16.239],[119.985,16.215],[120.033,16.185],[120.124,16.066],[120.16,16.048],[120.271,16.051],[120.337,16.066],[120.369,16.11],[120.389,16.161],[120.389,16.222],[120.325,16.4],[120.305,16.529],[120.304,16.645],[120.321,16.762],[120.409,16.956],[120.42,17.09],[120.412,17.27],[120.427,17.377],[120.425,17.438],[120.372,17.535],[120.358,17.638],[120.505,18.163],[120.551,18.264],[120.584,18.369],[120.6,18.508],[120.709,18.546],[120.814,18.603],[120.868,18.599],[120.925,18.585],[121.051,18.614],[121.102,18.615]]],[[[117.311,8.44],[117.219,8.367],[117.229,8.457],[117.256,8.541],[117.35,8.714],[117.418,8.767],[117.53,8.903],[117.593,8.968],[117.745,9.098],[117.885,9.241],[117.932,9.251],[117.983,9.253],[118.024,9.27],[118.115,9.347],[118.344,9.603],[118.533,9.794],[118.728,10.035],[118.82,10.105],[118.845,10.131],[119.024,10.354],[119.08,10.386],[119.143,10.409],[119.186,10.439],[119.224,10.477],[119.287,10.574],[119.313,10.687],[119.297,10.751],[119.261,10.845],[119.306,10.974],[119.341,11.033],[119.465,11.294],[119.501,11.346],[119.553,11.314],[119.56,11.267],[119.535,11.157],[119.533,11.102],[119.562,11.046],[119.527,10.953],[119.616,10.707],[119.684,10.552],[119.687,10.5],[119.595,10.407],[119.541,10.379],[119.422,10.354],[119.369,10.327],[119.285,10.252],[119.232,10.152],[119.219,10.101],[119.192,10.061],[118.949,9.993],[118.835,9.949],[118.782,9.916],[118.755,9.862],[118.774,9.767],[118.57,9.423],[118.504,9.333],[118.435,9.256],[118.35,9.201],[118.229,9.168],[118.134,9.101],[118.069,8.984],[117.99,8.877],[117.889,8.798],[117.78,8.729],[117.68,8.678],[117.572,8.642],[117.54,8.596],[117.517,8.538],[117.469,8.511],[117.413,8.496],[117.311,8.44]]],[[[122.496,11.615],[122.613,11.564],[122.726,11.608],[122.838,11.596],[122.931,11.529],[122.901,11.487],[122.895,11.441],[123.103,11.541],[123.158,11.536],[123.156,11.443],[123.144,11.364],[123.12,11.287],[123.075,11.197],[123.017,11.117],[122.939,11.058],[122.847,11.022],[122.803,10.99],[122.789,10.941],[122.791,10.88],[122.77,10.824],[122.673,10.801],[122.522,10.692],[122.198,10.623],[122.109,10.576],[122.052,10.514],[121.988,10.458],[121.954,10.444],[121.938,10.471],[121.934,10.494],[121.98,10.639],[121.972,10.699],[121.95,10.757],[121.964,10.872],[122.021,10.979],[122.051,11.097],[122.06,11.326],[122.104,11.643],[122.101,11.681],[122.067,11.724],[121.941,11.758],[121.891,11.791],[121.916,11.854],[121.964,11.897],[122.029,11.895],[122.087,11.855],[122.291,11.772],[122.399,11.702],[122.496,11.615]]],[[[123.131,9.064],[123.065,9.053],[122.995,9.059],[122.948,9.108],[122.867,9.32],[122.772,9.371],[122.665,9.41],[122.61,9.443],[122.563,9.483],[122.411,9.694],[122.4,9.823],[122.426,9.896],[122.471,9.962],[122.523,9.979],[122.648,9.982],[122.713,9.99],[122.856,10.087],[122.866,10.125],[122.867,10.284],[122.852,10.395],[122.817,10.504],[122.856,10.553],[122.906,10.603],[122.958,10.698],[122.969,10.766],[122.97,10.836],[122.983,10.887],[123.024,10.912],[123.222,10.989],[123.257,10.994],[123.511,10.923],[123.563,10.816],[123.568,10.781],[123.528,10.662],[123.493,10.582],[123.407,10.459],[123.344,10.325],[123.296,10.125],[123.266,10.059],[123.187,9.933],[123.162,9.864],[123.163,9.715],[123.149,9.659],[123.15,9.606],[123.308,9.357],[123.322,9.317],[123.321,9.273],[123.293,9.217],[123.229,9.121],[123.192,9.088],[123.131,9.064]]],[[[124.575,11.343],[124.644,11.308],[124.724,11.322],[124.821,11.401],[124.93,11.373],[124.994,11.256],[125.027,11.212],[125.044,11.135],[125.04,10.952],[125.013,10.786],[125.034,10.751],[125.084,10.722],[125.128,10.685],[125.164,10.637],[125.188,10.585],[125.197,10.457],[125.26,10.35],[125.268,10.308],[125.253,10.264],[125.148,10.272],[125.14,10.235],[125.143,10.189],[125.105,10.218],[125.044,10.323],[124.988,10.368],[125.005,10.197],[125.024,10.115],[125.027,10.033],[124.929,10.096],[124.813,10.135],[124.781,10.168],[124.792,10.275],[124.79,10.328],[124.738,10.44],[124.799,10.682],[124.797,10.732],[124.787,10.781],[124.739,10.88],[124.663,10.962],[124.616,10.962],[124.503,10.904],[124.446,10.924],[124.412,11.15],[124.366,11.371],[124.331,11.427],[124.308,11.486],[124.331,11.535],[124.374,11.515],[124.436,11.457],[124.511,11.424],[124.548,11.395],[124.575,11.343]]],[[[125.24,12.528],[125.31,12.446],[125.328,12.387],[125.32,12.322],[125.352,12.293],[125.409,12.285],[125.481,12.252],[125.536,12.191],[125.503,12.136],[125.513,12.055],[125.457,11.953],[125.464,11.772],[125.497,11.714],[125.5,11.655],[125.492,11.594],[125.506,11.544],[125.593,11.378],[125.609,11.323],[125.582,11.279],[125.574,11.238],[125.627,11.234],[125.704,11.165],[125.749,11.074],[125.736,11.05],[125.674,11.121],[125.628,11.132],[125.432,11.113],[125.312,11.142],[125.233,11.145],[125.156,11.267],[125.088,11.287],[125.034,11.341],[124.945,11.479],[124.917,11.558],[124.979,11.638],[124.998,11.702],[124.995,11.765],[124.936,11.755],[124.884,11.775],[124.821,11.852],[124.796,11.896],[124.75,11.933],[124.677,12.021],[124.572,12.055],[124.529,12.079],[124.446,12.153],[124.385,12.244],[124.326,12.404],[124.295,12.569],[124.566,12.526],[124.84,12.535],[125.15,12.573],[125.24,12.528]]],[[[120.704,13.479],[120.755,13.471],[120.915,13.501],[120.981,13.486],[121.025,13.429],[121.079,13.411],[121.122,13.381],[121.203,13.432],[121.284,13.374],[121.357,13.265],[121.442,13.188],[121.523,13.131],[121.539,13.089],[121.49,13.02],[121.475,12.932],[121.48,12.837],[121.541,12.638],[121.519,12.584],[121.458,12.508],[121.412,12.423],[121.418,12.389],[121.4,12.361],[121.394,12.301],[121.357,12.313],[121.322,12.304],[121.289,12.277],[121.237,12.219],[121.155,12.236],[121.117,12.253],[121.108,12.304],[121.083,12.339],[121.049,12.36],[120.963,12.447],[120.922,12.512],[120.921,12.581],[120.899,12.646],[120.855,12.704],[120.796,12.748],[120.776,12.791],[120.769,12.841],[120.764,12.97],[120.68,13.131],[120.651,13.169],[120.573,13.209],[120.508,13.26],[120.481,13.311],[120.455,13.394],[120.438,13.405],[120.388,13.402],[120.338,13.412],[120.353,13.473],[120.401,13.517],[120.468,13.522],[120.653,13.498],[120.704,13.479]]],[[[126.006,9.321],[126.088,9.261],[126.193,9.277],[126.192,9.125],[126.209,9.081],[126.305,8.952],[126.32,8.845],[126.263,8.744],[126.22,8.696],[126.142,8.627],[126.14,8.596],[126.173,8.56],[126.282,8.539],[126.365,8.484],[126.38,8.327],[126.459,8.203],[126.457,8.149],[126.425,7.927],[126.435,7.833],[126.494,7.757],[126.544,7.725],[126.57,7.677],[126.593,7.547],[126.589,7.325],[126.582,7.248],[126.547,7.176],[126.439,7.012],[126.294,6.882],[126.217,6.891],[126.192,6.853],[126.24,6.734],[126.221,6.483],[126.189,6.31],[126.142,6.398],[126.11,6.49],[126.08,6.733],[126.043,6.843],[125.985,6.944],[125.962,7.033],[125.901,7.117],[125.824,7.333],[125.774,7.322],[125.689,7.263],[125.67,7.222],[125.66,7.161],[125.641,7.105],[125.542,7.017],[125.465,6.911],[125.401,6.796],[125.381,6.69],[125.433,6.607],[125.487,6.574],[125.565,6.5],[125.588,6.466],[125.671,6.225],[125.668,5.979],[125.608,5.87],[125.456,5.664],[125.346,5.599],[125.288,5.632],[125.241,5.757],[125.233,5.808],[125.265,5.926],[125.268,6.033],[125.232,6.07],[125.191,6.063],[125.174,6.047],[125.076,5.906],[125.035,5.871],[124.975,5.866],[124.927,5.875],[124.636,5.998],[124.399,6.12],[124.213,6.233],[124.078,6.404],[124.05,6.533],[124.048,6.667],[123.988,6.863],[123.981,6.93],[123.985,6.994],[124.045,7.114],[124.118,7.175],[124.158,7.219],[124.191,7.267],[124.213,7.332],[124.207,7.396],[124.182,7.437],[124.068,7.578],[123.968,7.665],[123.765,7.743],[123.717,7.785],[123.666,7.818],[123.609,7.832],[123.553,7.832],[123.493,7.808],[123.477,7.756],[123.482,7.71],[123.476,7.665],[123.391,7.408],[123.282,7.464],[123.178,7.529],[123.151,7.575],[123.139,7.63],[123.121,7.667],[123.097,7.7],[123.049,7.614],[122.99,7.546],[122.917,7.531],[122.843,7.529],[122.819,7.558],[122.792,7.722],[122.714,7.774],[122.616,7.763],[122.498,7.673],[122.474,7.639],[122.449,7.561],[122.32,7.34],[122.251,7.17],[122.176,7.004],[122.142,6.95],[122.098,6.914],[122.028,6.929],[121.964,6.968],[121.904,7.075],[121.925,7.2],[121.991,7.279],[122.047,7.364],[122.115,7.66],[122.12,7.765],[122.132,7.81],[122.243,7.945],[122.337,8.028],[122.387,8.046],[122.589,8.093],[122.673,8.133],[122.804,8.134],[122.911,8.156],[122.996,8.221],[123.003,8.287],[122.999,8.356],[123.018,8.398],[123.051,8.434],[123.096,8.481],[123.147,8.516],[123.293,8.541],[123.341,8.57],[123.38,8.616],[123.435,8.703],[123.499,8.682],[123.564,8.647],[123.68,8.621],[123.783,8.548],[123.849,8.433],[123.861,8.376],[123.877,8.189],[123.853,8.145],[123.753,8.058],[123.799,8.049],[123.931,8.128],[123.997,8.159],[124.159,8.201],[124.198,8.23],[124.226,8.271],[124.283,8.386],[124.325,8.508],[124.358,8.559],[124.405,8.6],[124.451,8.606],[124.622,8.523],[124.731,8.563],[124.762,8.69],[124.787,8.874],[124.806,8.924],[124.869,8.972],[124.944,8.957],[125.046,8.891],[125.141,8.869],[125.176,8.922],[125.21,9.027],[125.248,9.027],[125.376,8.992],[125.499,9.015],[125.533,9.141],[125.51,9.276],[125.414,9.669],[125.471,9.757],[125.521,9.759],[125.642,9.654],[125.877,9.513],[125.955,9.427],[126.006,9.321]]],[[[123.37,9.45],[123.332,9.423],[123.316,9.489],[123.327,9.578],[123.404,9.889],[123.386,9.967],[123.514,10.14],[123.593,10.303],[123.711,10.474],[123.726,10.562],[123.832,10.731],[123.93,10.964],[123.925,11.041],[123.95,11.079],[123.964,11.137],[123.967,11.187],[124.039,11.274],[124.058,11.217],[124.037,11.107],[124.04,11.054],[124.053,11.029],[124.053,10.926],[124.028,10.768],[124.051,10.586],[124.005,10.4],[123.952,10.317],[123.874,10.258],[123.789,10.221],[123.7,10.128],[123.643,10.02],[123.634,9.922],[123.494,9.589],[123.37,9.45]]],[[[121.922,18.895],[121.858,18.823],[121.825,18.843],[121.861,18.913],[121.86,18.937],[121.889,18.992],[121.943,19.01],[121.988,18.957],[121.922,18.895]]],[[[121.521,19.362],[121.531,19.271],[121.472,19.273],[121.383,19.328],[121.375,19.356],[121.376,19.38],[121.392,19.399],[121.521,19.362]]],[[[121.96,20.366],[121.941,20.354],[121.914,20.359],[121.941,20.454],[121.991,20.48],[122.031,20.469],[121.96,20.366]]],[[[121.878,20.782],[121.83,20.7],[121.791,20.701],[121.796,20.747],[121.848,20.841],[121.867,20.839],[121.878,20.782]]],[[[121.159,6.076],[121.214,6.004],[121.283,6.022],[121.392,6.002],[121.415,5.965],[121.411,5.94],[121.294,5.87],[121.218,5.943],[121.083,5.893],[121.019,5.923],[120.931,5.896],[120.876,5.953],[120.898,6.007],[121.038,6.096],[121.159,6.076]]],[[[117.08,7.883],[117.028,7.808],[116.97,7.895],[116.976,8.017],[116.994,8.051],[117.077,8.069],[117.08,7.883]]],[[[119.916,10.486],[119.793,10.455],[119.764,10.552],[119.852,10.64],[119.95,10.605],[120.008,10.57],[119.981,10.539],[119.916,10.486]]],[[[120.1,12.168],[120.155,12.152],[120.194,12.167],[120.228,12.22],[120.261,12.142],[120.341,12.077],[120.315,12.012],[120.243,12.005],[120.174,12.02],[120.1,11.994],[120.011,12.008],[119.957,12.069],[119.896,12.179],[119.866,12.199],[119.87,12.244],[119.892,12.273],[119.88,12.28],[119.886,12.3],[119.897,12.313],[119.916,12.319],[119.964,12.27],[120.078,12.198],[120.1,12.168]]],[[[120.039,11.703],[119.964,11.669],[119.945,11.691],[119.932,11.74],[119.933,11.774],[119.861,11.954],[119.916,11.981],[119.957,11.96],[119.998,11.932],[120.036,11.917],[120.071,11.861],[120.062,11.821],[120.073,11.783],[120.039,11.703]]],[[[122.65,10.473],[122.622,10.459],[122.597,10.461],[122.538,10.425],[122.517,10.493],[122.538,10.608],[122.626,10.695],[122.648,10.723],[122.673,10.739],[122.701,10.741],[122.729,10.706],[122.737,10.655],[122.681,10.498],[122.65,10.473]]],[[[124.594,9.787],[124.584,9.75],[124.506,9.754],[124.478,9.748],[124.403,9.654],[124.36,9.63],[124.122,9.599],[123.936,9.624],[123.872,9.676],[123.83,9.761],[123.817,9.817],[123.864,9.879],[123.909,9.92],[124.06,10],[124.094,10.061],[124.173,10.135],[124.336,10.16],[124.352,10.141],[124.373,10.13],[124.406,10.126],[124.486,10.065],[124.577,10.027],[124.555,9.879],[124.582,9.83],[124.594,9.787]]],[[[120.25,5.257],[120.223,5.196],[120.192,5.168],[120.15,5.184],[120.118,5.215],[120.101,5.169],[120.013,5.151],[119.958,5.08],[119.878,5.06],[119.821,5.07],[119.827,5.133],[119.983,5.228],[120.08,5.264],[120.165,5.332],[120.208,5.34],[120.229,5.284],[120.25,5.257]]],[[[122.093,6.428],[121.991,6.415],[121.959,6.416],[121.88,6.518],[121.872,6.563],[121.809,6.614],[121.832,6.664],[121.915,6.676],[122.058,6.741],[122.288,6.639],[122.324,6.602],[122.252,6.58],[122.201,6.483],[122.093,6.428]]],[[[126.059,9.766],[126.047,9.761],[125.991,9.839],[125.999,9.927],[126.074,10.059],[126.129,9.944],[126.129,9.891],[126.121,9.865],[126.173,9.8],[126.137,9.768],[126.059,9.766]]],[[[125.69,9.914],[125.673,9.886],[125.649,9.944],[125.591,9.998],[125.534,10.09],[125.495,10.119],[125.522,10.192],[125.525,10.31],[125.58,10.364],[125.606,10.38],[125.648,10.437],[125.667,10.44],[125.685,10.392],[125.647,10.245],[125.703,10.072],[125.684,9.963],[125.692,9.939],[125.69,9.914]]],[[[120.271,13.751],[120.273,13.683],[120.104,13.782],[120.099,13.817],[120.103,13.843],[120.121,13.858],[120.211,13.821],[120.271,13.751]]],[[[121.915,13.54],[121.977,13.537],[121.996,13.547],[122.115,13.463],[122.107,13.421],[122.122,13.365],[122.055,13.269],[122.042,13.236],[122.005,13.205],[121.876,13.282],[121.829,13.329],[121.815,13.424],[121.866,13.566],[121.915,13.54]]],[[[122.094,12.355],[122.014,12.106],[121.96,12.191],[121.982,12.245],[121.936,12.29],[121.923,12.331],[121.941,12.385],[121.989,12.435],[122.002,12.599],[122.104,12.651],[122.145,12.653],[122.13,12.613],[122.132,12.538],[122.094,12.355]]],[[[122.654,12.309],[122.603,12.286],[122.499,12.384],[122.439,12.429],[122.423,12.455],[122.472,12.492],[122.604,12.492],[122.674,12.424],[122.683,12.382],[122.654,12.309]]],[[[123.282,12.853],[123.367,12.701],[123.274,12.805],[123.166,12.876],[123.054,12.993],[122.973,13.035],[122.949,13.059],[122.958,13.107],[123.017,13.116],[123.044,13.113],[123.206,12.905],[123.282,12.853]]],[[[123.775,12.454],[123.779,12.366],[123.742,12.399],[123.621,12.571],[123.587,12.633],[123.621,12.675],[123.709,12.611],[123.775,12.454]]],[[[123.717,12.287],[123.908,12.169],[124.04,11.967],[124.056,11.812],[124.046,11.752],[123.983,11.819],[123.848,11.914],[123.754,11.934],[123.725,11.952],[123.736,12.003],[123.675,12.05],[123.668,12.069],[123.612,12.09],[123.531,12.197],[123.474,12.217],[123.419,12.194],[123.293,12.036],[123.158,11.926],[123.156,11.968],[123.211,12.107],[123.245,12.328],[123.267,12.395],[123.24,12.495],[123.236,12.583],[123.337,12.542],[123.463,12.501],[123.559,12.445],[123.575,12.407],[123.717,12.287]]],[[[124.354,13.632],[124.327,13.567],[124.295,13.59],[124.248,13.587],[124.175,13.532],[124.057,13.606],[124.039,13.663],[124.124,13.79],[124.123,13.98],[124.154,14.026],[124.186,14.06],[124.225,14.078],[124.308,13.947],[124.337,13.931],[124.417,13.871],[124.396,13.75],[124.404,13.679],[124.354,13.632]]],[[[122.175,14.049],[122.172,14.008],[121.956,14.156],[121.946,14.181],[121.946,14.205],[121.959,14.229],[122.175,14.049]]],[[[122.033,15.005],[122.052,14.97],[122.032,14.972],[122.017,14.965],[121.97,14.893],[122.022,14.759],[121.99,14.662],[121.933,14.656],[121.911,14.667],[121.922,14.715],[121.935,14.737],[121.923,14.8],[121.889,14.84],[121.862,14.917],[121.82,14.964],[121.84,15.038],[121.972,15.046],[122.033,15.005]]],[[[124.316,10.606],[124.288,10.601],[124.335,10.707],[124.371,10.691],[124.382,10.68],[124.381,10.633],[124.316,10.606]]],[[[125.281,9.982],[125.288,9.933],[125.159,10.063],[125.133,10.155],[125.176,10.151],[125.231,10.116],[125.281,9.982]]],[[[122.937,7.409],[122.948,7.386],[122.944,7.361],[122.84,7.315],[122.805,7.316],[122.797,7.393],[122.822,7.428],[122.871,7.397],[122.915,7.433],[122.937,7.409]]],[[[125.785,6.963],[125.769,6.906],[125.708,7.04],[125.683,7.073],[125.714,7.186],[125.783,7.131],[125.785,6.963]]],[[[124.608,11.492],[124.483,11.486],[124.429,11.532],[124.36,11.666],[124.437,11.695],[124.511,11.687],[124.565,11.64],[124.622,11.55],[124.608,11.492]]],[[[124.807,9.143],[124.778,9.083],[124.666,9.132],[124.639,9.175],[124.653,9.226],[124.708,9.243],[124.737,9.243],[124.79,9.19],[124.807,9.143]]],[[[121.252,19.082],[121.247,19.015],[121.196,19.051],[121.185,19.101],[121.19,19.139],[121.213,19.184],[121.245,19.143],[121.252,19.082]]],[[[119.861,11.525],[119.883,11.472],[119.855,11.393],[119.831,11.376],[119.799,11.409],[119.73,11.432],[119.726,11.475],[119.761,11.474],[119.827,11.515],[119.861,11.525]]],[[[123.757,11.283],[123.816,11.151],[123.737,11.151],[123.708,11.248],[123.741,11.279],[123.757,11.283]]],[[[122.311,12.529],[122.28,12.498],[122.261,12.503],[122.248,12.557],[122.278,12.593],[122.288,12.589],[122.311,12.529]]],[[[125.971,9.594],[125.952,9.568],[125.922,9.621],[125.949,9.739],[125.968,9.759],[125.993,9.685],[125.971,9.594]]],[[[124.854,11.595],[124.836,11.543],[124.807,11.558],[124.781,11.581],[124.744,11.659],[124.731,11.715],[124.788,11.683],[124.821,11.627],[124.854,11.595]]],[[[117.355,8.215],[117.287,8.191],[117.272,8.254],[117.281,8.315],[117.33,8.308],[117.354,8.289],[117.355,8.215]]],[[[123.698,9.237],[123.706,9.134],[123.614,9.103],[123.541,9.13],[123.493,9.192],[123.494,9.216],[123.535,9.214],[123.626,9.268],[123.655,9.279],[123.698,9.237]]]]}},{"type":"Feature","properties":{"name":"Thailand","blocKey":"us_ally","blocLabel":"US treaty ally / Quad","color":"#7d8794","certainty":"member","basis":"US Major Non-NATO Ally"},"geometry":{"type":"MultiPolygon","coordinates":[[[[102.606,11.677],[102.59,11.572],[102.533,11.615],[102.546,11.668],[102.569,11.692],[102.606,11.677]]],[[[102.427,11.989],[102.43,11.965],[102.378,11.983],[102.36,11.974],[102.302,11.981],[102.273,12.119],[102.277,12.152],[102.319,12.142],[102.378,12.073],[102.408,12.025],[102.427,11.989]]],[[[98.409,7.902],[98.398,7.828],[98.357,7.829],[98.316,7.782],[98.296,7.776],[98.262,7.926],[98.301,8.136],[98.322,8.166],[98.351,8.111],[98.435,8.086],[98.399,7.965],[98.409,7.902]]],[[[100.122,20.317],[100.115,20.258],[100.14,20.245],[100.174,20.273],[100.218,20.34],[100.266,20.377],[100.318,20.386],[100.373,20.34],[100.432,20.241],[100.492,20.184],[100.52,20.178],[100.54,20.132],[100.543,20.089],[100.515,19.996],[100.466,19.889],[100.398,19.756],[100.42,19.644],[100.514,19.553],[100.625,19.5],[100.744,19.515],[100.807,19.542],[100.858,19.585],[100.906,19.605],[100.967,19.611],[101.155,19.579],[101.212,19.548],[101.221,19.487],[101.198,19.328],[101.227,19.212],[101.28,19.089],[101.286,18.977],[101.221,18.793],[101.166,18.618],[101.106,18.534],[101.06,18.479],[101.047,18.442],[101.051,18.407],[101.093,18.355],[101.138,18.287],[101.149,18.222],[101.144,18.143],[101.113,18.034],[100.999,17.797],[100.908,17.584],[100.956,17.541],[101.046,17.51],[101.105,17.48],[101.167,17.499],[101.3,17.625],[101.414,17.719],[101.555,17.812],[101.564,17.821],[101.688,17.889],[101.744,17.953],[101.775,18.033],[101.819,18.065],[101.875,18.046],[101.947,18.081],[102.035,18.17],[102.101,18.211],[102.148,18.204],[102.232,18.149],[102.352,18.046],[102.459,17.985],[102.553,17.965],[102.598,17.927],[102.596,17.87],[102.617,17.833],[102.661,17.818],[102.68,17.824],[102.675,17.852],[102.718,17.892],[102.807,17.946],[102.899,17.977],[102.991,17.986],[103.051,18.029],[103.091,18.138],[103.149,18.222],[103.2,18.259],[103.263,18.278],[103.28,18.305],[103.249,18.339],[103.252,18.373],[103.288,18.408],[103.367,18.423],[103.488,18.418],[103.63,18.383],[103.792,18.317],[103.899,18.295],[103.95,18.319],[104.049,18.217],[104.196,17.988],[104.323,17.816],[104.428,17.699],[104.539,17.609],[104.656,17.547],[104.74,17.462],[104.816,17.3],[104.759,17.077],[104.744,16.884],[104.751,16.648],[104.819,16.466],[104.95,16.34],[105.026,16.238],[105.047,16.16],[105.149,16.094],[105.331,16.038],[105.406,15.987],[105.376,15.942],[105.373,15.89],[105.399,15.83],[105.462,15.78],[105.562,15.741],[105.622,15.7],[105.641,15.657],[105.639,15.586],[105.616,15.488],[105.574,15.413],[105.513,15.361],[105.506,15.32],[105.49,15.257],[105.49,15.128],[105.533,15.042],[105.547,14.932],[105.523,14.843],[105.5,14.661],[105.497,14.591],[105.476,14.53],[105.423,14.472],[105.342,14.417],[105.244,14.368],[105.183,14.346],[105.169,14.336],[105.126,14.281],[105.074,14.227],[105.034,14.227],[105.003,14.254],[104.982,14.289],[104.97,14.366],[104.879,14.404],[104.779,14.428],[104.576,14.39],[104.412,14.37],[104.228,14.396],[104.054,14.363],[103.982,14.358],[103.899,14.363],[103.818,14.362],[103.742,14.374],[103.6,14.421],[103.546,14.417],[103.432,14.379],[103.313,14.351],[103.199,14.333],[103.031,14.253],[102.909,14.137],[102.873,14.055],[102.813,13.972],[102.729,13.842],[102.62,13.717],[102.545,13.66],[102.566,13.626],[102.547,13.586],[102.429,13.568],[102.336,13.56],[102.32,13.54],[102.331,13.288],[102.363,13.193],[102.423,13.078],[102.462,13.015],[102.491,12.828],[102.5,12.67],[102.63,12.57],[102.703,12.494],[102.756,12.426],[102.737,12.383],[102.706,12.256],[102.737,12.09],[102.918,11.732],[102.934,11.707],[102.912,11.704],[102.884,11.773],[102.792,11.889],[102.763,12.012],[102.655,12.149],[102.594,12.203],[102.575,12.158],[102.54,12.109],[102.434,12.179],[102.343,12.253],[102.259,12.394],[102.248,12.361],[102.23,12.332],[102.134,12.443],[102.034,12.532],[101.945,12.564],[101.889,12.593],[101.836,12.64],[101.724,12.689],[101.445,12.619],[101.09,12.674],[100.954,12.621],[100.898,12.654],[100.863,12.715],[100.896,12.818],[100.904,13.035],[100.946,13.187],[100.926,13.303],[100.947,13.358],[100.963,13.432],[100.907,13.462],[100.656,13.521],[100.603,13.568],[100.536,13.514],[100.236,13.484],[100.122,13.44],[100.017,13.353],[99.991,13.243],[100.051,13.171],[100.09,13.046],[99.982,12.771],[99.964,12.69],[100.006,12.355],[99.989,12.171],[99.93,12.047],[99.837,11.937],[99.799,11.749],[99.725,11.662],[99.627,11.463],[99.561,11.215],[99.514,11.101],[99.487,10.89],[99.285,10.569],[99.237,10.388],[99.165,10.32],[99.19,10.266],[99.195,10.175],[99.169,9.934],[99.161,9.734],[99.191,9.627],[99.288,9.415],[99.265,9.353],[99.254,9.265],[99.335,9.225],[99.394,9.214],[99.724,9.314],[99.836,9.288],[99.878,9.195],[99.905,9.113],[99.961,8.671],[99.99,8.589],[100.056,8.511],[100.129,8.428],[100.154,8.443],[100.159,8.474],[100.163,8.508],[100.229,8.425],[100.279,8.269],[100.454,7.442],[100.504,7.337],[100.545,7.227],[100.439,7.281],[100.411,7.464],[100.38,7.542],[100.343,7.553],[100.284,7.552],[100.28,7.584],[100.324,7.644],[100.317,7.716],[100.257,7.775],[100.158,7.728],[100.161,7.599],[100.205,7.501],[100.371,7.28],[100.424,7.188],[100.49,7.161],[100.586,7.176],[100.702,7.082],[100.793,6.995],[101.018,6.861],[101.154,6.875],[101.302,6.908],[101.401,6.9],[101.498,6.865],[101.614,6.754],[101.799,6.475],[102.101,6.242],[102.068,6.185],[102.055,6.097],[101.936,5.979],[101.917,5.911],[101.874,5.825],[101.791,5.779],[101.72,5.771],[101.678,5.779],[101.65,5.796],[101.601,5.877],[101.577,5.902],[101.556,5.908],[101.404,5.852],[101.257,5.789],[101.23,5.734],[101.191,5.669],[101.148,5.643],[101.114,5.637],[101.082,5.675],[101.025,5.725],[100.982,5.771],[100.993,5.846],[101.076,5.956],[101.087,6.034],[101.076,6.166],[101.054,6.243],[101.029,6.245],[100.989,6.258],[100.874,6.245],[100.817,6.332],[100.794,6.426],[100.754,6.46],[100.716,6.481],[100.629,6.448],[100.564,6.468],[100.345,6.55],[100.261,6.683],[100.217,6.687],[100.177,6.672],[100.161,6.642],[100.138,6.489],[100.119,6.442],[99.869,6.75],[99.696,6.877],[99.72,7.106],[99.668,7.151],[99.602,7.155],[99.553,7.219],[99.597,7.356],[99.529,7.329],[99.435,7.334],[99.359,7.372],[99.3,7.561],[99.264,7.619],[99.183,7.718],[99.078,7.718],[99.043,7.766],[99.051,7.888],[98.974,7.963],[98.872,8.024],[98.789,8.06],[98.704,8.257],[98.636,8.305],[98.579,8.344],[98.5,8.318],[98.474,8.247],[98.421,8.178],[98.361,8.187],[98.305,8.226],[98.238,8.423],[98.227,8.544],[98.242,8.768],[98.326,8.969],[98.371,9.291],[98.443,9.493],[98.493,9.561],[98.562,9.838],[98.703,10.19],[98.718,10.266],[98.747,10.351],[98.768,10.431],[98.775,10.557],[98.757,10.624],[98.757,10.661],[98.787,10.708],[98.887,10.788],[99.025,10.92],[99.19,11.105],[99.359,11.389],[99.443,11.554],[99.478,11.613],[99.515,11.631],[99.573,11.687],[99.613,11.75],[99.615,11.781],[99.523,12.09],[99.463,12.19],[99.432,12.309],[99.416,12.395],[99.394,12.474],[99.405,12.548],[99.372,12.594],[99.297,12.653],[99.22,12.74],[99.174,12.882],[99.174,12.961],[99.124,13.031],[99.107,13.104],[99.137,13.173],[99.176,13.233],[99.172,13.497],[99.156,13.576],[99.137,13.717],[99.086,13.823],[99.015,13.947],[98.934,14.05],[98.721,14.236],[98.57,14.36],[98.495,14.473],[98.4,14.603],[98.332,14.696],[98.246,14.815],[98.202,14.976],[98.178,15.147],[98.191,15.204],[98.232,15.241],[98.286,15.272],[98.329,15.279],[98.452,15.357],[98.537,15.351],[98.557,15.368],[98.565,15.404],[98.554,15.56],[98.558,15.769],[98.574,15.939],[98.592,16.051],[98.818,16.181],[98.866,16.237],[98.888,16.298],[98.888,16.352],[98.869,16.394],[98.835,16.418],[98.689,16.305],[98.661,16.33],[98.594,16.515],[98.565,16.571],[98.523,16.638],[98.478,16.732],[98.471,16.895],[98.439,16.976],[98.257,17.148],[98.175,17.24],[98.063,17.373],[97.929,17.533],[97.793,17.681],[97.729,17.776],[97.706,17.797],[97.699,17.834],[97.74,17.935],[97.72,18.037],[97.652,18.174],[97.622,18.258],[97.632,18.29],[97.599,18.303],[97.524,18.296],[97.451,18.36],[97.381,18.494],[97.374,18.518],[97.397,18.518],[97.485,18.494],[97.515,18.498],[97.577,18.529],[97.672,18.561],[97.728,18.572],[97.746,18.588],[97.754,18.621],[97.706,18.932],[97.714,18.996],[97.804,19.13],[97.794,19.266],[97.817,19.46],[97.916,19.593],[97.991,19.654],[98.015,19.75],[98.049,19.77],[98.111,19.762],[98.239,19.691],[98.294,19.687],[98.371,19.689],[98.455,19.694],[98.494,19.701],[98.761,19.771],[98.82,19.778],[98.876,19.77],[98.917,19.773],[98.958,19.805],[98.987,19.861],[99.021,20.042],[99.04,20.074],[99.074,20.099],[99.131,20.117],[99.197,20.115],[99.284,20.08],[99.338,20.079],[99.399,20.093],[99.452,20.118],[99.486,20.15],[99.502,20.188],[99.488,20.261],[99.448,20.352],[99.459,20.363],[99.532,20.343],[99.639,20.32],[99.72,20.325],[99.773,20.341],[99.825,20.384],[99.89,20.424],[99.954,20.415],[100.004,20.38],[100.122,20.317]]],[[[100.074,9.697],[100.064,9.68],[100.026,9.712],[99.998,9.748],[99.983,9.794],[100.043,9.792],[100.073,9.749],[100.074,9.697]]],[[[100.071,9.586],[100.075,9.529],[100.054,9.461],[99.962,9.422],[99.931,9.476],[99.94,9.56],[99.954,9.581],[100.043,9.577],[100.071,9.586]]],[[[99.663,6.522],[99.644,6.516],[99.607,6.597],[99.654,6.714],[99.701,6.571],[99.663,6.522]]],[[[98.592,7.934],[98.58,7.917],[98.529,8.109],[98.604,8.057],[98.592,7.934]]],[[[98.308,9.051],[98.251,9.041],[98.258,9.095],[98.274,9.13],[98.301,9.139],[98.313,9.08],[98.308,9.051]]],[[[99.078,7.592],[99.104,7.471],[99.068,7.496],[99.038,7.548],[99.038,7.626],[99.045,7.637],[99.078,7.592]]]]}},{"type":"Feature","properties":{"name":"New Zealand","blocKey":"us_ally","blocLabel":"US treaty ally / Quad","color":"#7d8794","certainty":"member","basis":"ANZUS"},"geometry":{"type":"MultiPolygon","coordinates":[[[[173.115,-41.279],[173.231,-41.284],[173.338,-41.211],[173.447,-41.151],[173.563,-41.102],[173.738,-40.989],[173.784,-40.972],[173.898,-40.951],[173.947,-40.924],[174.002,-40.918],[173.953,-40.985],[173.89,-41.007],[173.88,-41.031],[173.915,-41.07],[173.86,-41.124],[173.862,-41.192],[173.798,-41.272],[173.897,-41.239],[173.933,-41.187],[173.915,-41.158],[173.958,-41.1],[174.024,-41.072],[173.998,-41.028],[173.999,-40.993],[174.081,-41.006],[174.121,-41.005],[174.153,-40.991],[174.212,-40.985],[174.224,-41.024],[174.303,-41.02],[174.274,-41.069],[174.214,-41.126],[174.2,-41.16],[174.103,-41.217],[174.039,-41.242],[174.138,-41.248],[174.284,-41.172],[174.37,-41.104],[174.368,-41.188],[174.297,-41.264],[174.237,-41.312],[174.17,-41.327],[174.102,-41.366],[174.069,-41.429],[174.073,-41.472],[174.092,-41.505],[174.161,-41.562],[174.084,-41.671],[174.17,-41.657],[174.217,-41.678],[174.283,-41.741],[174.243,-41.813],[174.215,-41.85],[174.047,-42.003],[173.974,-42.081],[173.888,-42.13],[173.889,-42.212],[173.84,-42.271],[173.589,-42.474],[173.545,-42.518],[173.348,-42.841],[173.221,-42.977],[173.149,-43.023],[173.072,-43.06],[172.889,-43.124],[172.808,-43.198],[172.719,-43.259],[172.624,-43.272],[172.627,-43.3],[172.688,-43.315],[172.735,-43.355],[172.7,-43.4],[172.632,-43.428],[172.562,-43.436],[172.527,-43.465],[172.693,-43.444],[172.74,-43.468],[172.749,-43.517],[172.767,-43.562],[172.807,-43.621],[172.947,-43.659],[173.073,-43.676],[173.098,-43.704],[173.117,-43.798],[173.094,-43.844],[173.066,-43.875],[173.023,-43.885],[172.921,-43.891],[172.818,-43.87],[172.749,-43.813],[172.555,-43.831],[172.503,-43.844],[172.476,-43.833],[172.584,-43.774],[172.527,-43.739],[172.48,-43.727],[172.43,-43.746],[172.396,-43.778],[172.385,-43.83],[172.35,-43.859],[172.297,-43.868],[172.221,-43.825],[172.146,-43.764],[172.036,-43.702],[172.052,-43.74],[172.137,-43.834],[172.18,-43.896],[172.081,-43.946],[171.978,-43.984],[171.891,-44.007],[171.808,-44.042],[171.712,-44.097],[171.659,-44.117],[171.518,-44.118],[171.443,-44.136],[171.417,-44.209],[171.365,-44.255],[171.241,-44.264],[171.285,-44.279],[171.313,-44.302],[171.231,-44.521],[171.213,-44.612],[171.198,-44.768],[171.146,-44.912],[170.999,-44.911],[171.023,-44.937],[171.134,-44.978],[171.113,-45.039],[170.991,-45.151],[170.94,-45.216],[170.89,-45.374],[170.815,-45.519],[170.701,-45.684],[170.7,-45.714],[170.74,-45.756],[170.788,-45.792],[170.791,-45.844],[170.776,-45.871],[170.722,-45.878],[170.674,-45.896],[170.419,-45.941],[170.335,-45.992],[170.267,-46.083],[170.186,-46.161],[169.918,-46.334],[169.761,-46.48],[169.729,-46.521],[169.687,-46.552],[169.342,-46.621],[169.099,-46.631],[168.966,-46.613],[168.838,-46.578],[168.767,-46.566],[168.631,-46.588],[168.572,-46.611],[168.466,-46.588],[168.382,-46.605],[168.357,-46.588],[168.326,-46.546],[168.343,-46.489],[168.32,-46.447],[168.266,-46.419],[168.23,-46.386],[168.189,-46.362],[168.077,-46.353],[167.9,-46.368],[167.842,-46.366],[167.722,-46.227],[167.682,-46.193],[167.539,-46.149],[167.491,-46.155],[167.414,-46.229],[167.369,-46.242],[167.1,-46.249],[166.831,-46.225],[166.732,-46.198],[166.712,-46.134],[166.917,-45.957],[166.856,-45.981],[166.73,-46.053],[166.65,-46.042],[166.727,-45.963],[166.734,-45.928],[166.718,-45.889],[166.613,-45.955],[166.493,-45.964],[166.478,-45.903],[166.488,-45.832],[166.513,-45.812],[166.836,-45.775],[166.953,-45.75],[167.003,-45.712],[166.81,-45.699],[166.798,-45.646],[166.826,-45.603],[166.991,-45.532],[166.869,-45.55],[166.734,-45.544],[166.743,-45.468],[166.778,-45.41],[166.92,-45.408],[166.876,-45.368],[166.869,-45.311],[166.909,-45.307],[167.052,-45.383],[167.156,-45.411],[167.112,-45.354],[167.118,-45.318],[167.145,-45.302],[167.23,-45.29],[167.207,-45.28],[167.127,-45.266],[167.033,-45.222],[167.023,-45.177],[167.026,-45.124],[167.128,-45.051],[167.188,-45.094],[167.259,-45.082],[167.205,-45.048],[167.172,-44.997],[167.195,-44.963],[167.411,-44.828],[167.466,-44.958],[167.479,-44.915],[167.482,-44.874],[167.456,-44.838],[167.46,-44.802],[167.485,-44.771],[167.578,-44.741],[167.698,-44.641],[167.787,-44.595],[167.859,-44.625],[167.909,-44.665],[167.902,-44.625],[167.866,-44.592],[167.857,-44.501],[168.018,-44.359],[168.196,-44.224],[168.367,-44.082],[168.457,-44.031],[168.651,-43.972],[168.775,-43.996],[168.806,-43.992],[168.99,-43.89],[169.067,-43.863],[169.136,-43.9],[169.179,-43.913],[169.136,-43.82],[169.17,-43.777],[169.323,-43.702],[169.515,-43.624],[169.662,-43.591],[169.769,-43.538],[169.834,-43.537],[169.824,-43.497],[169.835,-43.459],[169.891,-43.462],[169.908,-43.447],[169.859,-43.426],[170.018,-43.349],[170.104,-43.265],[170.149,-43.248],[170.19,-43.222],[170.24,-43.164],[170.3,-43.145],[170.356,-43.154],[170.396,-43.182],[170.374,-43.135],[170.303,-43.108],[170.379,-43.066],[170.459,-43.038],[170.536,-43.058],[170.612,-43.092],[170.536,-43.041],[170.524,-43.009],[170.616,-42.972],[170.665,-42.961],[170.735,-43.03],[170.725,-42.975],[170.742,-42.927],[170.84,-42.849],[170.97,-42.718],[171.011,-42.764],[171.018,-42.819],[171.012,-42.885],[171.038,-42.862],[171.048,-42.802],[171.028,-42.696],[171.19,-42.5],[171.221,-42.479],[171.257,-42.465],[171.313,-42.46],[171.296,-42.431],[171.252,-42.402],[171.296,-42.303],[171.323,-42.189],[171.36,-42.08],[171.421,-41.973],[171.486,-41.795],[171.536,-41.758],[171.672,-41.745],[171.732,-41.72],[171.831,-41.655],[171.948,-41.539],[172.011,-41.445],[172.093,-41.202],[172.139,-40.947],[172.273,-40.759],[172.468,-40.622],[172.641,-40.518],[172.711,-40.497],[172.83,-40.49],[172.944,-40.519],[172.733,-40.544],[172.711,-40.605],[172.704,-40.668],[172.729,-40.724],[172.767,-40.773],[172.869,-40.82],[172.989,-40.848],[173.042,-40.954],[173.052,-41.079],[173.069,-41.186],[173.115,-41.279]]],[[[173.915,-40.864],[173.781,-40.922],[173.786,-40.881],[173.812,-40.794],[173.873,-40.749],[173.903,-40.746],[173.964,-40.713],[173.958,-40.787],[173.915,-40.864]]],[[[166.746,-45.656],[166.741,-45.705],[166.729,-45.73],[166.695,-45.73],[166.642,-45.724],[166.592,-45.702],[166.559,-45.708],[166.532,-45.7],[166.567,-45.644],[166.686,-45.615],[166.731,-45.639],[166.746,-45.656]]],[[[166.979,-45.18],[167.023,-45.3],[166.931,-45.277],[166.893,-45.241],[166.963,-45.18],[166.979,-45.18]]],[[[168.145,-46.862],[168.145,-46.902],[168.041,-46.888],[168.043,-46.933],[168.125,-46.956],[168.156,-46.988],[168.241,-46.979],[168.261,-47.027],[168.241,-47.07],[168.184,-47.102],[168.015,-47.117],[167.906,-47.18],[167.811,-47.17],[167.785,-47.176],[167.676,-47.243],[167.555,-47.264],[167.522,-47.259],[167.539,-47.199],[167.629,-47.142],[167.631,-47.088],[167.654,-47.044],[167.741,-47.014],[167.742,-46.957],[167.801,-46.907],[167.765,-46.798],[167.784,-46.7],[167.956,-46.694],[168.145,-46.862]]],[[[175.543,-36.279],[175.551,-36.334],[175.475,-36.314],[175.445,-36.273],[175.359,-36.231],[175.346,-36.218],[175.337,-36.135],[175.382,-36.095],[175.39,-36.078],[175.409,-36.071],[175.444,-36.115],[175.513,-36.177],[175.543,-36.279]]],[[[173.269,-34.935],[173.285,-34.981],[173.34,-34.948],[173.381,-34.896],[173.448,-34.844],[173.439,-34.929],[173.473,-34.947],[173.694,-35.006],[173.739,-35.055],[173.786,-35.069],[173.813,-35.041],[173.844,-35.026],[173.924,-35.057],[174.104,-35.143],[174.119,-35.172],[174.11,-35.216],[174.119,-35.263],[174.143,-35.3],[174.203,-35.309],[174.283,-35.254],[174.32,-35.247],[174.373,-35.325],[174.393,-35.369],[174.385,-35.367],[174.419,-35.411],[174.465,-35.454],[174.543,-35.582],[174.532,-35.627],[174.509,-35.667],[174.581,-35.786],[174.533,-35.794],[174.391,-35.774],[174.396,-35.797],[174.479,-35.884],[174.549,-36.007],[174.605,-36.081],[174.802,-36.309],[174.772,-36.391],[174.777,-36.445],[174.752,-36.491],[174.819,-36.612],[174.777,-36.65],[174.749,-36.774],[174.719,-36.796],[174.722,-36.841],[174.802,-36.853],[174.85,-36.873],[174.891,-36.909],[174.917,-36.865],[174.952,-36.853],[175.047,-36.912],[175.245,-36.971],[175.3,-36.993],[175.326,-37.041],[175.347,-37.156],[175.385,-37.207],[175.461,-37.217],[175.542,-37.201],[175.568,-37.159],[175.552,-37.046],[175.493,-36.866],[175.493,-36.807],[175.501,-36.748],[175.487,-36.69],[175.458,-36.634],[175.426,-36.592],[175.386,-36.556],[175.4,-36.501],[175.461,-36.476],[175.498,-36.523],[175.528,-36.579],[175.681,-36.747],[175.772,-36.735],[175.781,-36.805],[175.842,-36.875],[175.876,-36.958],[175.921,-37.205],[175.99,-37.437],[176.115,-37.538],[176.129,-37.587],[176.053,-37.562],[176.03,-37.576],[176.038,-37.601],[176.108,-37.645],[176.191,-37.667],[176.243,-37.664],[176.292,-37.68],[176.615,-37.831],[176.77,-37.89],[177.162,-37.986],[177.274,-37.993],[177.336,-37.991],[177.453,-37.957],[177.558,-37.897],[177.649,-37.808],[177.727,-37.706],[177.813,-37.656],[177.909,-37.617],[177.958,-37.581],[178.009,-37.555],[178.272,-37.567],[178.361,-37.618],[178.476,-37.66],[178.536,-37.692],[178.516,-37.758],[178.447,-37.854],[178.394,-37.96],[178.347,-38.201],[178.315,-38.444],[178.268,-38.551],[178.181,-38.634],[178.085,-38.694],[177.976,-38.722],[177.932,-38.86],[177.91,-39.022],[177.917,-39.062],[177.951,-39.095],[177.966,-39.142],[177.909,-39.24],[177.875,-39.225],[177.829,-39.145],[177.786,-39.111],[177.656,-39.086],[177.523,-39.074],[177.408,-39.081],[177.297,-39.116],[177.129,-39.186],[177.077,-39.222],[177.031,-39.267],[176.954,-39.368],[176.936,-39.491],[176.939,-39.555],[176.967,-39.605],[177.11,-39.673],[176.968,-39.911],[176.842,-40.158],[176.771,-40.228],[176.689,-40.293],[176.612,-40.442],[176.476,-40.57],[176.385,-40.668],[176.314,-40.769],[176.252,-40.877],[176.119,-41.029],[176.06,-41.13],[175.983,-41.213],[175.84,-41.32],[175.687,-41.412],[175.447,-41.538],[175.38,-41.58],[175.31,-41.611],[175.222,-41.574],[175.204,-41.535],[175.185,-41.449],[175.166,-41.417],[175.054,-41.391],[174.906,-41.433],[174.881,-41.424],[174.875,-41.404],[174.875,-41.278],[174.9,-41.243],[174.866,-41.223],[174.832,-41.231],[174.82,-41.263],[174.841,-41.291],[174.757,-41.325],[174.67,-41.326],[174.643,-41.313],[174.635,-41.289],[174.657,-41.251],[174.685,-41.218],[174.848,-41.059],[175.017,-40.848],[175.163,-40.622],[175.2,-40.505],[175.254,-40.289],[175.21,-40.199],[175.156,-40.115],[175.009,-39.952],[174.814,-39.86],[174.687,-39.847],[174.567,-39.813],[174.455,-39.735],[174.352,-39.643],[174.149,-39.568],[173.934,-39.509],[173.812,-39.426],[173.783,-39.376],[173.764,-39.319],[173.766,-39.265],[173.782,-39.211],[173.806,-39.17],[173.844,-39.139],[174.071,-39.031],[174.312,-38.971],[174.356,-38.972],[174.398,-38.963],[174.458,-38.926],[174.566,-38.842],[174.597,-38.785],[174.619,-38.605],[174.653,-38.428],[174.715,-38.226],[174.809,-38.1],[174.84,-38.023],[174.802,-37.896],[174.837,-37.849],[174.88,-37.821],[174.928,-37.804],[174.846,-37.685],[174.749,-37.505],[174.729,-37.449],[174.744,-37.393],[174.768,-37.339],[174.707,-37.325],[174.673,-37.273],[174.586,-37.098],[174.61,-37.07],[174.66,-37.089],[174.734,-37.215],[174.746,-37.15],[174.804,-37.11],[174.864,-37.089],[174.929,-37.085],[174.782,-36.944],[174.733,-36.949],[174.668,-36.972],[174.601,-36.986],[174.537,-36.973],[174.476,-36.942],[174.445,-36.883],[174.406,-36.768],[174.382,-36.726],[174.189,-36.492],[174.246,-36.485],[174.402,-36.602],[174.432,-36.565],[174.454,-36.511],[174.447,-36.451],[174.41,-36.406],[174.354,-36.376],[174.353,-36.323],[174.395,-36.274],[174.393,-36.24],[174.304,-36.171],[174.268,-36.163],[174.252,-36.196],[174.278,-36.244],[174.254,-36.249],[174.036,-36.122],[173.969,-36.021],[173.914,-35.909],[173.909,-35.954],[173.917,-36.018],[174.003,-36.146],[174.142,-36.289],[174.166,-36.328],[174.146,-36.377],[174.097,-36.391],[174.055,-36.36],[173.991,-36.237],[173.945,-36.176],[173.412,-35.543],[173.48,-35.459],[173.586,-35.389],[173.61,-35.357],[173.626,-35.319],[173.582,-35.313],[173.542,-35.33],[173.496,-35.362],[173.454,-35.399],[173.402,-35.481],[173.376,-35.5],[173.314,-35.443],[173.29,-35.408],[173.291,-35.366],[173.275,-35.34],[173.228,-35.331],[173.16,-35.248],[173.117,-35.205],[173.189,-35.124],[173.191,-35.016],[173.117,-34.903],[173.03,-34.8],[172.861,-34.632],[172.706,-34.455],[172.874,-34.433],[173.044,-34.429],[172.964,-34.535],[173,-34.596],[173.054,-34.648],[173.171,-34.807],[173.181,-34.853],[173.241,-34.899],[173.269,-34.935]]],[[[169.178,-52.497],[169.233,-52.548],[169.128,-52.57],[169.076,-52.552],[169.04,-52.529],[169.022,-52.495],[169.079,-52.499],[169.129,-52.485],[169.178,-52.497]]],[[[166.221,-50.762],[166.243,-50.846],[166.188,-50.846],[166.073,-50.823],[166.038,-50.787],[166.013,-50.778],[165.971,-50.82],[165.904,-50.821],[165.889,-50.808],[165.916,-50.763],[166.074,-50.679],[166.103,-50.573],[166.101,-50.539],[166.225,-50.531],[166.254,-50.544],[166.267,-50.559],[166.259,-50.577],[166.21,-50.612],[166.208,-50.652],[166.22,-50.694],[166.179,-50.715],[166.201,-50.751],[166.221,-50.762]]],[[[-176.178,-43.74],[-176.214,-43.766],[-176.275,-43.765],[-176.382,-43.867],[-176.375,-43.791],[-176.407,-43.761],[-176.499,-43.768],[-176.517,-43.785],[-176.455,-43.805],[-176.441,-43.816],[-176.5,-43.86],[-176.439,-43.955],[-176.385,-43.951],[-176.334,-44.025],[-176.334,-44.048],[-176.453,-44.077],[-176.516,-44.117],[-176.572,-44.115],[-176.598,-44.107],[-176.629,-44.036],[-176.632,-44.006],[-176.563,-43.954],[-176.524,-43.901],[-176.555,-43.852],[-176.635,-43.82],[-176.808,-43.835],[-176.848,-43.824],[-176.761,-43.758],[-176.667,-43.765],[-176.566,-43.718],[-176.178,-43.74]]],[[[-176.176,-44.322],[-176.221,-44.331],[-176.215,-44.274],[-176.229,-44.237],[-176.155,-44.225],[-176.123,-44.268],[-176.176,-44.322]]],[[[-172.479,-8.581],[-172.484,-8.583],[-172.488,-8.572],[-172.494,-8.559],[-172.499,-8.548],[-172.497,-8.546],[-172.487,-8.556],[-172.481,-8.567],[-172.479,-8.581]]],[[[-171.186,-9.355],[-171.189,-9.358],[-171.193,-9.352],[-171.2,-9.345],[-171.204,-9.333],[-171.202,-9.333],[-171.194,-9.339],[-171.189,-9.347],[-171.186,-9.355]]]]}},{"type":"Feature","properties":{"name":"China","blocKey":"prc","blocLabel":"China-aligned","color":"#9a6b5a","certainty":"member","basis":"State"},"geometry":{"type":"MultiPolygon","coordinates":[[[[118.183,24.496],[118.15,24.436],[118.091,24.446],[118.089,24.489],[118.077,24.501],[118.093,24.541],[118.104,24.552],[118.171,24.519],[118.183,24.496]]],[[[121.863,31.492],[121.78,31.464],[121.52,31.55],[121.336,31.644],[121.227,31.758],[121.211,31.805],[121.339,31.797],[121.464,31.756],[121.492,31.694],[121.542,31.674],[121.577,31.637],[121.808,31.552],[121.844,31.526],[121.863,31.492]]],[[[122.296,29.963],[122.282,29.944],[122.158,30.001],[122.024,30.013],[121.978,30.064],[121.969,30.143],[122.111,30.14],[122.284,30.068],[122.322,30.031],[122.296,29.963]]],[[[122.173,29.679],[122.169,29.66],[122.084,29.725],[122.043,29.736],[122.062,29.773],[122.12,29.782],[122.165,29.701],[122.173,29.679]]],[[[122.404,29.892],[122.394,29.846],[122.368,29.853],[122.332,29.935],[122.351,29.955],[122.402,29.95],[122.404,29.892]]],[[[119.821,25.457],[119.747,25.411],[119.7,25.433],[119.699,25.495],[119.723,25.551],[119.696,25.591],[119.723,25.639],[119.778,25.653],[119.797,25.623],[119.829,25.607],[119.838,25.591],[119.839,25.56],[119.809,25.508],[119.832,25.48],[119.821,25.457]]],[[[110.385,21.093],[110.422,21.059],[110.522,21.083],[110.54,21.039],[110.539,21.018],[110.504,20.968],[110.422,21.007],[110.34,20.998],[110.281,21.001],[110.265,21.025],[110.31,21.075],[110.385,21.093]]],[[[121.251,28.086],[121.164,28.063],[121.132,28.063],[121.134,28.135],[121.205,28.204],[121.234,28.181],[121.251,28.145],[121.251,28.086]]],[[[113.555,22.804],[113.564,22.758],[113.486,22.828],[113.463,22.832],[113.426,22.859],[113.404,22.903],[113.465,22.905],[113.521,22.852],[113.555,22.804]]],[[[112.79,21.602],[112.771,21.582],[112.742,21.618],[112.733,21.67],[112.713,21.698],[112.761,21.733],[112.782,21.772],[112.839,21.765],[112.863,21.753],[112.813,21.712],[112.801,21.695],[112.79,21.602]]],[[[112.644,21.64],[112.546,21.619],[112.525,21.623],[112.559,21.675],[112.648,21.71],[112.644,21.64]]],[[[107.973,21.508],[107.908,21.56],[107.802,21.645],[107.759,21.655],[107.641,21.614],[107.471,21.598],[107.433,21.642],[107.351,21.609],[107.272,21.711],[107.179,21.717],[107.062,21.794],[107.02,21.835],[107.006,21.893],[106.971,21.924],[106.925,21.92],[106.875,21.951],[106.794,21.982],[106.729,22],[106.698,21.986],[106.664,21.979],[106.658,22.018],[106.66,22.136],[106.654,22.241],[106.637,22.289],[106.593,22.325],[106.554,22.342],[106.536,22.395],[106.55,22.501],[106.582,22.573],[106.633,22.586],[106.702,22.638],[106.736,22.711],[106.78,22.779],[106.624,22.874],[106.542,22.908],[106.451,22.894],[106.338,22.863],[106.279,22.857],[106.249,22.869],[106.184,22.955],[106.148,22.97],[106.068,22.976],[106.001,22.975],[105.962,22.937],[105.903,22.925],[105.843,22.923],[105.782,22.969],[105.691,23.03],[105.548,23.073],[105.531,23.122],[105.495,23.181],[105.44,23.235],[105.35,23.308],[105.275,23.345],[105.239,23.322],[105.189,23.281],[104.996,23.194],[104.91,23.161],[104.865,23.136],[104.827,23.1],[104.815,23.011],[104.796,22.911],[104.74,22.86],[104.687,22.822],[104.632,22.818],[104.578,22.82],[104.527,22.804],[104.372,22.704],[104.298,22.712],[104.238,22.769],[104.213,22.809],[104.143,22.8],[104.054,22.752],[104.013,22.666],[103.991,22.586],[103.971,22.55],[103.942,22.54],[103.915,22.538],[103.637,22.77],[103.62,22.782],[103.571,22.734],[103.525,22.612],[103.493,22.588],[103.471,22.597],[103.356,22.755],[103.327,22.77],[103.301,22.764],[103.266,22.714],[103.193,22.639],[103.138,22.593],[103.136,22.542],[103.076,22.498],[103.005,22.453],[102.982,22.448],[102.935,22.466],[102.874,22.525],[102.83,22.587],[102.721,22.648],[102.599,22.7],[102.517,22.741],[102.471,22.751],[102.428,22.733],[102.406,22.708],[102.376,22.647],[102.302,22.546],[102.237,22.466],[102.176,22.415],[102.127,22.379],[102.092,22.412],[102.024,22.439],[101.945,22.439],[101.842,22.388],[101.76,22.49],[101.739,22.495],[101.708,22.487],[101.671,22.462],[101.646,22.405],[101.62,22.327],[101.568,22.276],[101.525,22.254],[101.537,22.21],[101.562,22.162],[101.56,22.121],[101.576,22.055],[101.603,21.99],[101.7,21.882],[101.737,21.827],[101.744,21.778],[101.747,21.606],[101.743,21.534],[101.724,21.395],[101.723,21.315],[101.763,21.279],[101.802,21.236],[101.801,21.213],[101.783,21.204],[101.728,21.156],[101.705,21.15],[101.669,21.17],[101.622,21.184],[101.584,21.204],[101.542,21.234],[101.444,21.231],[101.281,21.184],[101.248,21.197],[101.224,21.224],[101.212,21.278],[101.22,21.342],[101.206,21.383],[101.175,21.408],[101.197,21.522],[101.139,21.567],[101.147,21.582],[101.128,21.705],[101.131,21.736],[101.121,21.746],[101.08,21.756],[101.019,21.736],[100.835,21.655],[100.677,21.505],[100.605,21.472],[100.531,21.458],[100.446,21.484],[100.351,21.501],[100.215,21.463],[100.148,21.481],[100.117,21.511],[100.089,21.558],[100.106,21.617],[100.096,21.661],[100.041,21.683],[99.978,21.702],[99.941,21.759],[99.926,21.821],[99.94,21.902],[99.948,21.988],[99.918,22.028],[99.825,22.05],[99.593,22.089],[99.389,22.111],[99.303,22.101],[99.233,22.11],[99.193,22.126],[99.173,22.153],[99.172,22.192],[99.205,22.283],[99.243,22.37],[99.338,22.498],[99.343,22.587],[99.338,22.689],[99.385,22.825],[99.467,22.927],[99.507,22.959],[99.497,23.005],[99.465,23.046],[99.418,23.069],[99.341,23.096],[99.22,23.103],[99.055,23.131],[98.864,23.191],[98.886,23.307],[98.883,23.38],[98.859,23.44],[98.82,23.483],[98.798,23.52],[98.832,23.624],[98.788,23.738],[98.735,23.783],[98.681,23.842],[98.677,23.905],[98.702,23.964],[98.834,24.091],[98.835,24.121],[98.802,24.119],[98.764,24.116],[98.583,24.07],[98.564,24.099],[98.499,24.116],[98.367,24.119],[98.213,24.111],[98.017,24.065],[97.838,23.986],[97.756,23.932],[97.686,23.898],[97.63,23.887],[97.565,23.911],[97.568,23.988],[97.691,24.131],[97.708,24.229],[97.671,24.313],[97.667,24.38],[97.624,24.423],[97.563,24.444],[97.531,24.492],[97.529,24.631],[97.583,24.775],[97.671,24.82],[97.724,24.842],[97.738,24.87],[97.711,24.97],[97.715,25.034],[97.767,25.158],[97.82,25.252],[97.918,25.236],[97.962,25.259],[98.011,25.293],[98.064,25.349],[98.1,25.416],[98.143,25.571],[98.173,25.595],[98.297,25.569],[98.334,25.587],[98.402,25.678],[98.466,25.789],[98.558,25.823],[98.625,25.827],[98.656,25.864],[98.655,25.918],[98.591,26.004],[98.564,26.072],[98.572,26.114],[98.663,26.139],[98.686,26.189],[98.672,26.299],[98.709,26.43],[98.732,26.583],[98.739,26.698],[98.738,26.786],[98.729,26.877],[98.717,27.045],[98.675,27.191],[98.682,27.245],[98.677,27.422],[98.651,27.572],[98.6,27.599],[98.504,27.648],[98.453,27.657],[98.409,27.639],[98.392,27.587],[98.35,27.538],[98.299,27.55],[98.274,27.599],[98.241,27.663],[98.13,27.968],[98.118,28.055],[98.099,28.142],[98.062,28.186],[98.022,28.212],[97.934,28.314],[97.888,28.356],[97.865,28.364],[97.817,28.356],[97.769,28.356],[97.73,28.407],[97.695,28.469],[97.659,28.5],[97.599,28.517],[97.538,28.51],[97.502,28.456],[97.478,28.426],[97.431,28.354],[97.356,28.254],[97.322,28.218],[97.289,28.237],[97.145,28.34],[97.075,28.369],[96.981,28.338],[96.833,28.362],[96.776,28.367],[96.653,28.45],[96.603,28.46],[96.428,28.406],[96.389,28.368],[96.366,28.367],[96.32,28.387],[96.281,28.412],[96.279,28.428],[96.326,28.469],[96.33,28.497],[96.327,28.525],[96.396,28.607],[96.581,28.764],[96.55,28.83],[96.477,28.959],[96.467,29.022],[96.436,29.051],[96.347,29.027],[96.162,28.91],[96.137,28.923],[96.141,28.963],[96.122,29.082],[96.181,29.118],[96.271,29.161],[96.34,29.21],[96.356,29.249],[96.337,29.261],[96.235,29.246],[96.195,29.272],[96.129,29.381],[96.08,29.424],[96.035,29.447],[95.885,29.391],[95.71,29.314],[95.516,29.206],[95.517,29.151],[95.494,29.137],[95.457,29.102],[95.42,29.054],[95.389,29.037],[95.353,29.036],[95.279,29.05],[95.145,29.104],[94.999,29.149],[94.967,29.144],[94.769,29.176],[94.763,29.201],[94.733,29.252],[94.677,29.297],[94.623,29.312],[94.468,29.216],[94.293,29.145],[94.193,29.06],[94.112,28.976],[94.018,28.96],[94.013,28.908],[93.974,28.861],[93.902,28.803],[93.761,28.73],[93.665,28.69],[93.361,28.654],[93.252,28.629],[93.207,28.591],[93.158,28.493],[93.119,28.402],[93.035,28.328],[92.882,28.228],[92.702,28.147],[92.653,28.093],[92.643,28.062],[92.666,28.05],[92.688,28.026],[92.688,27.989],[92.664,27.949],[92.547,27.879],[92.481,27.846],[92.415,27.825],[92.341,27.821],[92.27,27.83],[92.25,27.842],[92.222,27.827],[92.158,27.812],[92.101,27.808],[91.978,27.73],[91.909,27.73],[91.825,27.746],[91.713,27.76],[91.632,27.76],[91.629,27.801],[91.642,27.923],[91.606,27.952],[91.493,27.982],[91.368,28.022],[91.307,28.064],[91.273,28.078],[91.226,28.071],[91.15,28.027],[91.078,27.974],[91.021,27.97],[90.963,27.995],[90.907,28.027],[90.716,28.072],[90.63,28.079],[90.477,28.071],[90.353,28.08],[90.333,28.094],[90.334,28.119],[90.352,28.168],[90.363,28.217],[90.348,28.244],[90.221,28.278],[90.104,28.302],[89.981,28.311],[89.898,28.294],[89.817,28.256],[89.75,28.188],[89.653,28.158],[89.537,28.107],[89.481,28.06],[89.396,27.958],[89.273,27.833],[89.16,27.711],[89.102,27.593],[89.025,27.518],[88.948,27.464],[88.891,27.316],[88.833,27.363],[88.765,27.43],[88.749,27.522],[88.83,27.767],[88.849,27.869],[88.829,27.907],[88.804,28.007],[88.756,28.04],[88.621,28.092],[88.578,28.093],[88.532,28.057],[88.486,28.034],[88.426,28.012],[88.275,27.969],[88.141,27.949],[88.109,27.933],[88.099,27.905],[88.11,27.871],[88.023,27.883],[87.933,27.891],[87.861,27.886],[87.683,27.821],[87.623,27.815],[87.555,27.822],[87.464,27.824],[87.291,27.822],[87.141,27.838],[87.02,27.929],[86.934,27.968],[86.842,27.999],[86.75,28.022],[86.72,28.071],[86.691,28.095],[86.614,28.103],[86.554,28.085],[86.517,27.964],[86.485,27.94],[86.409,27.929],[86.329,27.96],[86.218,28.022],[86.174,28.092],[86.137,28.114],[86.079,28.084],[86.075,27.995],[86.064,27.935],[85.995,27.91],[85.954,27.928],[85.922,27.99],[85.84,28.135],[85.759,28.221],[85.678,28.277],[85.411,28.276],[85.212,28.293],[85.122,28.316],[85.089,28.372],[85.121,28.484],[85.16,28.572],[85.159,28.592],[85.126,28.603],[85.069,28.61],[84.855,28.554],[84.797,28.56],[84.759,28.579],[84.714,28.596],[84.677,28.622],[84.651,28.66],[84.465,28.753],[84.411,28.804],[84.312,28.868],[84.229,28.912],[84.176,29.036],[84.128,29.156],[84.101,29.22],[84.022,29.254],[83.936,29.279],[83.79,29.227],[83.671,29.188],[83.583,29.184],[83.457,29.306],[83.355,29.439],[83.235,29.555],[83.155,29.613],[83.014,29.618],[82.854,29.683],[82.641,29.831],[82.487,29.942],[82.221,30.064],[82.159,30.115],[82.135,30.159],[82.099,30.245],[82.043,30.327],[81.855,30.362],[81.642,30.388],[81.417,30.338],[81.255,30.093],[81.177,30.04],[81.11,30.037],[81.056,30.099],[81.01,30.165],[80.985,30.237],[80.874,30.291],[80.747,30.36],[80.682,30.415],[80.609,30.449],[80.541,30.464],[80.41,30.509],[80.261,30.561],[80.191,30.568],[80.186,30.605],[80.207,30.684],[80.194,30.759],[80.149,30.79],[80.081,30.782],[79.925,30.889],[79.919,30.89],[79.917,30.894],[79.872,30.925],[79.795,30.968],[79.664,30.965],[79.565,30.949],[79.493,30.994],[79.388,31.064],[79.37,31.08],[79.339,31.106],[79.233,31.242],[79.107,31.403],[79.044,31.426],[79.011,31.414],[78.974,31.329],[78.946,31.337],[78.9,31.331],[78.845,31.302],[78.792,31.294],[78.758,31.302],[78.744,31.324],[78.759,31.437],[78.727,31.472],[78.755,31.55],[78.803,31.618],[78.754,31.668],[78.693,31.74],[78.687,31.806],[78.72,31.888],[78.735,31.958],[78.726,31.984],[78.678,32.023],[78.496,32.216],[78.486,32.236],[78.455,32.3],[78.441,32.397],[78.417,32.467],[78.39,32.52],[78.392,32.545],[78.413,32.558],[78.526,32.571],[78.632,32.579],[78.701,32.597],[78.737,32.558],[78.754,32.499],[78.771,32.468],[78.838,32.412],[78.919,32.358],[78.998,32.365],[79.067,32.388],[79.127,32.476],[79.17,32.497],[79.219,32.501],[79.219,32.508],[79.217,32.564],[79.234,32.703],[79.228,32.759],[79.206,32.809],[79.21,32.865],[79.202,32.946],[79.146,33.001],[79.109,33.023],[79.103,33.053],[79.122,33.108],[79.135,33.172],[79.113,33.226],[79.067,33.25],[79.013,33.291],[78.948,33.347],[78.917,33.387],[78.865,33.431],[78.802,33.5],[78.79,33.65],[78.784,33.809],[78.762,33.888],[78.727,34.013],[78.732,34.056],[78.753,34.088],[78.932,34.189],[78.971,34.228],[78.977,34.258],[78.97,34.303],[78.936,34.352],[78.865,34.39],[78.763,34.453],[78.671,34.518],[78.516,34.558],[78.327,34.606],[78.282,34.654],[78.236,34.77],[78.158,34.946],[78.076,35.135],[78.012,35.251],[78.009,35.307],[78.047,35.449],[78.043,35.48],[78.009,35.49],[77.946,35.472],[77.895,35.449],[77.852,35.461],[77.811,35.485],[77.803,35.493],[77.799,35.496],[77.724,35.481],[77.573,35.472],[77.52,35.473],[77.446,35.476],[77.295,35.508],[77.09,35.552],[76.879,35.613],[76.767,35.662],[76.728,35.679],[76.632,35.729],[76.563,35.773],[76.551,35.887],[76.502,35.878],[76.386,35.837],[76.252,35.811],[76.178,35.811],[76.148,35.829],[76.103,35.949],[76.071,35.983],[76.01,35.996],[75.945,36.018],[75.912,36.049],[75.905,36.088],[75.934,36.134],[75.969,36.169],[75.974,36.382],[75.952,36.458],[75.933,36.522],[75.885,36.601],[75.84,36.65],[75.772,36.695],[75.667,36.742],[75.574,36.759],[75.46,36.725],[75.424,36.738],[75.377,36.884],[75.347,36.913],[75.145,36.973],[75.054,36.987],[74.949,36.968],[74.889,36.952],[74.841,36.979],[74.766,37.013],[74.692,37.036],[74.601,37.037],[74.541,37.022],[74.526,37.031],[74.498,37.057],[74.376,37.137],[74.372,37.158],[74.559,37.237],[74.669,37.267],[74.727,37.291],[74.739,37.286],[74.767,37.249],[74.84,37.225],[74.891,37.232],[74.918,37.25],[75.008,37.294],[75.079,37.344],[75.119,37.386],[75.097,37.451],[74.986,37.53],[74.916,37.573],[74.894,37.601],[74.912,37.687],[74.938,37.773],[74.921,37.805],[74.9,37.833],[74.891,37.926],[74.842,38.038],[74.79,38.104],[74.775,38.192],[74.772,38.275],[74.836,38.404],[74.812,38.46],[74.745,38.51],[74.514,38.6],[74.277,38.66],[74.187,38.658],[74.131,38.661],[74.065,38.608],[74.026,38.54],[73.97,38.534],[73.869,38.563],[73.802,38.607],[73.754,38.699],[73.717,38.817],[73.696,38.854],[73.707,38.886],[73.73,38.915],[73.795,38.941],[73.805,38.969],[73.796,39.002],[73.744,39.045],[73.69,39.105],[73.607,39.229],[73.623,39.298],[73.636,39.397],[73.632,39.449],[73.716,39.462],[73.823,39.489],[73.873,39.533],[73.907,39.579],[73.915,39.606],[73.883,39.715],[73.84,39.763],[73.835,39.8],[73.856,39.829],[73.885,39.878],[73.939,39.979],[73.992,40.043],[74.021,40.059],[74.085,40.074],[74.243,40.092],[74.412,40.137],[74.613,40.272],[74.68,40.311],[74.768,40.33],[74.83,40.329],[74.842,40.345],[74.801,40.429],[74.811,40.459],[74.835,40.483],[74.866,40.494],[75.004,40.45],[75.111,40.454],[75.241,40.48],[75.521,40.628],[75.556,40.625],[75.583,40.605],[75.617,40.517],[75.656,40.329],[75.677,40.306],[75.872,40.303],[76.004,40.371],[76.062,40.388],[76.157,40.376],[76.206,40.408],[76.258,40.431],[76.319,40.352],[76.396,40.39],[76.48,40.45],[76.521,40.511],[76.578,40.578],[76.622,40.662],[76.64,40.742],[76.661,40.78],[76.708,40.818],[76.824,40.982],[76.908,41.024],[76.987,41.039],[77.182,41.011],[77.284,41.014],[77.582,40.993],[77.719,41.024],[77.815,41.056],[77.956,41.051],[78.123,41.076],[78.346,41.281],[78.349,41.325],[78.362,41.372],[78.443,41.418],[78.543,41.46],[78.743,41.56],[79.148,41.719],[79.294,41.783],[79.354,41.781],[79.504,41.821],[79.766,41.899],[79.84,41.996],[79.91,42.015],[80.216,42.032],[80.235,42.043],[80.246,42.06],[80.229,42.13],[80.209,42.19],[80.233,42.208],[80.259,42.235],[80.255,42.274],[80.206,42.399],[80.179,42.518],[80.162,42.626],[80.165,42.666],[80.202,42.734],[80.25,42.797],[80.424,42.856],[80.539,42.873],[80.544,42.912],[80.451,42.936],[80.383,42.974],[80.371,42.996],[80.375,43.02],[80.39,43.043],[80.507,43.086],[80.617,43.128],[80.751,43.102],[80.778,43.119],[80.786,43.162],[80.757,43.204],[80.73,43.274],[80.668,43.31],[80.665,43.353],[80.704,43.427],[80.651,43.564],[80.593,43.685],[80.496,43.892],[80.432,43.952],[80.396,44.047],[80.355,44.097],[80.359,44.171],[80.365,44.223],[80.355,44.327],[80.336,44.438],[80.355,44.552],[80.391,44.627],[80.381,44.655],[80.401,44.677],[80.455,44.684],[80.482,44.715],[80.455,44.746],[80.361,44.77],[80.255,44.808],[80.128,44.804],[79.997,44.797],[79.932,44.825],[79.875,44.861],[79.872,44.884],[79.95,44.944],[80.059,45.006],[80.228,45.034],[80.415,45.075],[80.509,45.105],[80.635,45.127],[80.78,45.136],[80.853,45.129],[81.04,45.169],[81.335,45.246],[81.602,45.311],[81.692,45.349],[81.759,45.311],[81.79,45.226],[81.867,45.182],[81.945,45.161],[81.989,45.162],[82.123,45.195],[82.267,45.219],[82.323,45.206],[82.397,45.162],[82.479,45.124],[82.521,45.125],[82.559,45.155],[82.597,45.216],[82.621,45.293],[82.626,45.374],[82.612,45.424],[82.583,45.443],[82.452,45.472],[82.327,45.52],[82.312,45.564],[82.315,45.595],[82.348,45.672],[82.43,45.812],[82.512,46.006],[82.555,46.159],[82.692,46.387],[82.8,46.624],[82.975,46.966],[83.004,47.033],[83.02,47.141],[83.029,47.186],[83.09,47.209],[83.193,47.187],[83.444,47.109],[83.634,47.043],[83.714,47.021],[83.833,46.998],[84.016,46.971],[84.122,46.979],[84.215,46.995],[84.339,46.996],[84.532,46.976],[84.592,46.975],[84.667,46.972],[84.72,46.939],[84.746,46.864],[84.786,46.831],[84.858,46.843],[85.012,46.909],[85.111,46.961],[85.233,47.036],[85.355,47.047],[85.485,47.064],[85.53,47.101],[85.577,47.188],[85.657,47.255],[85.67,47.338],[85.642,47.397],[85.587,47.494],[85.588,47.558],[85.562,47.746],[85.526,47.916],[85.562,48.052],[85.626,48.204],[85.652,48.251],[85.692,48.312],[85.749,48.385],[85.83,48.408],[86.056,48.424],[86.266,48.455],[86.373,48.486],[86.483,48.505],[86.549,48.529],[86.664,48.636],[86.718,48.697],[86.758,48.861],[86.729,48.939],[86.753,49.009],[86.808,49.05],[86.886,49.091],[86.938,49.098],[87.049,49.11],[87.23,49.106],[87.323,49.086],[87.417,49.077],[87.476,49.091],[87.516,49.122],[87.577,49.132],[87.668,49.147],[87.763,49.166],[87.814,49.162],[87.825,49.116],[87.816,49.08],[87.835,49.032],[87.872,49],[87.86,48.966],[87.807,48.946],[87.755,48.919],[87.743,48.882],[87.809,48.836],[87.832,48.792],[87.942,48.765],[88.028,48.736],[88.06,48.707],[88.05,48.675],[88.011,48.64],[87.972,48.603],[87.967,48.581],[87.98,48.555],[88.063,48.538],[88.158,48.509],[88.31,48.472],[88.414,48.403],[88.517,48.384],[88.567,48.317],[88.576,48.22],[88.682,48.171],[88.838,48.102],[88.918,48.089],[88.971,48.05],[89.048,48.003],[89.116,47.988],[89.196,47.981],[89.33,48.025],[89.479,48.029],[89.561,48.004],[89.638,47.909],[89.693,47.879],[89.726,47.852],[89.778,47.827],[89.831,47.823],[89.91,47.844],[89.959,47.886],[90.028,47.878],[90.054,47.85],[90.067,47.804],[90.103,47.745],[90.191,47.702],[90.313,47.676],[90.331,47.655],[90.347,47.597],[90.381,47.557],[90.425,47.504],[90.467,47.408],[90.476,47.329],[90.496,47.285],[90.553,47.214],[90.643,47.1],[90.716,47.004],[90.799,46.985],[90.87,46.954],[90.911,46.883],[90.986,46.749],[90.998,46.661],[91.004,46.596],[91.029,46.566],[91.034,46.529],[90.971,46.388],[90.918,46.324],[90.912,46.271],[90.948,46.177],[90.997,46.105],[91.002,46.036],[90.96,45.985],[90.887,45.922],[90.852,45.885],[90.796,45.854],[90.71,45.731],[90.671,45.595],[90.662,45.525],[90.694,45.475],[90.75,45.419],[90.763,45.371],[90.853,45.263],[90.877,45.196],[90.914,45.194],[90.954,45.216],[91.05,45.217],[91.138,45.194],[91.222,45.145],[91.312,45.118],[91.441,45.125],[91.51,45.098],[91.584,45.077],[91.738,45.069],[91.853,45.069],[92.03,45.069],[92.173,45.035],[92.424,45.009],[92.579,45.011],[92.788,45.036],[92.916,45.02],[93.294,44.983],[93.516,44.944],[93.656,44.901],[93.755,44.832],[93.868,44.724],[93.958,44.675],[94.199,44.645],[94.365,44.519],[94.494,44.473],[94.712,44.351],[94.866,44.303],[95.05,44.259],[95.35,44.278],[95.367,44.262],[95.344,44.195],[95.326,44.105],[95.326,44.039],[95.356,44.006],[95.471,43.986],[95.526,43.954],[95.567,43.892],[95.591,43.854],[95.687,43.664],[95.842,43.384],[95.86,43.276],[95.913,43.206],[96.08,43.096],[96.168,43.015],[96.3,42.929],[96.342,42.849],[96.352,42.747],[96.385,42.72],[96.625,42.744],[96.833,42.76],[97.206,42.79],[97.719,42.736],[98.248,42.685],[98.716,42.639],[98.947,42.616],[99.468,42.568],[99.757,42.629],[99.984,42.677],[100.086,42.671],[100.519,42.617],[100.773,42.588],[101.092,42.551],[101.314,42.538],[101.495,42.539],[101.579,42.524],[101.66,42.5],[101.714,42.466],[101.88,42.292],[101.973,42.216],[102.157,42.158],[102.575,42.092],[102.807,42.052],[103.073,42.006],[103.248,41.937],[103.45,41.856],[103.711,41.751],[103.997,41.797],[104.305,41.846],[104.498,41.877],[104.498,41.659],[104.774,41.641],[104.86,41.644],[104.982,41.596],[105.051,41.616],[105.115,41.663],[105.197,41.738],[105.314,41.771],[105.517,41.855],[105.566,41.875],[105.868,41.994],[106.317,42.141],[106.519,42.212],[106.579,42.227],[106.693,42.264],[106.77,42.289],[106.906,42.309],[107.091,42.322],[107.292,42.349],[107.749,42.401],[107.806,42.406],[108.062,42.427],[108.171,42.447],[108.334,42.437],[108.546,42.429],[108.687,42.416],[108.875,42.426],[109.132,42.441],[109.34,42.438],[109.443,42.456],[109.596,42.511],[109.698,42.554],[109.859,42.606],[110.058,42.661],[110.197,42.71],[110.289,42.743],[110.4,42.774],[110.43,42.814],[110.462,42.844],[110.521,42.895],[110.628,42.991],[110.709,43.074],[110.749,43.111],[110.84,43.194],[110.913,43.257],[111.007,43.341],[111.087,43.369],[111.187,43.392],[111.451,43.475],[111.504,43.493],[111.547,43.496],[111.641,43.563],[111.72,43.621],[111.771,43.665],[111.878,43.68],[111.933,43.711],[111.943,43.752],[111.932,43.815],[111.88,43.879],[111.837,43.935],[111.684,44.041],[111.603,44.107],[111.52,44.192],[111.486,44.272],[111.43,44.322],[111.402,44.367],[111.411,44.419],[111.489,44.512],[111.515,44.57],[111.547,44.673],[111.621,44.827],[111.681,44.899],[111.751,44.97],[111.898,45.064],[112.033,45.082],[112.113,45.063],[112.292,45.063],[112.411,45.058],[112.499,45.011],[112.597,44.918],[112.707,44.883],[113.049,44.81],[113.196,44.795],[113.301,44.792],[113.456,44.767],[113.508,44.762],[113.587,44.746],[113.653,44.763],[113.752,44.826],[113.877,44.896],[113.931,44.912],[114.03,44.943],[114.08,44.971],[114.167,45.05],[114.281,45.111],[114.419,45.203],[114.487,45.272],[114.502,45.316],[114.517,45.365],[114.56,45.39],[114.644,45.413],[114.739,45.42],[114.919,45.378],[115.163,45.39],[115.217,45.396],[115.439,45.42],[115.539,45.44],[115.681,45.458],[115.789,45.535],[115.934,45.626],[116.04,45.677],[116.11,45.687],[116.198,45.739],[116.241,45.796],[116.229,45.846],[116.213,45.887],[116.265,45.963],[116.358,46.097],[116.445,46.159],[116.517,46.209],[116.563,46.29],[116.619,46.313],[116.689,46.322],[116.787,46.377],[116.859,46.388],[116.979,46.362],[117.156,46.355],[117.269,46.352],[117.333,46.362],[117.357,46.391],[117.356,46.437],[117.392,46.538],[117.406,46.571],[117.438,46.586],[117.547,46.588],[117.621,46.552],[117.671,46.522],[117.741,46.518],[117.813,46.538],[117.91,46.619],[118.071,46.667],[118.157,46.679],[118.309,46.717],[118.404,46.703],[118.58,46.692],[118.649,46.702],[118.723,46.692],[118.79,46.747],[118.844,46.76],[118.957,46.735],[119.029,46.692],[119.162,46.639],[119.332,46.614],[119.474,46.627],[119.62,46.604],[119.707,46.606],[119.747,46.627],[119.867,46.672],[119.896,46.733],[119.884,46.791],[119.898,46.858],[119.863,46.907],[119.788,46.979],[119.76,47.027],[119.757,47.09],[119.711,47.15],[119.6,47.222],[119.527,47.256],[119.377,47.381],[119.326,47.41],[119.309,47.431],[119.291,47.473],[119.235,47.493],[119.162,47.525],[119.123,47.558],[119.097,47.616],[119.082,47.654],[119.018,47.685],[118.953,47.703],[118.88,47.725],[118.76,47.758],[118.691,47.822],[118.568,47.943],[118.498,47.984],[118.24,48],[118.147,48.029],[118.042,48.019],[117.979,48],[117.84,48],[117.768,47.988],[117.677,47.908],[117.555,47.805],[117.455,47.741],[117.384,47.676],[117.351,47.652],[117.286,47.666],[117.197,47.74],[117.07,47.806],[116.952,47.837],[116.901,47.853],[116.761,47.87],[116.652,47.865],[116.513,47.84],[116.378,47.844],[116.317,47.86],[116.231,47.858],[116.075,47.79],[115.994,47.711],[115.898,47.687],[115.812,47.738],[115.712,47.799],[115.616,47.875],[115.558,47.945],[115.525,48.131],[115.639,48.186],[115.786,48.248],[115.797,48.346],[115.792,48.456],[115.821,48.577],[115.954,48.689],[116.025,48.782],[116.034,48.84],[116.098,48.936],[116.16,49.037],[116.243,49.17],[116.402,49.406],[116.59,49.685],[116.683,49.824],[116.889,49.738],[117.022,49.693],[117.246,49.625],[117.477,49.609],[117.698,49.536],[117.813,49.514],[117.873,49.513],[118.187,49.693],[118.452,49.844],[118.756,49.963],[118.979,49.979],[119.147,50.013],[119.26,50.066],[119.326,50.155],[119.346,50.279],[119.302,50.354],[119.192,50.38],[119.164,50.406],[119.217,50.433],[119.256,50.484],[119.281,50.561],[119.344,50.634],[119.446,50.703],[119.502,50.779],[119.512,50.863],[119.573,50.947],[119.685,51.03],[119.746,51.108],[119.757,51.179],[119.813,51.267],[119.967,51.422],[120.067,51.601],[120.237,51.723],[120.511,51.849],[120.681,51.973],[120.75,52.097],[120.745,52.205],[120.665,52.3],[120.65,52.396],[120.699,52.494],[120.656,52.567],[120.521,52.615],[120.36,52.627],[120.173,52.602],[120.068,52.633],[120.044,52.718],[120.095,52.787],[120.218,52.84],[120.421,52.968],[120.704,53.172],[120.985,53.285],[121.405,53.317],[121.744,53.384],[122.089,53.451],[122.338,53.485],[122.38,53.463],[122.516,53.457],[122.745,53.469],[122.958,53.498],[123.154,53.545],[123.31,53.556],[123.424,53.531],[123.489,53.529],[123.535,53.526],[123.56,53.527],[123.608,53.547],[123.741,53.511],[123.995,53.406],[124.154,53.359],[124.22,53.37],[124.291,53.341],[124.369,53.271],[124.466,53.23],[124.64,53.211],[124.812,53.134],[124.882,53.13],[124.907,53.173],[124.971,53.197],[125.075,53.204],[125.226,53.166],[125.422,53.084],[125.546,53.048],[125.596,53.057],[125.649,53.042],[125.692,53.004],[125.695,52.956],[125.681,52.931],[125.728,52.891],[125.783,52.891],[125.872,52.872],[125.942,52.801],[126.004,52.768],[126.048,52.739],[126.056,52.716],[126.06,52.692],[126.047,52.673],[126.023,52.643],[126.016,52.61],[126.046,52.573],[126.157,52.547],[126.194,52.519],[126.203,52.484],[126.238,52.445],[126.313,52.4],[126.342,52.362],[126.324,52.332],[126.346,52.306],[126.383,52.287],[126.392,52.215],[126.395,52.173],[126.456,52.126],[126.468,52.031],[126.511,51.926],[126.654,51.781],[126.701,51.703],[126.689,51.61],[126.709,51.566],[126.775,51.545],[126.805,51.506],[126.802,51.448],[126.827,51.412],[126.848,51.374],[126.834,51.315],[126.854,51.261],[126.888,51.23],[126.912,51.172],[126.925,51.1],[127.02,50.986],[127.198,50.829],[127.307,50.708],[127.347,50.621],[127.347,50.55],[127.308,50.494],[127.306,50.454],[127.341,50.428],[127.351,50.394],[127.337,50.35],[127.395,50.299],[127.59,50.209],[127.512,50.072],[127.492,49.975],[127.502,49.873],[127.551,49.802],[127.637,49.76],[127.69,49.717],[127.711,49.672],[127.814,49.622],[128,49.569],[128.237,49.559],[128.527,49.594],[128.704,49.6],[128.769,49.577],[128.791,49.542],[128.77,49.495],[128.819,49.464],[128.938,49.449],[129.02,49.419],[129.065,49.375],[129.12,49.362],[129.185,49.381],[129.248,49.379],[129.31,49.354],[129.35,49.362],[129.385,49.389],[129.441,49.389],[129.498,49.389],[129.534,49.323],[129.591,49.287],[129.671,49.279],[129.793,49.199],[130.037,48.972],[130.196,48.892],[130.355,48.866],[130.553,48.861],[130.617,48.773],[130.566,48.68],[130.552,48.602],[130.597,48.575],[130.659,48.483],[130.747,48.43],[130.763,48.388],[130.804,48.342],[130.787,48.255],[130.712,48.128],[130.733,48.019],[130.849,47.929],[130.915,47.843],[130.933,47.76],[130.962,47.709],[131.003,47.691],[131.122,47.698],[131.319,47.728],[131.464,47.723],[131.557,47.682],[131.785,47.681],[132.15,47.718],[132.38,47.729],[132.476,47.715],[132.562,47.769],[132.637,47.89],[132.707,47.947],[132.773,47.94],[132.877,47.979],[133.02,48.064],[133.144,48.106],[133.301,48.102],[133.468,48.097],[133.573,48.133],[133.672,48.208],[133.842,48.274],[134.206,48.36],[134.293,48.373],[134.335,48.369],[134.456,48.355],[134.564,48.322],[134.665,48.254],[134.681,48.21],[134.669,48.153],[134.647,48.12],[134.605,48.083],[134.566,48.023],[134.591,47.975],[134.65,47.874],[134.699,47.801],[134.752,47.715],[134.728,47.684],[134.696,47.625],[134.596,47.524],[134.542,47.485],[134.483,47.447],[134.383,47.438],[134.339,47.429],[134.291,47.414],[134.26,47.378],[134.225,47.353],[134.168,47.302],[134.163,47.259],[134.189,47.194],[134.202,47.128],[134.137,47.069],[134.086,46.978],[134.071,46.951],[134.046,46.882],[134.039,46.858],[134.023,46.713],[133.958,46.614],[133.867,46.499],[133.887,46.431],[133.903,46.367],[133.88,46.336],[133.875,46.309],[133.861,46.248],[133.833,46.224],[133.75,46.186],[133.701,46.14],[133.711,46.07],[133.686,46.009],[133.648,45.955],[133.608,45.92],[133.551,45.898],[133.513,45.879],[133.485,45.81],[133.476,45.758],[133.449,45.705],[133.466,45.651],[133.436,45.605],[133.355,45.572],[133.31,45.553],[133.267,45.545],[133.186,45.495],[133.113,45.321],[133.097,45.22],[133.113,45.131],[133.012,45.075],[132.936,45.03],[132.889,45.046],[132.839,45.061],[132.723,45.081],[132.666,45.094],[132.549,45.123],[132.363,45.16],[132.181,45.203],[132.067,45.226],[131.978,45.244],[131.909,45.274],[131.852,45.327],[131.795,45.305],[131.742,45.243],[131.654,45.205],[131.614,45.137],[131.579,45.084],[131.488,45.013],[131.447,44.984],[131.268,44.936],[131.228,44.92],[131.082,44.91],[131.033,44.889],[130.982,44.844],[130.968,44.8],[131.004,44.753],[131.061,44.66],[131.087,44.596],[131.126,44.469],[131.255,44.072],[131.213,44.003],[131.174,43.705],[131.184,43.651],[131.18,43.567],[131.182,43.506],[131.209,43.49],[131.244,43.469],[131.262,43.433],[131.257,43.378],[131.239,43.338],[131.212,43.258],[131.176,43.142],[131.136,43.098],[131.109,43.062],[131.086,43.038],[131.083,42.956],[131.069,42.902],[131.006,42.883],[130.943,42.852],[130.869,42.863],[130.803,42.857],[130.722,42.836],[130.577,42.812],[130.493,42.779],[130.453,42.755],[130.425,42.727],[130.42,42.7],[130.439,42.686],[130.521,42.674],[130.577,42.623],[130.584,42.567],[130.527,42.535],[130.498,42.571],[130.45,42.582],[130.361,42.631],[130.296,42.685],[130.247,42.745],[130.249,42.873],[130.24,42.892],[130.151,42.918],[130.125,42.956],[130.083,42.974],[130.022,42.963],[129.977,42.975],[129.941,42.996],[129.898,42.998],[129.861,42.965],[129.842,42.894],[129.779,42.777],[129.773,42.705],[129.746,42.604],[129.72,42.475],[129.698,42.448],[129.628,42.444],[129.604,42.436],[129.568,42.392],[129.524,42.385],[129.485,42.41],[129.424,42.436],[129.366,42.439],[129.314,42.414],[129.253,42.358],[129.218,42.313],[129.205,42.271],[129.196,42.218],[129.134,42.169],[129.077,42.142],[128.961,42.069],[128.923,42.038],[128.84,42.038],[128.749,42.041],[128.627,42.021],[128.427,42.011],[128.308,42.026],[128.16,42.012],[128.045,41.988],[128.029,41.952],[128.033,41.898],[128.056,41.864],[128.084,41.841],[128.132,41.769],[128.182,41.7],[128.258,41.655],[128.289,41.607],[128.291,41.563],[128.255,41.507],[128.2,41.433],[128.149,41.388],[128.111,41.389],[128.053,41.416],[128.013,41.449],[127.919,41.461],[127.688,41.44],[127.572,41.455],[127.517,41.482],[127.42,41.484],[127.271,41.52],[127.18,41.531],[127.137,41.555],[127.128,41.607],[127.085,41.644],[127.061,41.687],[127.007,41.742],[126.955,41.769],[126.904,41.781],[126.847,41.748],[126.788,41.718],[126.743,41.725],[126.722,41.717],[126.697,41.692],[126.601,41.641],[126.578,41.594],[126.54,41.496],[126.514,41.394],[126.49,41.358],[126.451,41.352],[126.412,41.321],[126.329,41.226],[126.254,41.138],[126.145,41.078],[126.093,41.024],[126.067,40.974],[125.989,40.905],[125.875,40.892],[125.784,40.872],[125.728,40.867],[125.688,40.839],[125.659,40.796],[125.645,40.779],[125.594,40.779],[125.543,40.743],[125.417,40.66],[125.314,40.645],[125.186,40.589],[125.073,40.547],[125.026,40.524],[125.013,40.498],[124.997,40.465],[124.942,40.458],[124.889,40.46],[124.772,40.384],[124.712,40.319],[124.481,40.182],[124.387,40.104],[124.362,40.004],[124.35,40.012],[124.267,39.924],[124.106,39.841],[123.76,39.822],[123.651,39.882],[123.611,39.841],[123.581,39.786],[123.49,39.768],[123.348,39.763],[123.269,39.727],[123.227,39.687],[123.032,39.674],[122.961,39.62],[122.84,39.601],[122.335,39.366],[122.225,39.267],[122.121,39.152],[122.048,39.094],[121.982,39.053],[121.923,39.037],[121.864,38.996],[121.805,38.991],[121.745,39.01],[121.677,39.003],[121.633,38.955],[121.67,38.892],[121.65,38.865],[121.517,38.831],[121.32,38.808],[121.236,38.767],[121.207,38.744],[121.164,38.732],[121.122,38.813],[121.107,38.921],[121.188,38.947],[121.263,38.96],[121.68,39.109],[121.628,39.22],[121.665,39.269],[121.758,39.348],[121.818,39.387],[121.785,39.401],[121.513,39.375],[121.356,39.377],[121.275,39.385],[121.3,39.452],[121.286,39.519],[121.267,39.545],[121.406,39.621],[121.47,39.64],[121.518,39.639],[121.514,39.685],[121.474,39.755],[121.517,39.845],[121.801,39.951],[121.869,40.046],[121.983,40.136],[122.191,40.358],[122.203,40.396],[122.264,40.5],[122.275,40.542],[122.179,40.603],[122.14,40.688],[121.859,40.842],[121.835,40.974],[121.809,40.969],[121.766,40.876],[121.729,40.846],[121.599,40.843],[121.537,40.878],[121.175,40.901],[121.086,40.842],[121.003,40.749],[120.922,40.683],[120.841,40.649],[120.771,40.589],[120.479,40.231],[120.369,40.204],[119.85,39.987],[119.591,39.903],[119.391,39.752],[119.322,39.662],[119.261,39.561],[119.225,39.408],[119.04,39.222],[118.977,39.183],[118.912,39.166],[118.826,39.172],[118.752,39.16],[118.626,39.177],[118.472,39.118],[118.298,39.067],[118.148,39.195],[118.041,39.227],[117.866,39.191],[117.785,39.134],[117.617,38.853],[117.554,38.691],[117.558,38.625],[117.656,38.424],[117.767,38.312],[118.015,38.183],[118.543,38.095],[118.667,38.126],[118.8,38.127],[118.94,38.043],[119.028,37.904],[119.036,37.809],[119.038,37.777],[119.07,37.749],[119.089,37.701],[119.033,37.661],[118.991,37.641],[118.955,37.494],[118.953,37.331],[118.998,37.277],[119.112,37.201],[119.287,37.138],[119.45,37.125],[119.761,37.155],[119.888,37.253],[119.88,37.296],[119.883,37.351],[120.156,37.495],[120.312,37.623],[120.287,37.656],[120.257,37.679],[120.285,37.692],[120.37,37.701],[120.75,37.834],[121.049,37.725],[121.22,37.6],[121.388,37.579],[121.505,37.515],[121.64,37.46],[121.816,37.457],[121.965,37.445],[122.01,37.496],[122.057,37.529],[122.11,37.522],[122.169,37.456],[122.338,37.405],[122.493,37.408],[122.602,37.426],[122.667,37.403],[122.573,37.318],[122.587,37.181],[122.516,37.138],[122.447,37.068],[122.487,37.022],[122.523,37.003],[122.52,36.947],[122.457,36.915],[122.341,36.832],[122.274,36.834],[122.242,36.85],[122.22,36.88],[122.203,36.927],[122.162,36.959],[122.05,36.971],[121.933,36.959],[121.67,36.836],[121.413,36.738],[121.144,36.66],[121.054,36.611],[120.99,36.598],[120.879,36.635],[120.811,36.633],[120.797,36.607],[120.883,36.539],[120.905,36.485],[120.896,36.444],[120.847,36.426],[120.776,36.456],[120.712,36.413],[120.682,36.341],[120.681,36.168],[120.638,36.13],[120.519,36.109],[120.393,36.054],[120.348,36.079],[120.33,36.11],[120.343,36.189],[120.328,36.228],[120.27,36.226],[120.183,36.202],[120.117,36.15],[120.094,36.119],[120.181,36.017],[120.265,36.007],[120.285,35.984],[120.219,35.935],[120.055,35.861],[120.027,35.799],[119.979,35.74],[119.912,35.693],[119.866,35.644],[119.811,35.618],[119.72,35.589],[119.608,35.47],[119.526,35.359],[119.43,35.301],[119.353,35.114],[119.216,35.012],[119.165,34.849],[119.201,34.748],[119.351,34.749],[119.427,34.714],[119.583,34.582],[119.77,34.496],[119.964,34.448],[120.201,34.326],[120.267,34.274],[120.323,34.169],[120.426,33.866],[120.5,33.716],[120.505,33.638],[120.616,33.491],[120.734,33.237],[120.871,33.017],[120.897,32.843],[120.853,32.764],[120.853,32.661],[120.99,32.567],[121.293,32.457],[121.342,32.425],[121.401,32.372],[121.404,32.206],[121.451,32.153],[121.491,32.121],[121.674,32.051],[121.751,31.993],[121.832,31.9],[121.856,31.816],[121.866,31.704],[121.764,31.7],[121.681,31.712],[121.352,31.859],[121.266,31.863],[121.146,31.842],[120.974,31.869],[120.792,32.032],[120.661,32.081],[120.52,32.106],[120.184,31.966],[120.099,31.976],[120.074,31.96],[120.036,31.936],[120.192,31.906],[120.347,31.952],[120.497,32.02],[120.716,31.984],[120.752,31.923],[120.788,31.82],[120.938,31.75],[121.055,31.719],[121.205,31.628],[121.351,31.485],[121.661,31.32],[121.786,31.163],[121.834,31.062],[121.878,30.917],[121.769,30.87],[121.675,30.864],[121.528,30.841],[121.419,30.79],[121.31,30.7],[120.998,30.558],[120.938,30.47],[120.897,30.393],[120.821,30.355],[120.63,30.391],[120.45,30.388],[120.246,30.284],[120.195,30.241],[120.229,30.25],[120.261,30.263],[120.353,30.247],[120.495,30.303],[120.633,30.133],[120.904,30.161],[121.159,30.302],[121.258,30.304],[121.341,30.282],[121.433,30.227],[121.678,29.979],[121.812,29.952],[121.944,29.894],[122.017,29.888],[122.083,29.87],[121.906,29.78],[121.677,29.584],[121.575,29.537],[121.506,29.485],[121.69,29.511],[121.822,29.605],[121.888,29.628],[121.941,29.606],[121.968,29.491],[121.918,29.135],[121.854,29.129],[121.791,29.226],[121.717,29.256],[121.656,29.236],[121.534,29.237],[121.487,29.193],[121.448,29.131],[121.521,29.118],[121.665,29.011],[121.68,28.953],[121.641,28.916],[121.54,28.932],[121.663,28.851],[121.63,28.768],[121.59,28.735],[121.519,28.714],[121.475,28.641],[121.538,28.521],[121.602,28.367],[121.61,28.292],[121.51,28.324],[121.355,28.23],[121.272,28.222],[121.217,28.346],[121.146,28.327],[121.098,28.291],[121.035,28.157],[120.959,28.037],[120.892,28.004],[120.813,28.013],[120.748,28.01],[120.763,27.977],[120.833,27.938],[120.833,27.891],[120.685,27.745],[120.661,27.688],[120.665,27.639],[120.588,27.581],[120.629,27.482],[120.608,27.412],[120.54,27.318],[120.469,27.256],[120.385,27.156],[120.279,27.097],[120.139,26.886],[120.097,26.781],[120.087,26.672],[120.043,26.634],[119.968,26.586],[119.882,26.61],[119.879,26.683],[119.842,26.689],[119.821,26.737],[119.815,26.798],[119.824,26.846],[119.789,26.831],[119.767,26.775],[119.71,26.729],[119.652,26.747],[119.588,26.785],[119.59,26.73],[119.624,26.676],[119.638,26.621],[119.726,26.609],[119.785,26.547],[119.831,26.45],[119.84,26.414],[119.876,26.371],[119.881,26.334],[119.797,26.3],[119.693,26.236],[119.567,26.127],[119.463,26.055],[119.37,26.054],[119.313,26.063],[119.232,26.104],[119.139,26.122],[119.264,25.975],[119.332,25.949],[119.418,25.954],[119.501,26.009],[119.619,26.004],[119.648,25.919],[119.617,25.823],[119.553,25.699],[119.539,25.591],[119.619,25.437],[119.622,25.391],[119.593,25.368],[119.499,25.409],[119.422,25.46],[119.344,25.446],[119.263,25.468],[119.18,25.45],[119.146,25.414],[119.169,25.356],[119.244,25.307],[119.286,25.232],[119.236,25.206],[119.025,25.223],[118.978,25.209],[118.914,25.127],[118.956,25.005],[118.909,24.929],[118.822,24.911],[118.708,24.85],[118.637,24.836],[118.64,24.809],[118.692,24.782],[118.719,24.746],[118.657,24.621],[118.56,24.58],[118.412,24.601],[118.295,24.573],[118.195,24.626],[118.087,24.627],[118.014,24.56],[118.006,24.482],[117.935,24.474],[117.897,24.48],[117.843,24.474],[117.848,24.432],[117.879,24.396],[118.024,24.38],[118.051,24.327],[118.056,24.246],[117.904,24.106],[117.839,24.012],[117.742,24.015],[117.668,23.939],[117.628,23.837],[117.579,23.857],[117.466,23.841],[117.433,23.792],[117.46,23.771],[117.462,23.736],[117.417,23.621],[117.368,23.589],[117.347,23.636],[117.331,23.709],[117.291,23.714],[117.225,23.647],[117.148,23.599],[117.083,23.579],[117.033,23.623],[116.911,23.647],[116.861,23.453],[116.76,23.383],[116.712,23.36],[116.629,23.354],[116.682,23.327],[116.699,23.278],[116.669,23.228],[116.586,23.218],[116.538,23.18],[116.52,23.007],[116.471,22.946],[116.346,22.941],[116.252,22.981],[116.222,22.95],[116.206,22.919],[116.157,22.887],[116.063,22.879],[115.852,22.802],[115.756,22.824],[115.64,22.853],[115.561,22.825],[115.535,22.765],[115.498,22.719],[115.383,22.719],[115.29,22.776],[115.196,22.817],[115.092,22.782],[115.012,22.709],[114.914,22.685],[114.896,22.64],[114.854,22.617],[114.75,22.626],[114.711,22.739],[114.652,22.755],[114.593,22.698],[114.572,22.654],[114.544,22.621],[114.554,22.529],[114.496,22.527],[114.42,22.583],[114.341,22.593],[114.266,22.541],[114.228,22.554],[114.188,22.565],[114.123,22.565],[114.098,22.551],[114.05,22.543],[114.018,22.514],[114.015,22.512],[113.931,22.531],[113.828,22.607],[113.754,22.734],[113.661,22.802],[113.62,22.861],[113.603,22.969],[113.586,23.02],[113.592,23.077],[113.621,23.127],[113.52,23.102],[113.445,23.055],[113.46,22.996],[113.442,22.941],[113.331,22.912],[113.338,22.889],[113.345,22.865],[113.432,22.789],[113.45,22.726],[113.485,22.692],[113.553,22.594],[113.551,22.404],[113.589,22.35],[113.576,22.297],[113.549,22.225],[113.547,22.224],[113.527,22.246],[113.494,22.242],[113.481,22.217],[113.479,22.196],[113.473,22.194],[113.416,22.178],[113.367,22.165],[113.328,22.145],[113.266,22.089],[113.149,22.075],[113.089,22.208],[113.008,22.119],[112.984,21.938],[112.954,21.907],[112.904,21.881],[112.809,21.945],[112.725,21.902],[112.661,21.859],[112.634,21.82],[112.586,21.777],[112.495,21.818],[112.421,21.881],[112.439,21.927],[112.429,21.958],[112.396,21.981],[112.36,21.978],[112.377,21.917],[112.39,21.801],[112.356,21.768],[112.305,21.742],[112.193,21.763],[112.117,21.806],[112.025,21.843],[111.944,21.85],[111.926,21.776],[111.873,21.717],[111.825,21.71],[111.776,21.719],[111.712,21.655],[111.682,21.608],[111.603,21.559],[111.392,21.535],[111.319,21.486],[111.221,21.494],[111.144,21.482],[111.101,21.485],[111.061,21.511],[111.017,21.512],[110.997,21.43],[110.878,21.396],[110.771,21.387],[110.652,21.279],[110.567,21.214],[110.504,21.207],[110.458,21.231],[110.435,21.327],[110.411,21.338],[110.397,21.248],[110.375,21.172],[110.331,21.131],[110.194,21.038],[110.154,20.945],[110.18,20.859],[110.365,20.838],[110.388,20.791],[110.371,20.752],[110.326,20.72],[110.313,20.672],[110.512,20.518],[110.518,20.46],[110.487,20.427],[110.45,20.355],[110.345,20.295],[110.123,20.264],[109.938,20.295],[109.883,20.364],[109.886,20.413],[109.932,20.399],[109.984,20.403],[109.968,20.448],[109.946,20.474],[109.861,20.514],[109.792,20.622],[109.805,20.711],[109.767,20.781],[109.726,20.839],[109.685,20.874],[109.663,20.917],[109.704,21.053],[109.681,21.132],[109.76,21.228],[109.78,21.337],[109.921,21.376],[109.931,21.481],[109.83,21.484],[109.759,21.56],[109.743,21.528],[109.687,21.525],[109.594,21.672],[109.566,21.691],[109.521,21.693],[109.544,21.538],[109.436,21.479],[109.347,21.454],[109.22,21.443],[109.149,21.426],[109.082,21.44],[109.098,21.487],[109.133,21.544],[109.102,21.59],[109.031,21.627],[108.922,21.624],[108.846,21.634],[108.772,21.63],[108.744,21.651],[108.675,21.725],[108.616,21.77],[108.589,21.816],[108.616,21.869],[108.594,21.901],[108.48,21.905],[108.481,21.829],[108.493,21.739],[108.526,21.671],[108.502,21.633],[108.444,21.607],[108.383,21.679],[108.355,21.697],[108.325,21.694],[108.302,21.622],[108.246,21.558],[108.146,21.565],[108.067,21.526],[107.973,21.508]]],[[[110.889,19.992],[110.938,19.948],[110.971,19.883],[110.998,19.765],[111.014,19.655],[110.913,19.586],[110.822,19.558],[110.641,19.291],[110.603,19.207],[110.572,19.172],[110.563,19.135],[110.566,19.099],[110.519,18.97],[110.478,18.813],[110.451,18.748],[110.4,18.698],[110.334,18.673],[110.291,18.67],[110.252,18.656],[110.156,18.57],[110.049,18.505],[110.066,18.476],[110.067,18.448],[110.02,18.416],[109.968,18.422],[109.816,18.397],[109.76,18.348],[109.703,18.259],[109.681,18.247],[109.59,18.226],[109.519,18.218],[109.4,18.281],[109.341,18.3],[109.183,18.325],[109.03,18.368],[108.922,18.416],[108.702,18.535],[108.676,18.75],[108.638,18.866],[108.636,18.908],[108.65,19.265],[108.666,19.304],[108.694,19.338],[108.791,19.418],[108.903,19.481],[109.063,19.614],[109.179,19.674],[109.277,19.761],[109.22,19.757],[109.177,19.768],[109.219,19.843],[109.263,19.883],[109.315,19.904],[109.418,19.889],[109.514,19.904],[109.584,19.97],[109.651,19.984],[109.906,19.963],[110.083,19.993],[110.172,20.054],[110.213,20.056],[110.344,20.039],[110.392,19.976],[110.388,20.018],[110.394,20.059],[110.418,20.055],[110.588,19.976],[110.589,20.072],[110.598,20.098],[110.652,20.138],[110.679,20.137],[110.745,20.059],[110.809,20.014],[110.889,19.992]]]]}},{"type":"Feature","properties":{"name":"North Korea","blocKey":"prc","blocLabel":"China-aligned","color":"#9a6b5a","certainty":"member","basis":"DPRK–PRC Treaty"},"geometry":{"type":"MultiPolygon","coordinates":[[[[128.375,38.623],[128.339,38.608],[128.279,38.524],[128.223,38.417],[128.169,38.359],[128.106,38.327],[128.039,38.309],[127.905,38.3],[127.785,38.308],[127.746,38.319],[127.579,38.313],[127.533,38.305],[127.294,38.313],[127.17,38.305],[127.09,38.284],[127.01,38.241],[126.94,38.176],[126.879,38.106],[126.754,37.979],[126.667,37.917],[126.667,37.828],[126.665,37.801],[126.634,37.782],[126.623,37.79],[126.573,37.797],[126.37,37.878],[126.203,37.829],[126.161,37.764],[126.117,37.743],[126.05,37.87],[125.942,37.874],[125.769,37.985],[125.695,37.963],[125.676,37.918],[125.582,37.815],[125.449,37.73],[125.407,37.719],[125.358,37.725],[125.365,37.748],[125.311,37.844],[125.102,37.882],[125.027,37.923],[124.989,37.931],[125.193,38.038],[125.247,38.057],[125.207,38.082],[125.163,38.094],[124.995,38.078],[124.907,38.113],[124.779,38.102],[124.691,38.129],[124.875,38.233],[124.883,38.295],[124.881,38.342],[124.974,38.48],[125.067,38.557],[125.31,38.665],[125.415,38.68],[125.492,38.676],[125.554,38.686],[125.489,38.728],[125.424,38.747],[125.299,38.743],[125.169,38.806],[125.157,38.872],[125.41,39.288],[125.413,39.326],[125.374,39.428],[125.361,39.527],[125.18,39.583],[125.1,39.59],[124.868,39.702],[124.775,39.758],[124.739,39.742],[124.732,39.652],[124.699,39.632],[124.638,39.615],[124.608,39.717],[124.557,39.791],[124.404,39.866],[124.349,39.907],[124.375,39.996],[124.362,40.004],[124.387,40.104],[124.481,40.182],[124.712,40.319],[124.772,40.384],[124.889,40.46],[124.942,40.458],[124.997,40.465],[125.013,40.498],[125.026,40.524],[125.073,40.547],[125.186,40.589],[125.314,40.645],[125.417,40.66],[125.543,40.743],[125.594,40.779],[125.645,40.779],[125.659,40.796],[125.688,40.839],[125.728,40.867],[125.784,40.872],[125.875,40.892],[125.989,40.905],[126.067,40.974],[126.093,41.024],[126.145,41.078],[126.254,41.138],[126.329,41.226],[126.412,41.321],[126.451,41.352],[126.49,41.358],[126.514,41.394],[126.54,41.496],[126.578,41.594],[126.601,41.641],[126.697,41.692],[126.722,41.717],[126.743,41.725],[126.788,41.718],[126.847,41.748],[126.904,41.781],[126.955,41.769],[127.007,41.742],[127.061,41.687],[127.085,41.644],[127.128,41.607],[127.137,41.555],[127.18,41.531],[127.271,41.52],[127.42,41.484],[127.517,41.482],[127.572,41.455],[127.688,41.44],[127.919,41.461],[128.013,41.449],[128.053,41.416],[128.111,41.389],[128.149,41.388],[128.2,41.433],[128.255,41.507],[128.291,41.563],[128.289,41.607],[128.258,41.655],[128.182,41.7],[128.132,41.769],[128.084,41.841],[128.056,41.864],[128.033,41.898],[128.029,41.952],[128.045,41.988],[128.16,42.012],[128.308,42.026],[128.427,42.011],[128.627,42.021],[128.749,42.041],[128.84,42.038],[128.923,42.038],[128.961,42.069],[129.077,42.142],[129.134,42.169],[129.196,42.218],[129.205,42.271],[129.218,42.313],[129.253,42.358],[129.314,42.414],[129.366,42.439],[129.424,42.436],[129.485,42.41],[129.524,42.385],[129.568,42.392],[129.604,42.436],[129.628,42.444],[129.698,42.448],[129.72,42.475],[129.746,42.604],[129.773,42.705],[129.779,42.777],[129.842,42.894],[129.861,42.965],[129.898,42.998],[129.941,42.996],[129.977,42.975],[130.022,42.963],[130.083,42.974],[130.125,42.956],[130.151,42.918],[130.24,42.892],[130.249,42.873],[130.247,42.745],[130.296,42.685],[130.361,42.631],[130.45,42.582],[130.498,42.571],[130.527,42.535],[130.554,42.475],[130.618,42.416],[130.652,42.373],[130.658,42.328],[130.687,42.303],[130.637,42.275],[130.569,42.292],[130.458,42.302],[130.315,42.214],[130.236,42.183],[130.18,42.097],[130.068,42.046],[130.007,41.991],[129.928,41.897],[129.876,41.806],[129.756,41.712],[129.686,41.595],[129.682,41.494],[129.759,41.392],[129.766,41.304],[129.712,41.124],[129.742,40.932],[129.709,40.857],[129.341,40.726],[129.245,40.661],[129.11,40.491],[128.945,40.428],[128.843,40.358],[128.701,40.318],[128.611,40.198],[128.511,40.13],[128.393,40.089],[128.304,40.036],[128.106,40.033],[127.967,39.996],[127.867,39.896],[127.568,39.782],[127.527,39.696],[127.547,39.563],[127.549,39.461],[127.523,39.377],[127.457,39.401],[127.422,39.374],[127.383,39.296],[127.395,39.208],[127.497,39.179],[127.581,39.143],[127.699,39.125],[127.786,39.084],[127.972,38.898],[128.123,38.816],[128.163,38.786],[128.249,38.745],[128.329,38.681],[128.375,38.623]]],[[[124.905,39.536],[124.849,39.508],[124.846,39.559],[124.89,39.602],[124.935,39.608],[124.905,39.536]]]]}},{"type":"Feature","properties":{"name":"Indonesia","blocKey":"asean","blocLabel":"ASEAN (non-aligned)","color":"#a89078","certainty":"member","basis":"ASEAN member"},"geometry":{"type":"MultiPolygon","coordinates":[[[[97.482,1.465],[97.698,1.184],[97.786,1.146],[97.903,1.018],[97.932,0.974],[97.902,0.884],[97.876,0.628],[97.82,0.564],[97.684,0.596],[97.683,0.641],[97.604,0.834],[97.461,0.941],[97.405,0.947],[97.369,1.057],[97.297,1.187],[97.079,1.425],[97.244,1.424],[97.324,1.482],[97.343,1.528],[97.356,1.54],[97.482,1.465]]],[[[99.164,-1.778],[99.072,-1.783],[98.874,-1.664],[98.828,-1.61],[98.816,-1.538],[98.627,-1.261],[98.602,-1.198],[98.676,-0.971],[98.869,-0.916],[98.933,-0.954],[98.955,-1.056],[99.065,-1.241],[99.101,-1.34],[99.129,-1.384],[99.14,-1.418],[99.131,-1.442],[99.21,-1.559],[99.267,-1.628],[99.271,-1.738],[99.164,-1.778]]],[[[116.641,-8.614],[116.514,-8.821],[116.559,-8.854],[116.587,-8.886],[116.377,-8.929],[116.29,-8.906],[116.239,-8.912],[116.027,-8.873],[115.875,-8.826],[115.857,-8.788],[115.869,-8.743],[115.914,-8.758],[116.032,-8.765],[116.076,-8.745],[116.078,-8.611],[116.061,-8.437],[116.22,-8.295],[116.304,-8.238],[116.402,-8.204],[116.647,-8.283],[116.688,-8.304],[116.719,-8.336],[116.734,-8.387],[116.641,-8.614]]],[[[115.448,-8.155],[115.549,-8.208],[115.691,-8.364],[115.704,-8.407],[115.661,-8.448],[115.56,-8.514],[115.334,-8.616],[115.295,-8.664],[115.247,-8.758],[115.236,-8.798],[115.22,-8.82],[115.194,-8.835],[115.145,-8.849],[115.092,-8.829],[115.14,-8.769],[115.142,-8.697],[115.106,-8.629],[115.055,-8.573],[114.952,-8.496],[114.842,-8.429],[114.731,-8.394],[114.613,-8.378],[114.571,-8.345],[114.502,-8.261],[114.479,-8.215],[114.468,-8.166],[114.475,-8.119],[114.504,-8.117],[114.62,-8.128],[114.833,-8.183],[114.938,-8.187],[114.998,-8.174],[115.154,-8.066],[115.191,-8.067],[115.34,-8.115],[115.448,-8.155]]],[[[106.046,-1.669],[106.08,-1.738],[106.127,-1.8],[106.162,-1.867],[106.209,-2.189],[106.366,-2.465],[106.818,-2.573],[106.744,-2.618],[106.707,-2.658],[106.679,-2.704],[106.612,-2.896],[106.619,-2.936],[106.658,-3.001],[106.667,-3.072],[106.611,-3.071],[106.547,-3.056],[106.496,-3.029],[106.449,-2.994],[106.397,-2.967],[106.342,-2.949],[106.25,-2.894],[106.126,-2.855],[105.999,-2.825],[105.937,-2.744],[105.908,-2.643],[105.939,-2.493],[105.908,-2.452],[105.862,-2.415],[105.807,-2.307],[105.786,-2.181],[105.705,-2.133],[105.599,-2.103],[105.553,-2.079],[105.343,-2.125],[105.293,-2.114],[105.248,-2.079],[105.133,-2.043],[105.138,-1.973],[105.191,-1.917],[105.316,-1.861],[105.375,-1.813],[105.387,-1.751],[105.364,-1.705],[105.373,-1.657],[105.413,-1.611],[105.46,-1.575],[105.585,-1.527],[105.64,-1.61],[105.668,-1.68],[105.701,-1.731],[105.754,-1.659],[105.72,-1.534],[105.816,-1.506],[105.91,-1.505],[105.981,-1.539],[106.027,-1.593],[106.046,-1.669]]],[[[123.18,-4.551],[123.203,-4.766],[123.196,-4.823],[123.139,-4.74],[123.119,-4.723],[123.104,-4.74],[123.084,-4.749],[123.055,-4.748],[123.018,-4.832],[123.015,-4.91],[122.987,-4.963],[122.972,-5.138],[122.981,-5.186],[123.025,-5.162],[123.051,-5.156],[123.15,-5.224],[123.202,-5.273],[123.187,-5.333],[123.121,-5.393],[123.043,-5.419],[122.986,-5.394],[122.969,-5.406],[122.935,-5.437],[122.909,-5.477],[122.916,-5.519],[122.85,-5.638],[122.812,-5.671],[122.733,-5.635],[122.684,-5.666],[122.645,-5.663],[122.585,-5.545],[122.586,-5.489],[122.642,-5.426],[122.643,-5.381],[122.67,-5.331],[122.731,-5.262],[122.767,-5.21],[122.768,-5.177],[122.794,-5.052],[122.804,-5],[122.821,-4.944],[122.849,-4.831],[122.853,-4.618],[122.947,-4.443],[123.038,-4.395],[123.075,-4.387],[123.069,-4.434],[123.18,-4.551]]],[[[122.645,-5.269],[122.619,-5.336],[122.564,-5.387],[122.52,-5.391],[122.474,-5.381],[122.392,-5.335],[122.371,-5.383],[122.307,-5.381],[122.283,-5.32],[122.329,-5.138],[122.396,-5.07],[122.39,-4.999],[122.334,-4.847],[122.369,-4.767],[122.524,-4.707],[122.66,-4.634],[122.702,-4.619],[122.74,-4.675],[122.76,-4.934],[122.614,-5.139],[122.645,-5.269]]],[[[108.316,3.69],[108.18,3.653],[108.1,3.705],[108.186,3.768],[108.216,3.772],[108.236,3.785],[108.243,3.81],[108.088,3.852],[108.045,3.889],[108.002,3.983],[108.004,4.043],[108.202,4.2],[108.248,4.217],[108.256,4.152],[108.393,3.986],[108.399,3.876],[108.394,3.836],[108.316,3.69]]],[[[108.207,-2.998],[108.192,-3.103],[108.167,-3.143],[108.084,-3.195],[108.055,-3.227],[107.977,-3.222],[107.967,-3.167],[107.941,-3.129],[107.858,-3.086],[107.837,-3.097],[107.822,-3.161],[107.66,-3.206],[107.614,-3.209],[107.637,-3.125],[107.595,-3.058],[107.592,-2.977],[107.584,-2.941],[107.563,-2.92],[107.605,-2.863],[107.598,-2.8],[107.642,-2.732],[107.666,-2.566],[107.838,-2.53],[107.875,-2.56],[108.074,-2.597],[108.215,-2.697],[108.291,-2.83],[108.207,-2.998]]],[[[135.383,-0.651],[135.596,-0.69],[135.673,-0.688],[135.749,-0.733],[135.841,-0.712],[135.894,-0.726],[136.069,-0.878],[136.155,-0.978],[136.283,-1.065],[136.375,-1.094],[136.305,-1.173],[136.165,-1.215],[136.11,-1.217],[136.003,-1.17],[135.915,-1.178],[135.839,-1.119],[135.826,-1.028],[135.747,-0.823],[135.646,-0.882],[135.524,-0.787],[135.491,-0.785],[135.483,-0.801],[135.432,-0.769],[135.388,-0.705],[135.383,-0.651]]],[[[135.474,-1.592],[135.869,-1.642],[135.976,-1.636],[136.202,-1.655],[136.39,-1.722],[136.719,-1.734],[136.817,-1.754],[136.893,-1.8],[136.709,-1.838],[136.622,-1.873],[136.461,-1.89],[136.326,-1.872],[136.228,-1.894],[136.193,-1.859],[136.049,-1.824],[135.866,-1.752],[135.488,-1.668],[135.47,-1.616],[135.474,-1.592]]],[[[130.813,-0.004],[130.987,-0.047],[131.026,-0.04],[131.277,-0.15],[131.317,-0.204],[131.303,-0.241],[131.34,-0.29],[131.258,-0.366],[131.218,-0.374],[131.178,-0.346],[131.098,-0.33],[131.005,-0.361],[130.946,-0.338],[130.897,-0.268],[130.808,-0.226],[130.683,-0.081],[130.622,-0.086],[130.638,-0.143],[130.691,-0.181],[130.761,-0.291],[130.802,-0.302],[130.843,-0.298],[130.899,-0.344],[130.896,-0.416],[130.75,-0.444],[130.7,-0.392],[130.689,-0.297],[130.607,-0.329],[130.575,-0.362],[130.551,-0.366],[130.496,-0.267],[130.341,-0.262],[130.237,-0.21],[130.288,-0.155],[130.295,-0.101],[130.363,-0.073],[130.431,-0.098],[130.5,-0.06],[130.548,-0.07],[130.584,-0.045],[130.722,-0.03],[130.813,-0.004]]],[[[128.454,2.052],[128.296,2.035],[128.26,2.083],[128.218,2.297],[128.33,2.469],[128.472,2.571],[128.569,2.596],[128.602,2.598],[128.688,2.474],[128.623,2.224],[128.548,2.097],[128.454,2.052]]],[[[128.153,-1.661],[128.092,-1.701],[128.061,-1.712],[127.914,-1.685],[127.741,-1.691],[127.562,-1.729],[127.458,-1.697],[127.392,-1.645],[127.395,-1.59],[127.457,-1.454],[127.592,-1.351],[127.647,-1.332],[127.743,-1.36],[127.905,-1.439],[128.033,-1.532],[128.149,-1.604],[128.153,-1.661]]],[[[126.055,-2.451],[126.038,-2.469],[125.978,-2.415],[125.938,-2.263],[125.903,-2.222],[125.863,-2.077],[125.873,-2.036],[125.923,-1.975],[125.963,-1.976],[125.993,-2.012],[125.976,-2.168],[126.066,-2.366],[126.055,-2.451]]],[[[126.024,-1.79],[126.332,-1.823],[126.288,-1.859],[125.956,-1.917],[125.839,-1.906],[125.479,-1.94],[125.433,-1.938],[125.426,-1.882],[125.387,-1.843],[125.445,-1.809],[125.521,-1.801],[125.72,-1.814],[126.024,-1.79]]],[[[124.97,-1.705],[125.063,-1.741],[125.096,-1.741],[125.127,-1.699],[125.146,-1.693],[125.188,-1.713],[125.198,-1.78],[125.258,-1.771],[125.305,-1.794],[125.32,-1.81],[125.314,-1.877],[125.135,-1.889],[125.007,-1.943],[124.834,-1.894],[124.639,-1.978],[124.521,-2.007],[124.418,-2.005],[124.33,-1.859],[124.381,-1.687],[124.418,-1.659],[124.483,-1.644],[124.664,-1.636],[124.97,-1.705]]],[[[131.326,-8],[131.309,-8.011],[131.185,-7.998],[131.114,-7.997],[131.123,-7.922],[131.087,-7.865],[131.137,-7.782],[131.138,-7.685],[131.19,-7.672],[131.197,-7.617],[131.26,-7.471],[131.297,-7.438],[131.349,-7.425],[131.411,-7.34],[131.446,-7.315],[131.483,-7.251],[131.535,-7.221],[131.531,-7.165],[131.561,-7.136],[131.643,-7.113],[131.701,-7.14],[131.736,-7.197],[131.644,-7.267],[131.691,-7.439],[131.624,-7.626],[131.58,-7.682],[131.498,-7.731],[131.474,-7.777],[131.377,-7.869],[131.348,-7.948],[131.343,-7.981],[131.326,-8]]],[[[126.801,-7.668],[126.814,-7.717],[126.813,-7.738],[126.693,-7.754],[126.577,-7.808],[126.518,-7.87],[126.472,-7.95],[126.313,-7.918],[126.171,-7.912],[126.108,-7.884],[126.04,-7.886],[125.952,-7.911],[125.826,-7.979],[125.798,-7.985],[125.808,-7.881],[125.843,-7.817],[125.975,-7.663],[126.085,-7.697],[126.214,-7.707],[126.359,-7.677],[126.463,-7.608],[126.61,-7.572],[126.726,-7.662],[126.801,-7.668]]],[[[124.576,-8.141],[124.6,-8.202],[124.677,-8.168],[124.752,-8.16],[124.924,-8.166],[125.05,-8.18],[125.125,-8.205],[125.132,-8.326],[125.097,-8.353],[124.444,-8.445],[124.381,-8.415],[124.356,-8.386],[124.426,-8.296],[124.394,-8.253],[124.431,-8.183],[124.509,-8.135],[124.576,-8.141]]],[[[131.002,-1.316],[130.967,-1.343],[130.845,-1.317],[130.782,-1.255],[130.739,-1.173],[130.712,-1.104],[130.704,-1.05],[130.668,-0.984],[130.673,-0.96],[130.897,-0.89],[130.939,-0.915],[131.033,-0.918],[131.074,-0.968],[131.046,-1.188],[131.002,-1.316]]],[[[96.493,5.229],[96.615,5.22],[96.843,5.274],[96.968,5.269],[97.086,5.23],[97.19,5.207],[97.451,5.236],[97.5,5.228],[97.547,5.206],[97.588,5.17],[97.707,5.04],[97.908,4.88],[97.967,4.777],[98,4.662],[98.021,4.635],[98.248,4.415],[98.273,4.322],[98.241,4.195],[98.307,4.093],[98.528,3.998],[98.659,3.928],[98.687,3.886],[98.706,3.835],[98.778,3.759],[98.869,3.71],[99.151,3.581],[99.521,3.311],[99.732,3.183],[99.907,2.988],[99.969,2.895],[100.021,2.794],[100.127,2.648],[100.307,2.467],[100.353,2.411],[100.401,2.332],[100.457,2.257],[100.524,2.189],[100.604,2.137],[100.685,2.12],[100.817,1.989],[100.888,1.948],[100.877,2.051],[100.817,2.14],[100.818,2.194],[100.828,2.243],[100.877,2.283],[100.936,2.295],[101.046,2.257],[101.225,2.102],[101.301,2.012],[101.358,1.887],[101.405,1.757],[101.477,1.693],[101.575,1.671],[101.684,1.661],[101.785,1.621],[102.02,1.442],[102.098,1.358],[102.157,1.259],[102.198,1.142],[102.223,1.019],[102.239,0.99],[102.39,0.842],[102.469,0.779],[102.566,0.749],[102.849,0.715],[102.949,0.664],[103.032,0.579],[103.067,0.492],[103.008,0.415],[102.786,0.298],[102.55,0.216],[102.78,0.244],[102.896,0.279],[103.003,0.332],[103.109,0.4],[103.277,0.495],[103.339,0.514],[103.412,0.507],[103.479,0.48],[103.579,0.387],[103.673,0.289],[103.743,0.174],[103.787,0.047],[103.706,-0.02],[103.589,-0.069],[103.429,-0.192],[103.412,-0.24],[103.444,-0.272],[103.405,-0.362],[103.495,-0.418],[103.509,-0.466],[103.431,-0.534],[103.439,-0.576],[103.533,-0.755],[103.578,-0.796],[103.721,-0.887],[103.94,-0.979],[104.061,-1.021],[104.199,-1.054],[104.258,-1.053],[104.361,-1.038],[104.381,-1.074],[104.426,-1.251],[104.447,-1.362],[104.478,-1.6],[104.519,-1.699],[104.516,-1.819],[104.569,-1.922],[104.676,-1.987],[104.791,-2.041],[104.845,-2.093],[104.845,-2.172],[104.826,-2.234],[104.787,-2.283],[104.668,-2.386],[104.647,-2.43],[104.631,-2.543],[104.651,-2.595],[104.698,-2.598],[104.736,-2.571],[104.878,-2.419],[104.917,-2.392],[104.971,-2.371],[105.026,-2.358],[105.287,-2.356],[105.397,-2.38],[105.495,-2.43],[105.582,-2.492],[105.899,-2.888],[106.044,-3.106],[106.056,-3.161],[106.058,-3.217],[106.034,-3.261],[105.901,-3.41],[105.885,-3.451],[105.844,-3.614],[105.852,-3.731],[105.896,-3.78],[105.93,-3.833],[105.928,-3.881],[105.841,-4.122],[105.831,-4.163],[105.887,-4.554],[105.891,-4.66],[105.879,-4.794],[105.887,-5.01],[105.816,-5.677],[105.803,-5.716],[105.748,-5.818],[105.677,-5.818],[105.619,-5.8],[105.578,-5.761],[105.556,-5.712],[105.523,-5.673],[105.349,-5.55],[105.304,-5.57],[105.128,-5.723],[105.081,-5.746],[105.023,-5.727],[104.93,-5.681],[104.64,-5.52],[104.622,-5.572],[104.618,-5.642],[104.676,-5.816],[104.684,-5.893],[104.631,-5.908],[104.602,-5.905],[104.481,-5.803],[104.37,-5.691],[104.243,-5.539],[104.15,-5.467],[104.067,-5.386],[103.831,-5.08],[103.77,-5.033],[103.406,-4.816],[103.332,-4.765],[103.239,-4.676],[103.139,-4.596],[102.919,-4.471],[102.538,-4.152],[102.372,-3.969],[102.188,-3.675],[102.128,-3.599],[101.818,-3.378],[101.649,-3.244],[101.579,-3.167],[101.414,-2.899],[101.366,-2.808],[101.306,-2.729],[101.206,-2.664],[101.119,-2.588],[100.944,-2.345],[100.89,-2.249],[100.848,-2.144],[100.855,-1.934],[100.487,-1.299],[100.394,-1.101],[100.308,-0.827],[100.289,-0.799],[100.088,-0.553],[100.017,-0.474],[99.931,-0.4],[99.86,-0.314],[99.721,-0.033],[99.67,0.045],[99.598,0.102],[99.335,0.209],[99.236,0.268],[99.159,0.352],[99.112,0.459],[99.06,0.686],[98.936,1.032],[98.796,1.495],[98.703,1.702],[98.595,1.865],[98.564,1.902],[98.087,2.195],[98.005,2.238],[97.919,2.264],[97.795,2.283],[97.701,2.359],[97.662,2.494],[97.641,2.676],[97.617,2.785],[97.591,2.847],[97.391,2.975],[97.313,3.077],[97.248,3.189],[97.188,3.276],[96.969,3.575],[96.894,3.654],[96.801,3.709],[96.525,3.767],[96.445,3.816],[96.311,3.986],[96.23,4.073],[95.988,4.263],[95.579,4.662],[95.495,4.761],[95.432,4.865],[95.381,4.976],[95.207,5.284],[95.221,5.346],[95.247,5.411],[95.243,5.464],[95.224,5.517],[95.228,5.565],[95.28,5.593],[95.396,5.629],[95.517,5.625],[95.629,5.609],[95.737,5.579],[95.841,5.515],[96.027,5.351],[96.133,5.294],[96.251,5.267],[96.493,5.229]]],[[[122.783,-8.612],[122.642,-8.647],[122.554,-8.681],[122.47,-8.725],[122.417,-8.735],[122.321,-8.738],[122.186,-8.73],[122.094,-8.745],[121.839,-8.86],[121.738,-8.87],[121.651,-8.899],[121.621,-8.854],[121.585,-8.821],[121.5,-8.812],[121.415,-8.815],[121.328,-8.917],[121.191,-8.896],[121.138,-8.904],[121.086,-8.926],[121.035,-8.935],[120.982,-8.928],[120.781,-8.849],[120.55,-8.802],[120.32,-8.82],[120.121,-8.777],[120.012,-8.81],[119.909,-8.858],[119.879,-8.808],[119.841,-8.764],[119.808,-8.698],[119.807,-8.623],[119.818,-8.571],[119.848,-8.523],[119.866,-8.473],[119.875,-8.42],[119.918,-8.445],[119.964,-8.436],[120.099,-8.378],[120.231,-8.29],[120.354,-8.258],[120.425,-8.249],[120.486,-8.266],[120.547,-8.26],[120.61,-8.24],[120.71,-8.308],[120.751,-8.321],[120.886,-8.327],[121.009,-8.366],[121.118,-8.424],[121.277,-8.478],[121.372,-8.551],[121.445,-8.578],[121.498,-8.585],[121.548,-8.575],[121.61,-8.526],[121.683,-8.506],[121.747,-8.507],[121.863,-8.494],[121.912,-8.482],[121.967,-8.455],[122.02,-8.472],[122.067,-8.497],[122.263,-8.625],[122.323,-8.628],[122.433,-8.601],[122.467,-8.566],[122.484,-8.514],[122.514,-8.47],[122.556,-8.432],[122.604,-8.402],[122.75,-8.353],[122.85,-8.304],[122.919,-8.222],[122.759,-8.186],[122.792,-8.127],[122.846,-8.093],[122.917,-8.106],[122.978,-8.152],[123.006,-8.329],[122.955,-8.354],[122.924,-8.381],[122.902,-8.416],[122.811,-8.481],[122.847,-8.562],[122.82,-8.596],[122.783,-8.612]]],[[[120.013,-9.375],[120.058,-9.42],[120.221,-9.506],[120.248,-9.543],[120.258,-9.603],[120.291,-9.648],[120.365,-9.655],[120.444,-9.646],[120.504,-9.674],[120.556,-9.719],[120.633,-9.806],[120.7,-9.903],[120.784,-9.957],[120.833,-10.037],[120.804,-10.108],[120.698,-10.207],[120.64,-10.228],[120.562,-10.236],[120.439,-10.294],[120.395,-10.263],[120.255,-10.242],[120.145,-10.2],[120.052,-10.123],[119.998,-10.04],[119.931,-9.967],[119.813,-9.917],[119.601,-9.774],[119.47,-9.761],[119.417,-9.771],[119.363,-9.772],[119.085,-9.707],[119.042,-9.669],[119.008,-9.621],[118.977,-9.573],[118.959,-9.519],[118.994,-9.472],[119.031,-9.44],[119.186,-9.384],[119.296,-9.367],[119.424,-9.37],[119.615,-9.352],[119.795,-9.38],[119.851,-9.36],[119.942,-9.301],[119.974,-9.322],[120.013,-9.375]]],[[[118.242,-8.318],[118.292,-8.357],[118.338,-8.354],[118.433,-8.293],[118.491,-8.271],[118.552,-8.27],[118.612,-8.281],[118.671,-8.323],[118.692,-8.393],[118.714,-8.415],[118.748,-8.331],[118.794,-8.306],[118.846,-8.293],[118.926,-8.298],[118.988,-8.338],[119.044,-8.457],[119.042,-8.561],[119.063,-8.6],[119.101,-8.628],[119.13,-8.668],[119.104,-8.71],[119.079,-8.73],[119.006,-8.75],[118.971,-8.741],[118.939,-8.713],[118.903,-8.703],[118.821,-8.712],[118.746,-8.735],[118.756,-8.774],[118.818,-8.791],[118.837,-8.809],[118.833,-8.833],[118.808,-8.838],[118.728,-8.805],[118.674,-8.812],[118.479,-8.856],[118.427,-8.855],[118.398,-8.813],[118.4,-8.704],[118.379,-8.675],[118.234,-8.808],[118.19,-8.841],[118.132,-8.856],[118.071,-8.851],[117.861,-8.931],[117.795,-8.92],[117.732,-8.92],[117.508,-9.008],[117.388,-9.032],[117.326,-9.034],[117.265,-9.026],[117.21,-9.034],[117.161,-9.069],[117.061,-9.099],[116.958,-9.076],[116.871,-9.046],[116.788,-9.006],[116.768,-8.955],[116.772,-8.894],[116.807,-8.811],[116.783,-8.665],[116.801,-8.598],[116.835,-8.532],[116.886,-8.508],[116.953,-8.503],[117.064,-8.444],[117.165,-8.367],[117.224,-8.375],[117.357,-8.429],[117.435,-8.435],[117.567,-8.426],[117.622,-8.46],[117.643,-8.536],[117.673,-8.563],[117.712,-8.583],[117.806,-8.711],[117.893,-8.704],[117.97,-8.728],[118.104,-8.65],[118.206,-8.652],[118.235,-8.592],[118.174,-8.528],[118.1,-8.475],[118.061,-8.464],[118.018,-8.467],[117.979,-8.459],[117.815,-8.342],[117.766,-8.279],[117.738,-8.205],[117.755,-8.15],[117.868,-8.101],[117.921,-8.089],[118.117,-8.122],[118.151,-8.15],[118.203,-8.267],[118.242,-8.318]]],[[[124.889,0.995],[124.698,0.826],[124.64,0.744],[124.589,0.655],[124.514,0.557],[124.428,0.471],[124.384,0.445],[124.278,0.398],[124.217,0.38],[124.101,0.375],[123.754,0.306],[123.64,0.297],[123.526,0.3],[123.31,0.318],[123.265,0.327],[123.179,0.416],[123.083,0.486],[122.997,0.494],[122.91,0.486],[122.281,0.481],[122.061,0.468],[121.842,0.437],[121.723,0.451],[121.605,0.486],[121.516,0.498],[121.426,0.495],[121.013,0.442],[120.909,0.447],[120.7,0.515],[120.579,0.528],[120.46,0.51],[120.349,0.449],[120.307,0.408],[120.192,0.269],[120.127,0.167],[120.078,0.04],[120.036,-0.09],[120.013,-0.196],[120.012,-0.307],[120.032,-0.432],[120.063,-0.556],[120.097,-0.65],[120.241,-0.868],[120.27,-0.899],[120.425,-0.961],[120.518,-1.039],[120.605,-1.258],[120.667,-1.37],[120.729,-1.371],[120.797,-1.364],[120.916,-1.378],[121.034,-1.407],[121.149,-1.339],[121.213,-1.212],[121.277,-1.118],[121.431,-0.939],[121.519,-0.856],[121.576,-0.829],[121.633,-0.84],[121.681,-0.888],[121.738,-0.926],[121.853,-0.946],[121.97,-0.933],[122.094,-0.875],[122.138,-0.839],[122.175,-0.794],[122.28,-0.757],[122.53,-0.757],[122.659,-0.77],[122.889,-0.755],[122.886,-0.722],[122.841,-0.687],[122.829,-0.659],[122.872,-0.641],[123.02,-0.6],[123.171,-0.571],[123.281,-0.592],[123.38,-0.649],[123.417,-0.707],[123.434,-0.778],[123.396,-0.962],[123.378,-1.004],[123.3,-1.026],[123.226,-1.002],[123.153,-0.907],[123.049,-0.872],[122.903,-0.901],[122.853,-0.928],[122.807,-0.966],[122.725,-1.064],[122.656,-1.175],[122.507,-1.348],[122.334,-1.498],[122.251,-1.555],[122.158,-1.594],[121.859,-1.693],[121.78,-1.767],[121.719,-1.863],[121.651,-1.895],[121.573,-1.906],[121.514,-1.888],[121.395,-1.834],[121.355,-1.878],[121.349,-1.946],[121.408,-1.97],[121.502,-2.045],[121.575,-2.151],[121.622,-2.174],[121.726,-2.208],[121.77,-2.241],[121.848,-2.332],[121.972,-2.542],[122.014,-2.656],[122.083,-2.75],[122.292,-2.908],[122.303,-2.952],[122.29,-3.004],[122.307,-3.052],[122.381,-3.142],[122.399,-3.201],[122.317,-3.275],[122.313,-3.383],[122.263,-3.527],[122.251,-3.576],[122.253,-3.62],[122.288,-3.662],[122.329,-3.694],[122.385,-3.711],[122.435,-3.74],[122.529,-3.853],[122.579,-3.882],[122.61,-3.923],[122.607,-3.985],[122.65,-4.021],[122.69,-4.084],[122.75,-4.1],[122.779,-4.082],[122.798,-4.054],[122.848,-4.065],[122.877,-4.109],[122.894,-4.166],[122.9,-4.229],[122.897,-4.349],[122.872,-4.392],[122.818,-4.39],[122.72,-4.341],[122.715,-4.376],[122.722,-4.411],[122.672,-4.422],[122.615,-4.417],[122.471,-4.422],[122.207,-4.496],[122.114,-4.54],[122.054,-4.62],[122.05,-4.675],[122.073,-4.792],[122.038,-4.832],[121.917,-4.848],[121.748,-4.817],[121.646,-4.786],[121.589,-4.76],[121.514,-4.681],[121.487,-4.581],[121.541,-4.283],[121.557,-4.245],[121.583,-4.211],[121.612,-4.156],[121.618,-4.093],[121.537,-4.015],[121.416,-3.984],[121.313,-3.919],[120.914,-3.556],[120.892,-3.521],[120.891,-3.46],[120.907,-3.404],[121.038,-3.205],[121.054,-3.167],[121.07,-3.01],[121.067,-2.881],[121.052,-2.752],[120.99,-2.67],[120.879,-2.646],[120.765,-2.642],[120.654,-2.668],[120.544,-2.733],[120.341,-2.87],[120.261,-2.949],[120.254,-3.053],[120.3,-3.154],[120.36,-3.247],[120.392,-3.348],[120.437,-3.707],[120.435,-3.748],[120.383,-3.852],[120.363,-4.086],[120.385,-4.415],[120.42,-4.617],[120.405,-4.727],[120.31,-4.963],[120.281,-5.093],[120.279,-5.146],[120.391,-5.393],[120.417,-5.49],[120.43,-5.591],[120.312,-5.542],[120.256,-5.544],[120.201,-5.559],[120.077,-5.575],[119.952,-5.578],[119.908,-5.596],[119.818,-5.662],[119.764,-5.688],[119.717,-5.693],[119.557,-5.611],[119.463,-5.522],[119.376,-5.425],[119.36,-5.314],[119.391,-5.201],[119.434,-5.079],[119.52,-4.877],[119.516,-4.742],[119.545,-4.631],[119.594,-4.523],[119.612,-4.424],[119.624,-4.034],[119.611,-4],[119.494,-3.769],[119.48,-3.73],[119.479,-3.667],[119.492,-3.608],[119.495,-3.554],[119.467,-3.513],[119.42,-3.475],[119.362,-3.459],[119.24,-3.475],[118.995,-3.538],[118.922,-3.483],[118.868,-3.398],[118.833,-3.28],[118.813,-3.157],[118.822,-3.041],[118.858,-2.929],[118.829,-2.85],[118.784,-2.765],[118.783,-2.721],[118.809,-2.682],[118.853,-2.65],[118.908,-2.631],[118.958,-2.597],[119.092,-2.483],[119.135,-2.382],[119.138,-2.258],[119.172,-2.14],[119.241,-2.031],[119.322,-1.93],[119.348,-1.825],[119.308,-1.66],[119.324,-1.584],[119.31,-1.496],[119.309,-1.408],[119.359,-1.243],[119.508,-0.907],[119.654,-0.728],[119.711,-0.681],[119.787,-0.764],[119.844,-0.862],[119.845,-0.773],[119.83,-0.686],[119.772,-0.484],[119.722,-0.088],[119.736,-0.051],[119.787,-0.057],[119.838,-0.022],[119.866,0.04],[119.812,0.187],[119.809,0.239],[119.913,0.445],[119.998,0.52],[120.035,0.567],[120.056,0.693],[120.101,0.74],[120.157,0.774],[120.23,0.861],[120.27,0.971],[120.294,0.979],[120.322,0.983],[120.367,0.888],[120.416,0.849],[120.517,0.818],[120.603,0.854],[120.626,0.902],[120.659,0.944],[120.711,0.987],[120.755,1.036],[120.804,1.149],[120.868,1.253],[120.912,1.289],[120.965,1.312],[121.025,1.326],[121.082,1.328],[121.208,1.263],[121.282,1.25],[121.357,1.255],[121.404,1.244],[121.44,1.214],[121.473,1.156],[121.513,1.105],[121.551,1.08],[121.592,1.068],[121.867,1.089],[122.108,1.031],[122.437,1.018],[122.549,0.984],[122.657,0.941],[122.79,0.863],[122.838,0.846],[122.892,0.85],[122.96,0.923],[123.013,0.939],[123.067,0.942],[123.278,0.928],[123.847,0.838],[123.931,0.85],[124.274,1.022],[124.411,1.185],[124.534,1.23],[124.575,1.304],[124.6,1.392],[124.644,1.416],[124.747,1.441],[124.788,1.468],[124.861,1.576],[124.947,1.672],[124.989,1.701],[125.111,1.686],[125.165,1.644],[125.234,1.502],[125.222,1.479],[125.141,1.408],[125.117,1.379],[125.028,1.18],[124.967,1.083],[124.889,0.995]]],[[[107.374,-6.008],[107.475,-6.122],[107.563,-6.183],[107.667,-6.216],[107.776,-6.219],[107.884,-6.233],[108.009,-6.277],[108.138,-6.297],[108.197,-6.289],[108.254,-6.267],[108.295,-6.265],[108.33,-6.286],[108.419,-6.383],[108.516,-6.471],[108.538,-6.516],[108.604,-6.729],[108.678,-6.791],[108.78,-6.808],[108.899,-6.808],[109.018,-6.817],[109.294,-6.867],[109.404,-6.86],[109.501,-6.81],[109.587,-6.843],[109.821,-6.902],[109.936,-6.916],[110.067,-6.899],[110.198,-6.895],[110.261,-6.912],[110.321,-6.938],[110.373,-6.948],[110.426,-6.947],[110.521,-6.897],[110.584,-6.806],[110.634,-6.69],[110.674,-6.57],[110.701,-6.518],[110.737,-6.472],[110.784,-6.443],[110.835,-6.424],[110.972,-6.436],[111.001,-6.465],[111.154,-6.669],[111.182,-6.687],[111.342,-6.7],[111.387,-6.693],[111.484,-6.652],[111.54,-6.648],[111.644,-6.699],[111.688,-6.742],[111.738,-6.773],[111.99,-6.806],[112.087,-6.893],[112.137,-6.905],[112.312,-6.894],[112.434,-6.903],[112.539,-6.926],[112.587,-7.051],[112.626,-7.178],[112.649,-7.221],[112.752,-7.265],[112.794,-7.304],[112.783,-7.432],[112.795,-7.552],[113.014,-7.658],[113.248,-7.718],[113.498,-7.724],[113.747,-7.703],[113.876,-7.677],[114.037,-7.632],[114.071,-7.633],[114.383,-7.771],[114.409,-7.792],[114.444,-7.896],[114.443,-8.005],[114.385,-8.263],[114.381,-8.334],[114.387,-8.405],[114.449,-8.559],[114.482,-8.604],[114.595,-8.685],[114.599,-8.727],[114.584,-8.77],[114.459,-8.741],[114.383,-8.705],[114.339,-8.647],[114.277,-8.615],[114.16,-8.626],[113.94,-8.568],[113.693,-8.478],[113.253,-8.287],[113.134,-8.288],[113.019,-8.313],[112.898,-8.361],[112.772,-8.396],[112.679,-8.409],[112.586,-8.4],[112.352,-8.354],[112.115,-8.324],[111.51,-8.305],[111.339,-8.262],[111.055,-8.24],[110.83,-8.202],[110.607,-8.149],[110.039,-7.891],[109.853,-7.828],[109.282,-7.705],[109.194,-7.695],[108.987,-7.704],[108.856,-7.668],[108.741,-7.667],[108.571,-7.707],[108.518,-7.736],[108.452,-7.797],[108.336,-7.794],[108.221,-7.782],[107.917,-7.724],[107.804,-7.688],[107.696,-7.636],[107.598,-7.567],[107.547,-7.542],[107.285,-7.472],[107.071,-7.447],[106.631,-7.416],[106.535,-7.394],[106.455,-7.369],[106.411,-7.312],[106.417,-7.239],[106.448,-7.177],[106.492,-7.114],[106.52,-7.054],[106.198,-6.928],[105.944,-6.859],[105.835,-6.846],[105.725,-6.846],[105.601,-6.86],[105.478,-6.854],[105.421,-6.833],[105.362,-6.826],[105.303,-6.841],[105.255,-6.835],[105.243,-6.778],[105.273,-6.729],[105.336,-6.674],[105.371,-6.664],[105.387,-6.751],[105.405,-6.768],[105.46,-6.787],[105.484,-6.782],[105.581,-6.671],[105.608,-6.617],[105.655,-6.47],[105.706,-6.498],[105.757,-6.48],[105.787,-6.457],[105.868,-6.116],[105.936,-6.017],[106.029,-5.934],[106.075,-5.914],[106.166,-5.965],[106.35,-5.984],[106.459,-6.018],[106.569,-6.022],[106.676,-6.038],[106.825,-6.098],[106.878,-6.092],[106.932,-6.073],[107.012,-6.008],[107.046,-5.904],[107.162,-5.957],[107.332,-5.978],[107.374,-6.008]]],[[[109.629,2.028],[109.539,1.896],[109.549,1.848],[109.571,1.806],[109.636,1.777],[109.654,1.615],[109.736,1.523],[109.818,1.439],[109.879,1.398],[109.945,1.338],[109.992,1.283],[110.041,1.236],[110.115,1.19],[110.315,0.996],[110.399,0.939],[110.461,0.882],[110.506,0.862],[110.615,0.878],[110.938,1.017],[110.996,1.026],[111.101,1.051],[111.287,1.043],[111.483,0.996],[111.547,0.994],[111.607,1.023],[111.691,1.014],[111.77,0.999],[111.809,1.012],[111.923,1.113],[112.079,1.143],[112.129,1.244],[112.167,1.338],[112.186,1.439],[112.251,1.48],[112.342,1.515],[112.476,1.559],[112.943,1.567],[112.988,1.548],[112.998,1.496],[112.988,1.457],[113.007,1.434],[113.069,1.432],[113.126,1.408],[113.359,1.327],[113.458,1.302],[113.513,1.308],[113.622,1.236],[113.682,1.261],[113.76,1.311],[113.835,1.38],[113.902,1.434],[114,1.455],[114.126,1.452],[114.275,1.471],[114.387,1.5],[114.513,1.452],[114.546,1.467],[114.567,1.514],[114.632,1.617],[114.661,1.686],[114.686,1.819],[114.704,1.851],[114.751,1.869],[114.8,1.894],[114.813,1.934],[114.831,1.98],[114.816,2.019],[114.788,2.052],[114.759,2.162],[114.768,2.213],[114.786,2.25],[114.836,2.269],[114.969,2.351],[115.087,2.446],[115.151,2.493],[115.179,2.523],[115.181,2.567],[115.13,2.612],[115.081,2.634],[115.077,2.687],[115.079,2.723],[115.094,2.758],[115.087,2.791],[115.086,2.841],[115.118,2.895],[115.19,2.974],[115.247,3.026],[115.31,2.994],[115.384,3.009],[115.454,3.034],[115.493,3.128],[115.499,3.173],[115.49,3.209],[115.514,3.342],[115.52,3.362],[115.566,3.446],[115.571,3.502],[115.545,3.634],[115.561,3.733],[115.568,3.939],[115.596,3.976],[115.628,4.082],[115.679,4.193],[115.782,4.254],[115.837,4.333],[115.861,4.348],[115.896,4.349],[116.022,4.291],[116.134,4.355],[116.236,4.363],[116.32,4.354],[116.368,4.327],[116.415,4.308],[116.515,4.371],[116.553,4.36],[116.589,4.338],[116.639,4.339],[116.698,4.355],[116.844,4.34],[117.101,4.337],[117.278,4.299],[117.451,4.193],[117.537,4.171],[117.574,4.171],[117.566,4.162],[117.497,4.133],[117.465,4.076],[117.559,3.988],[117.566,3.93],[117.639,3.878],[117.728,3.797],[117.732,3.77],[117.762,3.734],[117.777,3.689],[117.714,3.645],[117.63,3.636],[117.567,3.678],[117.51,3.73],[117.495,3.666],[117.45,3.629],[117.288,3.639],[117.172,3.639],[117.056,3.623],[117.114,3.613],[117.166,3.592],[117.346,3.427],[117.385,3.365],[117.322,3.244],[117.352,3.194],[117.422,3.165],[117.507,3.105],[117.567,3.098],[117.611,3.064],[117.612,3.005],[117.638,2.951],[117.569,2.929],[117.637,2.915],[117.698,2.887],[117.665,2.859],[117.639,2.825],[117.667,2.807],[117.75,2.776],[117.786,2.747],[117.805,2.669],[117.886,2.542],[118.034,2.378],[118.067,2.318],[118.066,2.263],[118.042,2.215],[117.957,2.16],[117.889,2.087],[117.881,2.061],[117.789,2.027],[117.831,2.002],[117.865,1.968],[117.928,1.867],[118.08,1.702],[118.157,1.64],[118.472,1.416],[118.639,1.319],[118.853,1.096],[118.963,1.044],[118.985,0.982],[118.892,0.887],[118.757,0.839],[118.535,0.814],[118.312,0.847],[118.196,0.874],[118.096,0.929],[118.016,1.039],[117.912,1.099],[117.952,1.032],[117.977,0.964],[117.964,0.89],[117.923,0.831],[117.853,0.789],[117.777,0.754],[117.745,0.73],[117.553,0.341],[117.522,0.236],[117.464,-0.2],[117.463,-0.324],[117.549,-0.554],[117.557,-0.675],[117.574,-0.728],[117.563,-0.771],[117.522,-0.797],[117.357,-0.867],[117.241,-0.926],[117.146,-1.009],[117.07,-1.113],[117.003,-1.188],[116.914,-1.224],[116.849,-1.218],[116.797,-1.184],[116.761,-1.117],[116.74,-1.044],[116.726,-1.098],[116.729,-1.151],[116.759,-1.207],[116.771,-1.267],[116.753,-1.327],[116.715,-1.376],[116.612,-1.429],[116.554,-1.474],[116.545,-1.553],[116.518,-1.598],[116.478,-1.633],[116.332,-1.712],[116.3,-1.744],[116.275,-1.785],[116.353,-1.779],[116.424,-1.785],[116.43,-1.864],[116.452,-1.923],[116.424,-2.053],[116.314,-2.14],[116.369,-2.158],[116.418,-2.187],[116.528,-2.208],[116.565,-2.3],[116.549,-2.411],[116.529,-2.511],[116.45,-2.538],[116.401,-2.52],[116.353,-2.522],[116.317,-2.552],[116.307,-2.603],[116.375,-2.578],[116.372,-2.707],[116.353,-2.833],[116.331,-2.902],[116.289,-2.959],[116.226,-2.977],[116.166,-2.935],[116.154,-2.984],[116.172,-3.025],[116.257,-3.126],[116.205,-3.149],[116.167,-3.183],[116.15,-3.233],[116.058,-3.348],[116.017,-3.433],[115.999,-3.523],[115.956,-3.595],[115.258,-3.907],[114.694,-4.17],[114.653,-4.152],[114.625,-4.112],[114.606,-3.703],[114.536,-3.494],[114.526,-3.377],[114.446,-3.482],[114.397,-3.471],[114.344,-3.444],[114.305,-3.41],[114.302,-3.365],[114.344,-3.235],[114.293,-3.306],[114.236,-3.361],[114.178,-3.354],[114.128,-3.327],[114.109,-3.285],[114.082,-3.279],[113.959,-3.394],[113.796,-3.456],[113.705,-3.455],[113.634,-3.42],[113.637,-3.332],[113.63,-3.246],[113.61,-3.196],[113.566,-3.178],[113.526,-3.184],[113.409,-3.229],[113.367,-3.224],[113.343,-3.246],[113.034,-2.933],[112.971,-3.187],[112.758,-3.322],[112.6,-3.4],[112.444,-3.371],[112.285,-3.321],[112.127,-3.381],[111.955,-3.53],[111.907,-3.553],[111.858,-3.552],[111.822,-3.533],[111.834,-3.42],[111.836,-3.308],[111.823,-3.057],[111.809,-3.008],[111.76,-2.939],[111.695,-2.889],[111.658,-2.926],[111.625,-2.975],[111.495,-2.973],[111.368,-2.934],[111.259,-2.956],[111.044,-3.056],[110.93,-3.071],[110.869,-3.049],[110.83,-2.995],[110.852,-2.946],[110.899,-2.909],[110.811,-2.938],[110.736,-2.989],[110.703,-3.021],[110.668,-3.005],[110.574,-2.891],[110.378,-2.934],[110.351,-2.947],[110.303,-2.985],[110.256,-2.966],[110.233,-2.925],[110.224,-2.689],[110.124,-2.234],[110.097,-2.001],[110.075,-1.946],[109.96,-1.863],[109.964,-1.743],[110.023,-1.643],[110.036,-1.526],[110.019,-1.399],[109.983,-1.275],[109.938,-1.181],[109.873,-1.101],[109.787,-1.011],[109.682,-0.944],[109.454,-0.869],[109.333,-0.875],[109.289,-0.846],[109.259,-0.807],[109.271,-0.732],[109.312,-0.68],[109.366,-0.667],[109.373,-0.638],[109.257,-0.577],[109.161,-0.495],[109.13,-0.445],[109.121,-0.391],[109.122,-0.265],[109.15,-0.186],[109.165,-0.142],[109.195,-0.009],[109.258,0.031],[109.247,0.056],[109.22,0.074],[109.181,0.117],[109.149,0.168],[109.075,0.253],[108.945,0.356],[108.923,0.533],[108.906,0.794],[108.917,0.913],[108.959,1.135],[109.031,1.204],[109.088,1.224],[109.132,1.254],[109.096,1.258],[109.065,1.247],[109.01,1.24],[109.055,1.438],[109.076,1.496],[109.167,1.607],[109.273,1.705],[109.318,1.821],[109.379,1.923],[109.629,2.028]]],[[[127.733,0.848],[127.805,0.826],[127.881,0.832],[127.919,0.877],[127.929,0.935],[127.967,1.043],[128.055,1.116],[128.117,1.127],[128.161,1.158],[128.153,1.238],[128.157,1.317],[128.222,1.401],[128.424,1.518],[128.539,1.559],[128.688,1.573],[128.705,1.528],[128.688,1.464],[128.717,1.367],[128.703,1.106],[128.669,1.069],[128.515,0.979],[128.346,0.907],[128.299,0.877],[128.257,0.805],[128.261,0.734],[128.398,0.639],[128.611,0.55],[128.655,0.508],[128.684,0.438],[128.692,0.36],[128.743,0.323],[128.815,0.305],[128.863,0.268],[128.9,0.216],[128.54,0.338],[128.446,0.392],[128.333,0.398],[128.221,0.414],[128.106,0.461],[127.983,0.472],[127.924,0.438],[127.901,0.372],[127.887,0.298],[127.915,0.206],[127.912,0.151],[127.889,0.05],[127.978,-0.248],[128.089,-0.485],[128.254,-0.732],[128.335,-0.816],[128.425,-0.893],[128.278,-0.87],[128.233,-0.788],[128.046,-0.706],[128.011,-0.657],[127.889,-0.424],[127.853,-0.38],[127.741,-0.3],[127.692,-0.242],[127.675,-0.163],[127.687,-0.08],[127.681,0.035],[127.685,0.149],[127.709,0.288],[127.669,0.337],[127.616,0.383],[127.555,0.49],[127.537,0.611],[127.542,0.681],[127.567,0.743],[127.601,0.796],[127.608,0.848],[127.52,0.924],[127.429,1.14],[127.42,1.252],[127.537,1.467],[127.535,1.572],[127.558,1.634],[127.571,1.7],[127.632,1.844],[127.731,1.966],[127.9,2.137],[127.964,2.175],[128.036,2.199],[128.043,2.157],[128.031,2.12],[127.907,1.946],[127.89,1.906],[127.887,1.833],[127.946,1.79],[128.011,1.701],[128.024,1.583],[128.026,1.458],[128.012,1.332],[127.988,1.29],[127.885,1.163],[127.653,1.014],[127.633,0.977],[127.634,0.936],[127.677,0.887],[127.733,0.848]]],[[[129.755,-2.866],[129.984,-2.977],[130.103,-2.993],[130.304,-2.979],[130.379,-2.989],[130.57,-3.131],[130.626,-3.228],[130.642,-3.312],[130.671,-3.392],[130.718,-3.411],[130.773,-3.419],[130.846,-3.533],[130.86,-3.57],[130.805,-3.858],[130.58,-3.749],[130.363,-3.625],[130.27,-3.579],[130.02,-3.475],[129.981,-3.439],[129.953,-3.392],[129.844,-3.327],[129.627,-3.317],[129.545,-3.319],[129.512,-3.329],[129.52,-3.363],[129.522,-3.434],[129.468,-3.453],[129.333,-3.409],[129.212,-3.393],[129.108,-3.349],[128.967,-3.326],[128.952,-3.304],[128.964,-3.272],[128.958,-3.241],[128.925,-3.229],[128.863,-3.235],[128.802,-3.266],[128.751,-3.3],[128.677,-3.397],[128.639,-3.433],[128.517,-3.449],[128.466,-3.44],[128.419,-3.416],[128.28,-3.241],[128.233,-3.203],[128.181,-3.172],[128.132,-3.157],[128.082,-3.184],[128.056,-3.239],[128.044,-3.303],[128.03,-3.341],[127.97,-3.444],[127.92,-3.506],[127.902,-3.496],[127.928,-3.397],[127.928,-3.341],[127.897,-3.282],[127.878,-3.222],[128.113,-2.935],[128.199,-2.866],[128.57,-2.842],[128.791,-2.857],[128.911,-2.85],[128.991,-2.829],[129.058,-2.838],[129.074,-2.895],[129.116,-2.937],[129.174,-2.933],[129.28,-2.889],[129.371,-2.821],[129.427,-2.791],[129.484,-2.786],[129.543,-2.79],[129.6,-2.806],[129.755,-2.866]]],[[[126.861,-3.088],[127.025,-3.166],[127.063,-3.217],[127.092,-3.278],[127.125,-3.311],[127.163,-3.338],[127.227,-3.391],[127.244,-3.471],[127.23,-3.633],[127.155,-3.647],[127.085,-3.671],[126.941,-3.765],[126.87,-3.783],[126.794,-3.789],[126.74,-3.814],[126.686,-3.824],[126.547,-3.772],[126.411,-3.711],[126.215,-3.605],[126.178,-3.579],[126.147,-3.523],[126.057,-3.421],[126.034,-3.356],[126.026,-3.171],[126.05,-3.128],[126.088,-3.105],[126.22,-3.148],[126.306,-3.103],[126.555,-3.065],[126.808,-3.069],[126.861,-3.088]]],[[[124.922,-8.942],[124.915,-9.032],[124.937,-9.053],[124.973,-9.064],[125.1,-9.004],[125.124,-9.015],[125.149,-9.043],[125.149,-9.123],[125.1,-9.19],[124.978,-9.195],[124.96,-9.214],[124.959,-9.255],[124.968,-9.294],[124.997,-9.326],[125.034,-9.382],[125.068,-9.512],[124.998,-9.565],[124.963,-9.666],[124.842,-9.76],[124.708,-9.914],[124.602,-9.993],[124.508,-10.086],[124.428,-10.149],[124.327,-10.17],[124.176,-10.183],[123.971,-10.295],[123.858,-10.344],[123.747,-10.347],[123.644,-10.311],[123.605,-10.27],[123.614,-10.215],[123.648,-10.168],[123.69,-10.129],[123.716,-10.079],[123.599,-10.015],[123.589,-9.967],[123.636,-9.838],[123.666,-9.705],[123.709,-9.615],[123.877,-9.453],[123.977,-9.373],[124.036,-9.342],[124.052,-9.375],[124.09,-9.416],[124.116,-9.423],[124.135,-9.414],[124.282,-9.428],[124.319,-9.414],[124.376,-9.35],[124.413,-9.314],[124.438,-9.239],[124.444,-9.19],[124.575,-9.155],[124.646,-9.117],[124.708,-9.062],[124.89,-8.968],[124.922,-8.942]]],[[[134.747,-5.707],[134.739,-5.746],[134.738,-5.817],[134.755,-5.883],[134.712,-5.95],[134.752,-6.05],[134.758,-6.1],[134.756,-6.171],[134.744,-6.202],[134.714,-6.295],[134.684,-6.328],[134.661,-6.337],[134.638,-6.365],[134.441,-6.335],[134.356,-6.271],[134.28,-6.201],[134.264,-6.172],[134.175,-6.09],[134.155,-6.063],[134.153,-6.02],[134.225,-6.008],[134.302,-6.01],[134.299,-5.971],[134.343,-5.833],[134.226,-5.744],[134.205,-5.707],[134.247,-5.682],[134.341,-5.713],[134.456,-5.558],[134.49,-5.525],[134.506,-5.438],[134.571,-5.427],[134.617,-5.439],[134.646,-5.492],[134.658,-5.539],[134.646,-5.581],[134.701,-5.603],[134.747,-5.707]]],[[[134.537,-6.442],[134.52,-6.513],[134.504,-6.591],[134.413,-6.68],[134.356,-6.815],[134.323,-6.849],[134.2,-6.909],[134.091,-6.834],[134.059,-6.769],[134.107,-6.472],[134.154,-6.481],[134.185,-6.479],[134.195,-6.46],[134.125,-6.426],[134.111,-6.255],[134.115,-6.191],[134.168,-6.176],[134.234,-6.226],[134.318,-6.316],[134.415,-6.387],[134.537,-6.442]]],[[[138.535,-8.274],[138.296,-8.405],[137.983,-8.382],[137.872,-8.38],[137.688,-8.412],[137.65,-8.386],[137.685,-8.262],[137.833,-7.932],[138.008,-7.642],[138.082,-7.566],[138.185,-7.495],[138.296,-7.438],[138.544,-7.38],[138.77,-7.39],[138.802,-7.415],[138.899,-7.512],[138.963,-7.588],[138.989,-7.696],[138.893,-7.882],[138.786,-8.059],[138.612,-8.198],[138.535,-8.274]]],[[[140.973,-2.61],[140.973,-2.614],[140.973,-2.681],[140.974,-2.803],[140.974,-3.007],[140.974,-3.21],[140.974,-3.413],[140.974,-3.617],[140.974,-3.82],[140.974,-4.023],[140.974,-4.226],[140.974,-4.43],[140.974,-4.633],[140.974,-4.836],[140.975,-5.04],[140.975,-5.243],[140.975,-5.446],[140.975,-5.65],[140.975,-5.853],[140.975,-6.056],[140.975,-6.259],[140.975,-6.346],[140.944,-6.452],[140.875,-6.612],[140.862,-6.74],[140.92,-6.84],[140.975,-6.905],[140.975,-7.073],[140.975,-7.276],[140.975,-7.479],[140.975,-7.683],[140.976,-7.886],[140.976,-8.089],[140.976,-8.292],[140.976,-8.496],[140.976,-8.699],[140.976,-8.902],[140.976,-9.106],[140.976,-9.119],[140.925,-9.085],[140.787,-8.974],[140.662,-8.847],[140.581,-8.728],[140.49,-8.62],[140.102,-8.301],[140.003,-8.196],[139.983,-8.167],[139.993,-8.139],[140.037,-8.084],[140.117,-7.924],[140.034,-8.023],[139.935,-8.101],[139.791,-8.106],[139.649,-8.125],[139.519,-8.173],[139.386,-8.189],[139.319,-8.166],[139.279,-8.107],[139.258,-8.047],[139.249,-7.982],[139.193,-8.086],[139.083,-8.143],[138.933,-8.262],[138.891,-8.238],[138.865,-8.192],[138.856,-8.145],[138.885,-8.095],[138.905,-8.041],[138.936,-7.913],[139.003,-7.838],[139.046,-7.691],[139.074,-7.639],[139.088,-7.587],[139.049,-7.528],[138.983,-7.508],[138.938,-7.472],[138.886,-7.373],[138.853,-7.34],[138.794,-7.299],[138.748,-7.251],[138.798,-7.216],[138.865,-7.201],[138.919,-7.204],[139.018,-7.226],[139.063,-7.227],[139.177,-7.19],[139.113,-7.202],[139.049,-7.201],[138.846,-7.136],[138.72,-7.07],[138.601,-6.937],[138.6,-6.911],[138.684,-6.887],[138.865,-6.858],[138.808,-6.79],[138.727,-6.731],[138.698,-6.626],[138.642,-6.56],[138.522,-6.454],[138.439,-6.343],[138.368,-6.119],[138.296,-5.949],[138.314,-5.887],[138.375,-5.844],[138.283,-5.839],[138.2,-5.807],[138.244,-5.724],[138.34,-5.676],[138.252,-5.688],[138.167,-5.712],[138.127,-5.717],[138.087,-5.709],[138.066,-5.676],[138.063,-5.629],[138.076,-5.546],[138.061,-5.465],[137.985,-5.428],[137.922,-5.37],[137.887,-5.349],[137.84,-5.35],[137.795,-5.312],[137.759,-5.256],[137.307,-5.014],[137.28,-4.945],[137.238,-4.976],[137.196,-4.99],[137.144,-4.951],[137.089,-4.924],[137.03,-4.929],[136.975,-4.907],[136.917,-4.895],[136.857,-4.893],[136.619,-4.819],[136.394,-4.701],[136.211,-4.651],[136.097,-4.585],[135.98,-4.531],[135.717,-4.478],[135.45,-4.443],[135.354,-4.442],[135.273,-4.453],[135.196,-4.451],[134.754,-4.195],[134.68,-4.079],[134.687,-4.011],[134.707,-3.955],[134.887,-3.938],[134.76,-3.922],[134.708,-3.93],[134.603,-3.976],[134.547,-3.979],[134.467,-3.949],[134.391,-3.91],[134.266,-3.946],[134.202,-3.887],[134.18,-3.825],[134.147,-3.797],[134.1,-3.8],[134.037,-3.822],[133.974,-3.818],[133.933,-3.776],[133.904,-3.72],[133.861,-3.68],[133.808,-3.65],[133.723,-3.578],[133.678,-3.479],[133.683,-3.309],[133.697,-3.248],[133.782,-3.149],[133.842,-3.055],[133.767,-3.044],[133.7,-3.087],[133.672,-3.132],[133.661,-3.186],[133.653,-3.364],[133.599,-3.416],[133.518,-3.412],[133.542,-3.516],[133.509,-3.616],[133.415,-3.732],[133.407,-3.785],[133.422,-3.843],[133.401,-3.899],[133.249,-4.062],[133.198,-4.07],[133.085,-4.069],[132.969,-4.095],[132.914,-4.057],[132.87,-4.007],[132.837,-3.949],[132.791,-3.828],[132.754,-3.704],[132.87,-3.551],[132.83,-3.413],[132.751,-3.295],[132.554,-3.131],[132.348,-2.975],[132.255,-2.943],[132.102,-2.93],[132.054,-2.915],[132.006,-2.856],[131.971,-2.789],[132.067,-2.76],[132.231,-2.68],[132.323,-2.684],[132.575,-2.727],[132.653,-2.766],[132.725,-2.789],[132.897,-2.658],[133.034,-2.487],[133.119,-2.45],[133.191,-2.438],[133.265,-2.454],[133.411,-2.514],[133.527,-2.542],[133.609,-2.547],[133.652,-2.601],[133.7,-2.625],[133.711,-2.544],[133.753,-2.451],[133.835,-2.422],[133.878,-2.415],[133.905,-2.391],[133.899,-2.304],[133.791,-2.294],[133.85,-2.22],[133.902,-2.184],[133.921,-2.147],[133.922,-2.102],[133.71,-2.189],[133.488,-2.226],[133.356,-2.216],[133.225,-2.214],[132.963,-2.273],[132.863,-2.27],[132.631,-2.247],[132.503,-2.218],[132.403,-2.24],[132.308,-2.242],[132.207,-2.176],[132.122,-2.092],[132.08,-2.033],[132.023,-1.99],[131.998,-1.933],[131.936,-1.715],[131.93,-1.56],[131.83,-1.557],[131.731,-1.541],[131.294,-1.393],[131.241,-1.43],[131.179,-1.448],[131.118,-1.455],[131.057,-1.448],[130.996,-1.425],[131.001,-1.384],[131.046,-1.284],[131.091,-1.247],[131.152,-1.219],[131.191,-1.166],[131.254,-1.007],[131.259,-0.953],[131.252,-0.897],[131.257,-0.855],[131.296,-0.834],[131.462,-0.782],[131.804,-0.704],[131.891,-0.657],[131.962,-0.582],[132.046,-0.537],[132.084,-0.491],[132.128,-0.454],[132.394,-0.355],[132.508,-0.347],[132.625,-0.359],[132.856,-0.417],[133.077,-0.512],[133.268,-0.636],[133.473,-0.726],[133.724,-0.741],[133.85,-0.731],[133.975,-0.744],[134.025,-0.77],[134.112,-0.847],[134.087,-0.897],[134.072,-1.002],[134.116,-1.102],[134.188,-1.203],[134.247,-1.311],[134.26,-1.363],[134.237,-1.474],[134.217,-1.529],[134.145,-1.621],[134.106,-1.721],[134.131,-1.845],[134.145,-1.969],[134.143,-2.083],[134.156,-2.195],[134.195,-2.309],[134.362,-2.621],[134.46,-2.832],[134.491,-2.714],[134.483,-2.583],[134.518,-2.536],[134.567,-2.51],[134.627,-2.537],[134.645,-2.59],[134.649,-2.706],[134.702,-2.934],[134.77,-2.944],[134.843,-2.909],[134.855,-2.979],[134.853,-3.108],[134.887,-3.21],[134.917,-3.25],[135.037,-3.333],[135.092,-3.349],[135.252,-3.369],[135.372,-3.375],[135.487,-3.345],[135.561,-3.269],[135.628,-3.186],[135.859,-2.995],[135.926,-2.904],[135.991,-2.764],[136.013,-2.734],[136.243,-2.583],[136.27,-2.529],[136.303,-2.426],[136.352,-2.325],[136.39,-2.273],[136.612,-2.224],[136.843,-2.198],[137.072,-2.105],[137.171,-2.025],[137.176,-1.973],[137.125,-1.881],[137.123,-1.841],[137.176,-1.802],[137.381,-1.686],[137.617,-1.566],[137.806,-1.483],[137.911,-1.484],[138.008,-1.557],[138.111,-1.616],[138.65,-1.791],[138.736,-1.846],[138.811,-1.918],[138.919,-1.968],[139.039,-1.992],[139.149,-2.039],[139.253,-2.099],[139.482,-2.212],[139.79,-2.348],[139.868,-2.356],[140.155,-2.35],[140.204,-2.376],[140.251,-2.412],[140.295,-2.42],[140.623,-2.446],[140.673,-2.472],[140.721,-2.508],[140.747,-2.607],[140.973,-2.61]]],[[[138.895,-8.389],[138.846,-8.402],[138.594,-8.371],[138.567,-8.33],[138.563,-8.309],[138.621,-8.268],[138.677,-8.199],[138.763,-8.173],[138.796,-8.174],[138.898,-8.337],[138.895,-8.389]]],[[[101.708,2.078],[101.762,1.997],[101.774,1.943],[101.734,1.883],[101.719,1.789],[101.603,1.716],[101.501,1.733],[101.468,1.759],[101.403,1.901],[101.41,2.022],[101.45,2.068],[101.545,2.061],[101.641,2.127],[101.708,2.078]]],[[[102.427,0.99],[102.381,0.96],[102.325,1.007],[102.28,1.076],[102.255,1.147],[102.234,1.264],[102.229,1.348],[102.256,1.397],[102.276,1.395],[102.359,1.346],[102.413,1.261],[102.443,1.234],[102.449,1.156],[102.429,1.067],[102.427,0.99]]],[[[102.492,1.459],[102.499,1.331],[102.425,1.364],[102.367,1.415],[102.274,1.453],[102.161,1.465],[102.079,1.499],[102.021,1.558],[102.018,1.586],[102.024,1.608],[102.042,1.625],[102.47,1.51],[102.492,1.459]]],[[[103.028,0.747],[103.009,0.708],[102.971,0.737],[102.776,0.78],[102.711,0.784],[102.542,0.832],[102.49,0.857],[102.454,0.89],[102.466,0.95],[102.491,0.987],[102.507,1.089],[102.549,1.13],[102.633,1.054],[102.726,0.989],[102.78,0.959],[102.944,0.893],[103.002,0.859],[103.028,0.747]]],[[[103.166,0.87],[103.137,0.842],[103.087,0.848],[103.033,0.882],[102.964,0.943],[102.886,0.997],[102.788,1.031],[102.726,1.041],[102.702,1.054],[102.726,1.159],[102.79,1.165],[102.999,1.068],[103.068,1.015],[103.166,0.87]]],[[[103.284,0.542],[103.172,0.536],[103.14,0.549],[103.153,0.643],[103.187,0.7],[103.238,0.699],[103.295,0.614],[103.284,0.542]]],[[[103.45,0.664],[103.43,0.651],[103.344,0.778],[103.366,0.851],[103.386,0.87],[103.433,0.825],[103.47,0.778],[103.497,0.723],[103.45,0.664]]],[[[104.025,1.181],[104.088,1.137],[104.14,1.166],[104.138,1.128],[104.127,1.092],[104.066,0.99],[103.964,1.013],[103.94,1.046],[103.932,1.071],[103.947,1.087],[103.955,1.137],[104,1.137],[104.025,1.181]]],[[[104.585,1.216],[104.591,1.141],[104.648,1.105],[104.663,1.05],[104.653,0.961],[104.599,0.859],[104.575,0.832],[104.504,0.853],[104.481,0.887],[104.471,0.913],[104.481,0.933],[104.429,0.956],[104.462,0.996],[104.439,1.05],[104.294,1.016],[104.252,1.015],[104.244,1.077],[104.25,1.103],[104.362,1.181],[104.428,1.196],[104.5,1.18],[104.585,1.216]]],[[[104.779,-0.176],[104.808,-0.192],[104.843,-0.141],[104.909,-0.212],[104.95,-0.247],[105.005,-0.283],[104.951,-0.284],[104.929,-0.317],[104.914,-0.323],[104.702,-0.209],[104.567,-0.246],[104.474,-0.212],[104.447,-0.189],[104.497,-0.126],[104.543,0.018],[104.636,-0.018],[104.658,-0.063],[104.653,-0.076],[104.713,-0.103],[104.779,-0.176]]],[[[104.474,-0.335],[104.568,-0.432],[104.59,-0.467],[104.544,-0.521],[104.507,-0.597],[104.485,-0.613],[104.414,-0.584],[104.363,-0.659],[104.33,-0.539],[104.257,-0.463],[104.302,-0.386],[104.319,-0.38],[104.341,-0.383],[104.364,-0.403],[104.474,-0.335]]],[[[103.737,-0.348],[103.606,-0.383],[103.461,-0.358],[103.479,-0.297],[103.549,-0.228],[103.611,-0.231],[103.724,-0.277],[103.764,-0.318],[103.737,-0.348]]],[[[109.71,-1.181],[109.511,-1.283],[109.464,-1.278],[109.428,-1.241],[109.45,-1.044],[109.476,-0.985],[109.615,-0.979],[109.7,-1.007],[109.743,-1.039],[109.761,-1.105],[109.751,-1.145],[109.71,-1.181]]],[[[113.845,-7.105],[113.826,-7.12],[113.656,-7.112],[113.546,-7.193],[113.471,-7.218],[113.198,-7.218],[113.166,-7.207],[113.142,-7.208],[113.127,-7.224],[113.04,-7.212],[112.764,-7.14],[112.726,-7.073],[112.769,-7.001],[112.868,-6.9],[113.067,-6.88],[113.975,-6.873],[114.074,-6.96],[114.083,-6.989],[113.885,-7.049],[113.845,-7.105]]],[[[134.965,-1.116],[134.917,-1.134],[134.862,-1.114],[134.809,-1.038],[134.828,-0.979],[134.889,-0.938],[134.941,-0.979],[134.957,-1.031],[134.996,-1.034],[134.965,-1.116]]],[[[127.25,-0.495],[127.187,-0.521],[127.119,-0.521],[127.104,-0.414],[127.126,-0.279],[127.19,-0.256],[127.29,-0.284],[127.253,-0.319],[127.281,-0.391],[127.25,-0.495]]],[[[127.567,-0.319],[127.682,-0.468],[127.605,-0.61],[127.659,-0.689],[127.804,-0.694],[127.838,-0.724],[127.863,-0.76],[127.88,-0.809],[127.842,-0.848],[127.761,-0.884],[127.668,-0.832],[127.643,-0.784],[127.624,-0.766],[127.498,-0.802],[127.463,-0.806],[127.438,-0.739],[127.469,-0.643],[127.381,-0.6],[127.3,-0.5],[127.297,-0.46],[127.329,-0.391],[127.325,-0.336],[127.371,-0.332],[127.455,-0.406],[127.492,-0.336],[127.527,-0.307],[127.567,-0.319]]],[[[132.926,-5.902],[132.845,-5.988],[132.922,-5.785],[132.938,-5.683],[133.009,-5.621],[133.115,-5.311],[133.138,-5.318],[133.173,-5.348],[133.12,-5.576],[132.971,-5.736],[132.926,-5.902]]],[[[132.807,-5.851],[132.746,-5.947],[132.705,-5.913],[132.681,-5.913],[132.667,-5.856],[132.681,-5.739],[132.63,-5.607],[132.698,-5.609],[132.717,-5.648],[132.738,-5.662],[132.804,-5.789],[132.807,-5.851]]],[[[128.276,-3.675],[128.25,-3.711],[128.192,-3.735],[128.143,-3.733],[128.159,-3.698],[128.147,-3.677],[128.111,-3.686],[128.052,-3.715],[127.978,-3.771],[127.934,-3.743],[127.925,-3.699],[127.928,-3.679],[128.016,-3.601],[128.119,-3.587],[128.264,-3.512],[128.329,-3.516],[128.314,-3.564],[128.291,-3.598],[128.277,-3.633],[128.276,-3.675]]],[[[126.817,4.033],[126.776,4.013],[126.711,4.02],[126.704,4.071],[126.77,4.162],[126.814,4.258],[126.767,4.283],[126.722,4.344],[126.721,4.416],[126.757,4.548],[126.813,4.537],[126.865,4.48],[126.887,4.373],[126.921,4.291],[126.848,4.18],[126.817,4.033]]],[[[125.658,3.436],[125.633,3.405],[125.512,3.461],[125.518,3.55],[125.501,3.593],[125.469,3.639],[125.455,3.684],[125.469,3.733],[125.543,3.67],[125.586,3.571],[125.644,3.477],[125.658,3.436]]],[[[130.862,-8.319],[130.775,-8.35],[130.833,-8.271],[131.02,-8.091],[131.087,-8.125],[131.176,-8.131],[131.044,-8.212],[130.908,-8.246],[130.862,-8.319]]],[[[129.839,-7.955],[129.78,-8.046],[129.713,-8.041],[129.592,-7.917],[129.599,-7.831],[129.609,-7.803],[129.655,-7.795],[129.813,-7.82],[129.844,-7.889],[129.839,-7.955]]],[[[127.823,-8.099],[127.998,-8.139],[128.099,-8.135],[128.119,-8.171],[128.024,-8.255],[127.821,-8.19],[127.786,-8.12],[127.823,-8.099]]],[[[130.353,-1.691],[130.365,-1.75],[130.425,-1.805],[130.404,-1.89],[130.381,-1.903],[130.393,-1.942],[130.419,-1.971],[130.373,-1.992],[130.339,-1.982],[130.284,-2.009],[130.248,-2.048],[130.133,-2.064],[130.093,-2.028],[129.887,-1.986],[129.754,-1.894],[129.738,-1.867],[129.994,-1.759],[130.106,-1.73],[130.2,-1.732],[130.318,-1.692],[130.353,-1.691]]],[[[102.367,-5.479],[102.286,-5.483],[102.136,-5.361],[102.111,-5.323],[102.154,-5.286],[102.198,-5.289],[102.372,-5.366],[102.405,-5.405],[102.367,-5.479]]],[[[100.425,-3.183],[100.465,-3.329],[100.346,-3.229],[100.348,-3.159],[100.332,-3.113],[100.26,-3.057],[100.204,-2.987],[100.179,-2.82],[100.199,-2.786],[100.246,-2.783],[100.455,-3.002],[100.469,-3.039],[100.464,-3.117],[100.434,-3.141],[100.425,-3.183]]],[[[100.204,-2.741],[100.133,-2.821],[100.015,-2.82],[99.992,-2.77],[99.997,-2.649],[99.968,-2.61],[99.969,-2.594],[99.988,-2.525],[100.012,-2.51],[100.202,-2.68],[100.204,-2.741]]],[[[99.843,-2.343],[99.848,-2.37],[99.685,-2.282],[99.607,-2.258],[99.537,-2.162],[99.559,-2.115],[99.562,-2.051],[99.572,-2.026],[99.622,-2.017],[99.686,-2.063],[99.735,-2.178],[99.816,-2.284],[99.843,-2.343]]],[[[98.459,-0.53],[98.4,-0.577],[98.31,-0.532],[98.34,-0.468],[98.355,-0.379],[98.409,-0.309],[98.427,-0.226],[98.323,-0.001],[98.375,0.007],[98.415,-0.018],[98.484,-0.168],[98.544,-0.258],[98.52,-0.38],[98.459,-0.53]]],[[[96.464,2.36],[96.401,2.351],[96.341,2.372],[96.29,2.43],[96.022,2.596],[95.938,2.598],[95.88,2.641],[95.809,2.656],[95.733,2.767],[95.717,2.826],[95.772,2.855],[95.806,2.916],[95.896,2.889],[95.998,2.781],[96.102,2.741],[96.13,2.721],[96.18,2.661],[96.417,2.515],[96.443,2.466],[96.459,2.416],[96.464,2.36]]],[[[122.043,-5.438],[121.98,-5.465],[121.859,-5.35],[121.808,-5.256],[121.821,-5.203],[121.857,-5.156],[121.874,-5.145],[121.866,-5.096],[121.914,-5.072],[121.966,-5.076],[122,-5.141],[122.041,-5.159],[122.062,-5.221],[122.043,-5.438]]],[[[123.212,-1.171],[123.234,-1.234],[123.198,-1.288],[123.238,-1.389],[123.339,-1.254],[123.435,-1.237],[123.489,-1.259],[123.527,-1.286],[123.547,-1.337],[123.512,-1.447],[123.449,-1.499],[123.367,-1.507],[123.329,-1.443],[123.275,-1.437],[123.237,-1.577],[123.221,-1.598],[123.173,-1.616],[123.13,-1.577],[123.123,-1.556],[123.183,-1.493],[123.15,-1.304],[123.105,-1.34],[122.984,-1.511],[122.89,-1.587],[122.858,-1.548],[122.811,-1.432],[122.832,-1.283],[122.908,-1.182],[122.972,-1.189],[123.158,-1.158],[123.212,-1.171]]],[[[121.864,-0.407],[121.907,-0.451],[121.881,-0.503],[121.847,-0.49],[121.756,-0.491],[121.722,-0.495],[121.681,-0.525],[121.655,-0.526],[121.672,-0.479],[121.749,-0.407],[121.797,-0.418],[121.864,-0.407]]],[[[120.528,-6.298],[120.487,-6.465],[120.468,-6.406],[120.461,-6.254],[120.436,-6.18],[120.452,-6.095],[120.446,-5.876],[120.477,-5.775],[120.534,-5.904],[120.549,-5.969],[120.528,-6.298]]],[[[115.377,-6.971],[115.296,-6.988],[115.22,-6.953],[115.222,-6.905],[115.241,-6.861],[115.354,-6.838],[115.414,-6.84],[115.479,-6.87],[115.524,-6.902],[115.546,-6.939],[115.424,-6.941],[115.377,-6.971]]],[[[116.303,-3.868],[116.093,-4.054],[116.059,-4.007],[116.077,-3.817],[116.018,-3.7],[116.022,-3.612],[116.064,-3.458],[116.117,-3.34],[116.239,-3.26],[116.27,-3.251],[116.262,-3.395],[116.287,-3.449],[116.295,-3.495],[116.282,-3.535],[116.305,-3.719],[116.319,-3.763],[116.289,-3.821],[116.303,-3.868]]],[[[122.949,-10.909],[122.856,-10.91],[122.826,-10.899],[122.818,-10.811],[122.846,-10.762],[123.061,-10.698],[123.146,-10.64],[123.265,-10.518],[123.34,-10.486],[123.358,-10.472],[123.371,-10.475],[123.383,-10.568],[123.413,-10.623],[123.418,-10.651],[123.311,-10.698],[123.215,-10.806],[123.005,-10.876],[122.949,-10.909]]],[[[124.287,-8.329],[124.226,-8.391],[124.184,-8.499],[124.147,-8.531],[124.066,-8.552],[124.017,-8.444],[123.928,-8.449],[123.971,-8.354],[124.014,-8.319],[124.069,-8.318],[124.096,-8.356],[124.111,-8.364],[124.24,-8.203],[124.266,-8.202],[124.287,-8.209],[124.304,-8.229],[124.287,-8.329]]],[[[123.925,-8.272],[123.784,-8.3],[123.698,-8.424],[123.629,-8.422],[123.592,-8.478],[123.583,-8.502],[123.588,-8.524],[123.58,-8.545],[123.553,-8.567],[123.489,-8.532],[123.434,-8.576],[123.411,-8.587],[123.33,-8.536],[123.253,-8.539],[123.23,-8.531],[123.325,-8.439],[123.455,-8.354],[123.476,-8.322],[123.425,-8.313],[123.395,-8.301],[123.391,-8.28],[123.473,-8.267],[123.53,-8.265],[123.573,-8.292],[123.601,-8.291],[123.776,-8.19],[123.846,-8.213],[123.896,-8.239],[123.925,-8.272]]],[[[123.317,-8.355],[123.297,-8.399],[123.025,-8.396],[123.033,-8.338],[123.108,-8.275],[123.133,-8.254],[123.217,-8.235],[123.336,-8.269],[123.317,-8.355]]],[[[134.716,-6.549],[134.661,-6.559],[134.634,-6.477],[134.679,-6.456],[134.729,-6.506],[134.716,-6.549]]],[[[103.424,1.048],[103.43,0.993],[103.363,1.007],[103.315,1.071],[103.355,1.117],[103.38,1.134],[103.405,1.073],[103.424,1.048]]],[[[103.829,0.801],[103.834,0.772],[103.742,0.83],[103.74,0.872],[103.752,0.891],[103.807,0.846],[103.829,0.801]]],[[[104.239,0.834],[104.177,0.805],[104.098,0.896],[104.101,0.917],[104.108,0.934],[104.123,0.944],[104.171,0.897],[104.227,0.88],[104.239,0.834]]],[[[104.689,0.06],[104.698,0.035],[104.651,0.063],[104.622,0.08],[104.604,0.095],[104.499,0.232],[104.544,0.223],[104.66,0.103],[104.689,0.06]]],[[[106.285,3.157],[106.284,3.088],[106.215,3.129],[106.201,3.205],[106.224,3.23],[106.271,3.216],[106.285,3.157]]],[[[105.76,2.863],[105.719,2.859],[105.706,2.889],[105.708,2.94],[105.704,2.981],[105.692,3.011],[105.692,3.063],[105.731,3.037],[105.76,3.013],[105.795,2.996],[105.822,2.984],[105.837,2.977],[105.809,2.904],[105.76,2.863]]],[[[108.888,2.905],[108.839,2.853],[108.787,2.886],[108.867,2.992],[108.886,2.999],[108.888,2.905]]],[[[108.953,-1.62],[108.838,-1.662],[108.804,-1.568],[108.877,-1.54],[108.957,-1.564],[108.953,-1.62]]],[[[107.473,-2.9],[107.433,-2.925],[107.409,-2.901],[107.402,-2.873],[107.419,-2.838],[107.474,-2.835],[107.5,-2.845],[107.473,-2.9]]],[[[106.886,-3.005],[106.87,-3.025],[106.814,-3.014],[106.774,-2.987],[106.749,-2.96],[106.743,-2.933],[106.797,-2.899],[106.911,-2.934],[106.886,-3.005]]],[[[114.413,-7.133],[114.398,-7.173],[114.347,-7.163],[114.299,-7.098],[114.322,-7.08],[114.349,-7.073],[114.384,-7.081],[114.413,-7.133]]],[[[112.719,-5.811],[112.698,-5.846],[112.602,-5.844],[112.586,-5.804],[112.649,-5.731],[112.69,-5.726],[112.727,-5.753],[112.719,-5.811]]],[[[105.253,-6.64],[105.19,-6.662],[105.143,-6.643],[105.121,-6.615],[105.192,-6.546],[105.226,-6.529],[105.261,-6.524],[105.277,-6.561],[105.253,-6.64]]],[[[97.334,2.076],[97.328,2.053],[97.225,2.158],[97.108,2.217],[97.157,2.232],[97.253,2.216],[97.291,2.201],[97.329,2.149],[97.334,2.076]]],[[[95.362,5.812],[95.343,5.784],[95.283,5.799],[95.218,5.89],[95.242,5.907],[95.283,5.898],[95.359,5.877],[95.366,5.843],[95.362,5.812]]],[[[123.598,-1.704],[123.529,-1.711],[123.483,-1.681],[123.487,-1.535],[123.529,-1.503],[123.549,-1.508],[123.561,-1.552],[123.582,-1.591],[123.616,-1.627],[123.598,-1.704]]],[[[123.242,-4.113],[123.145,-4.233],[123.076,-4.227],[122.995,-4.148],[122.971,-4.061],[122.969,-4.03],[123.025,-3.981],[123.212,-3.998],[123.247,-4.041],[123.242,-4.113]]],[[[123.848,-1.955],[123.866,-1.996],[123.804,-1.994],[123.777,-1.919],[123.783,-1.878],[123.848,-1.955]]],[[[123.153,-1.817],[123.079,-1.899],[123.071,-1.855],[123.086,-1.815],[123.106,-1.787],[123.138,-1.773],[123.153,-1.817]]],[[[119.464,-8.741],[119.425,-8.75],[119.386,-8.736],[119.402,-8.647],[119.379,-8.587],[119.42,-8.539],[119.43,-8.455],[119.446,-8.429],[119.471,-8.456],[119.482,-8.473],[119.502,-8.481],[119.547,-8.483],[119.557,-8.519],[119.555,-8.553],[119.536,-8.589],[119.483,-8.628],[119.444,-8.672],[119.464,-8.741]]],[[[119.074,-8.239],[119.03,-8.24],[119.021,-8.2],[119.037,-8.158],[119.079,-8.14],[119.098,-8.139],[119.128,-8.177],[119.135,-8.197],[119.107,-8.223],[119.074,-8.239]]],[[[115.61,-8.77],[115.582,-8.804],[115.501,-8.743],[115.48,-8.715],[115.541,-8.675],[115.561,-8.67],[115.613,-8.713],[115.61,-8.77]]],[[[117.649,4.169],[117.745,4.167],[117.885,4.186],[117.918,4.091],[117.923,4.054],[117.737,4.004],[117.625,4.121],[117.649,4.169]]],[[[117.658,3.281],[117.646,3.248],[117.56,3.328],[117.538,3.386],[117.548,3.432],[117.637,3.436],[117.681,3.408],[117.658,3.281]]],[[[124.051,-5.974],[124.042,-6.022],[124.006,-5.967],[123.972,-5.939],[123.976,-5.88],[124.023,-5.902],[124.051,-5.974]]],[[[123.627,-5.272],[123.623,-5.373],[123.583,-5.367],[123.55,-5.332],[123.541,-5.298],[123.543,-5.271],[123.561,-5.25],[123.627,-5.272]]],[[[120.774,-7.119],[120.672,-7.125],[120.641,-7.116],[120.633,-7.018],[120.746,-7.06],[120.782,-7.063],[120.774,-7.119]]],[[[117.556,-8.367],[117.534,-8.368],[117.49,-8.349],[117.506,-8.307],[117.482,-8.239],[117.491,-8.183],[117.546,-8.152],[117.665,-8.148],[117.669,-8.189],[117.556,-8.367]]],[[[116.424,-3.464],[116.388,-3.637],[116.327,-3.539],[116.395,-3.423],[116.427,-3.4],[116.424,-3.464]]],[[[127.373,0.791],[127.338,0.758],[127.306,0.769],[127.286,0.812],[127.293,0.842],[127.32,0.862],[127.354,0.847],[127.373,0.791]]],[[[134.374,-2.124],[134.345,-2.139],[134.335,-2.095],[134.351,-2.037],[134.37,-2.028],[134.391,-2.031],[134.419,-2.052],[134.374,-2.124]]],[[[133.571,-4.246],[133.622,-4.299],[133.503,-4.257],[133.333,-4.17],[133.321,-4.111],[133.464,-4.2],[133.571,-4.246]]],[[[130.905,-0.777],[130.88,-0.828],[130.832,-0.863],[130.402,-0.924],[130.439,-0.887],[130.457,-0.851],[130.484,-0.833],[130.527,-0.837],[130.548,-0.826],[130.57,-0.822],[130.594,-0.827],[130.635,-0.812],[130.723,-0.822],[130.813,-0.814],[130.807,-0.765],[130.905,-0.777]]],[[[130.627,-0.529],[130.569,-0.53],[130.465,-0.487],[130.526,-0.449],[130.564,-0.441],[130.597,-0.418],[130.616,-0.417],[130.657,-0.437],[130.684,-0.469],[130.627,-0.529]]],[[[129.549,-0.187],[129.506,-0.19],[129.469,-0.131],[129.37,-0.066],[129.309,0.045],[129.542,-0.139],[129.549,-0.187]]],[[[127.453,-0.006],[127.449,-0.037],[127.418,0.006],[127.397,0.017],[127.42,0.124],[127.431,0.143],[127.449,0.069],[127.453,-0.006]]],[[[127.42,0.642],[127.384,0.631],[127.374,0.635],[127.363,0.675],[127.383,0.744],[127.425,0.744],[127.443,0.733],[127.446,0.683],[127.42,0.642]]],[[[127.3,-0.781],[127.289,-0.802],[127.185,-0.775],[127.156,-0.761],[127.209,-0.619],[127.258,-0.623],[127.301,-0.758],[127.3,-0.781]]],[[[128.722,-3.547],[128.72,-3.589],[128.713,-3.603],[128.659,-3.588],[128.62,-3.589],[128.585,-3.512],[128.595,-3.495],[128.667,-3.517],[128.694,-3.525],[128.722,-3.547]]],[[[128.563,-3.585],[128.392,-3.638],[128.428,-3.54],[128.452,-3.515],[128.536,-3.541],[128.563,-3.585]]],[[[126.719,3.875],[126.722,3.833],[126.661,3.928],[126.638,4.042],[126.686,4.001],[126.74,3.918],[126.719,3.875]]],[[[126.852,3.768],[126.836,3.757],[126.8,3.784],[126.778,3.813],[126.779,3.843],[126.804,3.858],[126.857,3.812],[126.858,3.787],[126.852,3.768]]],[[[125.407,2.652],[125.397,2.63],[125.36,2.747],[125.391,2.805],[125.435,2.784],[125.446,2.763],[125.404,2.707],[125.407,2.652]]],[[[131.982,-7.202],[131.97,-7.251],[131.927,-7.225],[131.884,-7.167],[131.823,-7.159],[131.778,-7.144],[131.751,-7.117],[131.922,-7.104],[131.982,-7.202]]],[[[128.67,-7.183],[128.625,-7.209],[128.55,-7.156],[128.53,-7.135],[128.577,-7.083],[128.628,-7.069],[128.658,-7.091],[128.673,-7.113],[128.667,-7.138],[128.67,-7.183]]],[[[127.419,-7.623],[127.355,-7.646],[127.375,-7.572],[127.371,-7.513],[127.475,-7.531],[127.474,-7.579],[127.464,-7.597],[127.419,-7.623]]],[[[123.416,-10.303],[123.326,-10.337],[123.326,-10.264],[123.395,-10.171],[123.459,-10.14],[123.494,-10.177],[123.497,-10.194],[123.405,-10.227],[123.416,-10.303]]],[[[121.883,-10.59],[121.833,-10.602],[121.726,-10.573],[121.705,-10.556],[121.796,-10.507],[121.867,-10.439],[121.95,-10.433],[121.998,-10.447],[121.981,-10.528],[121.883,-10.59]]],[[[134.82,-6.434],[134.795,-6.442],[134.795,-6.393],[134.823,-6.35],[134.852,-6.325],[134.886,-6.324],[134.82,-6.434]]],[[[134.674,-6.75],[134.657,-6.765],[134.631,-6.733],[134.629,-6.713],[134.663,-6.658],[134.698,-6.626],[134.736,-6.623],[134.726,-6.669],[134.674,-6.75]]],[[[127.988,-2.937],[127.938,-3.02],[127.85,-3.016],[127.834,-3.004],[127.938,-2.952],[127.988,-2.937]]],[[[127.606,-3.315],[127.629,-3.359],[127.531,-3.331],[127.488,-3.288],[127.53,-3.262],[127.554,-3.254],[127.606,-3.315]]],[[[122.977,-8.545],[122.946,-8.604],[122.888,-8.587],[122.904,-8.531],[122.933,-8.497],[123.011,-8.448],[123.089,-8.44],[123.138,-8.457],[123.153,-8.476],[123.03,-8.495],[122.977,-8.545]]]]}},{"type":"Feature","properties":{"name":"Malaysia","blocKey":"asean","blocLabel":"ASEAN (non-aligned)","color":"#a89078","certainty":"member","basis":"ASEAN member"},"geometry":{"type":"MultiPolygon","coordinates":[[[[100.119,6.442],[100.138,6.489],[100.161,6.642],[100.177,6.672],[100.217,6.687],[100.261,6.683],[100.345,6.55],[100.564,6.468],[100.629,6.448],[100.716,6.481],[100.754,6.46],[100.794,6.426],[100.817,6.332],[100.874,6.245],[100.989,6.258],[101.029,6.245],[101.054,6.243],[101.076,6.166],[101.087,6.034],[101.076,5.956],[100.993,5.846],[100.982,5.771],[101.025,5.725],[101.082,5.675],[101.114,5.637],[101.148,5.643],[101.191,5.669],[101.23,5.734],[101.257,5.789],[101.404,5.852],[101.556,5.908],[101.577,5.902],[101.601,5.877],[101.65,5.796],[101.678,5.779],[101.72,5.771],[101.791,5.779],[101.874,5.825],[101.917,5.911],[101.936,5.979],[102.055,6.097],[102.068,6.185],[102.101,6.242],[102.274,6.203],[102.34,6.172],[102.534,5.863],[102.79,5.645],[102.899,5.564],[102.982,5.525],[103.097,5.408],[103.197,5.262],[103.416,4.85],[103.454,4.669],[103.469,4.393],[103.421,3.977],[103.362,3.769],[103.373,3.671],[103.454,3.521],[103.429,3.379],[103.445,3.261],[103.439,2.933],[103.485,2.837],[103.537,2.775],[103.812,2.58],[103.832,2.508],[103.968,2.261],[104.219,1.723],[104.288,1.481],[104.28,1.416],[104.25,1.389],[104.176,1.365],[104.115,1.412],[104.094,1.446],[104.101,1.488],[104.076,1.53],[104.016,1.579],[103.981,1.624],[103.991,1.55],[103.992,1.455],[103.915,1.447],[103.817,1.477],[103.695,1.45],[103.55,1.333],[103.48,1.329],[103.427,1.43],[103.4,1.498],[103.357,1.546],[102.897,1.792],[102.727,1.856],[102.548,2.042],[102.146,2.248],[101.89,2.449],[101.781,2.574],[101.52,2.684],[101.407,2.813],[101.351,2.839],[101.296,2.885],[101.354,3.011],[101.33,3.142],[101.3,3.253],[101.115,3.472],[101.025,3.625],[100.851,3.777],[100.782,3.864],[100.715,3.966],[100.757,4.002],[100.796,4.023],[100.76,4.097],[100.661,4.226],[100.615,4.373],[100.615,4.652],[100.473,5.044],[100.353,5.588],[100.374,5.778],[100.343,5.984],[100.263,6.183],[100.158,6.324],[100.119,6.442]]],[[[117.574,4.171],[117.537,4.171],[117.451,4.193],[117.278,4.299],[117.101,4.337],[116.844,4.34],[116.698,4.355],[116.639,4.339],[116.589,4.338],[116.553,4.36],[116.515,4.371],[116.415,4.308],[116.368,4.327],[116.32,4.354],[116.236,4.363],[116.134,4.355],[116.022,4.291],[115.896,4.349],[115.861,4.348],[115.837,4.333],[115.782,4.254],[115.679,4.193],[115.628,4.082],[115.596,3.976],[115.568,3.939],[115.561,3.733],[115.545,3.634],[115.571,3.502],[115.566,3.446],[115.52,3.362],[115.514,3.342],[115.49,3.209],[115.499,3.173],[115.493,3.128],[115.454,3.034],[115.384,3.009],[115.31,2.994],[115.247,3.026],[115.19,2.974],[115.118,2.895],[115.086,2.841],[115.087,2.791],[115.094,2.758],[115.079,2.723],[115.077,2.687],[115.081,2.634],[115.13,2.612],[115.181,2.567],[115.179,2.523],[115.151,2.493],[115.087,2.446],[114.969,2.351],[114.836,2.269],[114.786,2.25],[114.768,2.213],[114.759,2.162],[114.788,2.052],[114.816,2.019],[114.831,1.98],[114.813,1.934],[114.8,1.894],[114.751,1.869],[114.704,1.851],[114.686,1.819],[114.661,1.686],[114.632,1.617],[114.567,1.514],[114.546,1.467],[114.513,1.452],[114.387,1.5],[114.275,1.471],[114.126,1.452],[114,1.455],[113.902,1.434],[113.835,1.38],[113.76,1.311],[113.682,1.261],[113.622,1.236],[113.513,1.308],[113.458,1.302],[113.359,1.327],[113.126,1.408],[113.069,1.432],[113.007,1.434],[112.988,1.457],[112.998,1.496],[112.988,1.548],[112.943,1.567],[112.476,1.559],[112.342,1.515],[112.251,1.48],[112.186,1.439],[112.167,1.338],[112.129,1.244],[112.079,1.143],[111.923,1.113],[111.809,1.012],[111.77,0.999],[111.691,1.014],[111.607,1.023],[111.547,0.994],[111.483,0.996],[111.287,1.043],[111.101,1.051],[110.996,1.026],[110.938,1.017],[110.615,0.878],[110.506,0.862],[110.461,0.882],[110.399,0.939],[110.315,0.996],[110.115,1.19],[110.041,1.236],[109.992,1.283],[109.945,1.338],[109.879,1.398],[109.818,1.439],[109.736,1.523],[109.654,1.615],[109.636,1.777],[109.571,1.806],[109.549,1.848],[109.539,1.896],[109.629,2.028],[109.694,1.889],[109.72,1.858],[109.865,1.764],[109.985,1.718],[110.114,1.699],[110.246,1.695],[110.298,1.701],[110.349,1.72],[110.4,1.7],[110.675,1.548],[110.782,1.521],[110.895,1.532],[110.94,1.517],[111.098,1.401],[111.145,1.387],[111.223,1.396],[111.123,1.449],[111.058,1.487],[111.029,1.558],[111.047,1.634],[111.11,1.684],[111.154,1.739],[111.17,1.902],[111.198,1.985],[111.251,2.064],[111.268,2.14],[111.209,2.198],[111.196,2.297],[111.209,2.38],[111.242,2.436],[111.296,2.399],[111.351,2.364],[111.406,2.368],[111.444,2.382],[111.451,2.424],[111.44,2.498],[111.443,2.634],[111.513,2.743],[111.623,2.818],[111.728,2.854],[112.119,2.915],[112.737,3.07],[112.921,3.131],[112.988,3.162],[113.045,3.205],[113.14,3.344],[113.32,3.561],[113.446,3.741],[113.712,4.001],[113.924,4.243],[113.953,4.289],[113.988,4.421],[113.99,4.483],[113.984,4.546],[114.013,4.575],[114.054,4.593],[114.064,4.593],[114.095,4.565],[114.169,4.527],[114.224,4.478],[114.261,4.414],[114.288,4.355],[114.29,4.304],[114.323,4.263],[114.417,4.256],[114.447,4.204],[114.512,4.114],[114.572,4.049],[114.608,4.024],[114.654,4.038],[114.725,4.097],[114.776,4.169],[114.81,4.267],[114.783,4.281],[114.831,4.354],[114.84,4.393],[114.818,4.429],[114.79,4.464],[114.779,4.553],[114.76,4.667],[114.747,4.718],[114.784,4.755],[114.865,4.802],[114.945,4.856],[115.027,4.9],[115.029,4.821],[115.027,4.691],[115.052,4.583],[115.107,4.39],[115.171,4.364],[115.247,4.347],[115.291,4.353],[115.319,4.365],[115.327,4.381],[115.279,4.456],[115.267,4.634],[115.228,4.751],[115.168,4.867],[115.14,4.9],[115.375,4.933],[115.428,4.969],[115.52,5.049],[115.554,5.094],[115.582,5.194],[115.467,5.254],[115.422,5.331],[115.419,5.413],[115.556,5.567],[115.604,5.603],[115.625,5.549],[115.685,5.535],[115.741,5.533],[115.797,5.536],[115.877,5.614],[115.918,5.725],[116.06,5.882],[116.11,6.003],[116.138,6.13],[116.495,6.522],[116.538,6.583],[116.75,6.977],[116.776,6.99],[116.833,6.952],[116.85,6.827],[116.842,6.772],[116.808,6.691],[116.788,6.606],[116.812,6.608],[116.913,6.66],[117.019,6.797],[117.078,6.917],[117.129,6.969],[117.23,6.94],[117.252,6.919],[117.245,6.833],[117.255,6.783],[117.294,6.677],[117.38,6.612],[117.499,6.571],[117.61,6.513],[117.646,6.474],[117.67,6.427],[117.694,6.35],[117.696,6.272],[117.616,6.197],[117.65,6.074],[117.645,6.002],[117.617,5.941],[117.501,5.885],[117.818,5.94],[117.896,5.972],[118.004,6.053],[118.062,5.983],[118.116,5.863],[118.072,5.832],[117.935,5.788],[117.928,5.769],[117.974,5.706],[118.031,5.712],[118.145,5.754],[118.249,5.821],[118.3,5.82],[118.353,5.806],[118.456,5.763],[118.514,5.729],[118.563,5.685],[118.595,5.592],[118.714,5.559],[118.957,5.429],[119.003,5.418],[119.05,5.415],[119.178,5.431],[119.223,5.413],[119.256,5.366],[119.266,5.308],[119.263,5.246],[119.25,5.199],[119.22,5.16],[119.132,5.1],[118.913,5.023],[118.672,4.964],[118.551,4.968],[118.382,5.019],[118.32,5.012],[118.261,4.989],[118.185,4.829],[118.324,4.669],[118.563,4.502],[118.595,4.461],[118.586,4.41],[118.548,4.379],[118.498,4.362],[118.364,4.336],[118.229,4.316],[118.117,4.288],[118.008,4.25],[117.896,4.263],[117.741,4.338],[117.696,4.343],[117.65,4.304],[117.604,4.2],[117.574,4.171]]],[[[104.222,2.732],[104.173,2.721],[104.147,2.728],[104.129,2.767],[104.17,2.857],[104.185,2.872],[104.223,2.774],[104.222,2.732]]],[[[100.289,5.295],[100.264,5.267],[100.191,5.283],[100.204,5.447],[100.246,5.468],[100.31,5.438],[100.339,5.41],[100.289,5.295]]],[[[99.848,6.466],[99.919,6.359],[99.883,6.311],[99.866,6.297],[99.823,6.313],[99.783,6.272],[99.744,6.263],[99.705,6.338],[99.657,6.367],[99.646,6.418],[99.711,6.427],[99.749,6.41],[99.822,6.445],[99.848,6.466]]],[[[117.142,7.168],[117.081,7.115],[117.06,7.179],[117.064,7.261],[117.147,7.337],[117.264,7.352],[117.281,7.291],[117.267,7.221],[117.239,7.185],[117.142,7.168]]],[[[101.319,2.988],[101.268,2.97],[101.265,2.996],[101.274,3.033],[101.311,3.067],[101.328,3.048],[101.319,2.988]]],[[[111.389,2.415],[111.359,2.402],[111.312,2.438],[111.3,2.741],[111.333,2.768],[111.355,2.764],[111.378,2.709],[111.376,2.576],[111.38,2.459],[111.389,2.415]]],[[[117.885,4.186],[117.745,4.167],[117.649,4.169],[117.667,4.204],[117.662,4.25],[117.708,4.262],[117.761,4.252],[117.885,4.186]]]]}},{"type":"Feature","properties":{"name":"Vietnam","blocKey":"asean","blocLabel":"ASEAN (non-aligned)","color":"#a89078","certainty":"member","basis":"ASEAN member"},"geometry":{"type":"MultiPolygon","coordinates":[[[[104.064,10.391],[104.083,10.341],[104.076,10.225],[104.037,10.111],[104.048,10.061],[104.018,10.029],[103.952,10.243],[103.868,10.335],[103.85,10.371],[103.898,10.369],[103.986,10.427],[104.028,10.428],[104.064,10.391]]],[[[107.973,21.508],[107.926,21.499],[107.809,21.497],[107.707,21.406],[107.637,21.368],[107.527,21.336],[107.41,21.285],[107.376,21.194],[107.373,21.128],[107.354,21.055],[107.165,20.949],[107.112,20.96],[107.075,20.999],[107.019,20.991],[106.981,20.971],[106.936,20.974],[106.886,20.95],[106.821,20.958],[106.76,20.991],[106.725,21],[106.683,21],[106.675,20.96],[106.737,20.806],[106.753,20.735],[106.551,20.527],[106.573,20.392],[106.518,20.289],[106.396,20.206],[106.166,19.992],[106.062,19.987],[105.984,19.939],[105.814,19.587],[105.812,19.467],[105.785,19.379],[105.791,19.294],[105.716,19.128],[105.639,19.057],[105.622,18.966],[105.732,18.779],[105.744,18.746],[105.808,18.646],[105.839,18.574],[105.888,18.502],[106.066,18.316],[106.145,18.259],[106.24,18.221],[106.412,18.053],[106.499,17.946],[106.459,17.874],[106.479,17.72],[106.356,17.765],[106.371,17.747],[106.517,17.663],[106.736,17.367],[106.926,17.221],[107.12,17.056],[107.18,16.898],[107.355,16.794],[107.549,16.643],[107.541,16.609],[107.593,16.568],[107.724,16.488],[107.803,16.403],[107.834,16.322],[107.882,16.31],[107.936,16.329],[107.991,16.337],[108.029,16.331],[108.088,16.243],[108.17,16.164],[108.209,16.091],[108.241,16.101],[108.267,16.09],[108.274,16.029],[108.286,15.989],[108.395,15.872],[108.447,15.763],[108.578,15.585],[108.674,15.484],[108.743,15.427],[108.821,15.378],[108.898,15.181],[108.94,15.001],[109.022,14.803],[109.085,14.716],[109.087,14.553],[109.137,14.384],[109.191,14.27],[109.207,14.154],[109.224,14.097],[109.245,14.053],[109.303,13.856],[109.288,13.765],[109.247,13.855],[109.252,13.591],[109.288,13.451],[109.272,13.279],[109.31,13.219],[109.377,13.025],[109.424,12.956],[109.42,12.719],[109.445,12.6],[109.381,12.671],[109.336,12.752],[109.274,12.709],[109.219,12.646],[109.305,12.391],[109.207,12.415],[109.216,12.073],[109.256,11.993],[109.259,11.955],[109.247,11.909],[109.22,11.959],[109.215,12.01],[109.199,11.999],[109.2,11.972],[109.167,11.912],[109.158,11.837],[109.193,11.773],[109.199,11.725],[109.173,11.665],[109.133,11.601],[109.04,11.593],[109.018,11.468],[108.987,11.336],[108.821,11.315],[108.7,11.199],[108.551,11.156],[108.419,11.041],[108.272,10.934],[108.176,10.92],[108.095,10.897],[108.001,10.72],[107.845,10.7],[107.564,10.555],[107.47,10.486],[107.384,10.459],[107.262,10.398],[107.235,10.42],[107.194,10.472],[107.088,10.498],[107.036,10.556],[107.021,10.631],[107.007,10.661],[106.984,10.618],[106.966,10.441],[106.947,10.4],[106.902,10.383],[106.813,10.433],[106.727,10.536],[106.606,10.465],[106.643,10.456],[106.698,10.462],[106.741,10.444],[106.778,10.376],[106.776,10.339],[106.757,10.296],[106.644,10.289],[106.492,10.304],[106.464,10.298],[106.602,10.232],[106.729,10.193],[106.785,10.151],[106.785,10.116],[106.714,10.06],[106.659,9.991],[106.658,9.949],[106.657,9.901],[106.596,9.86],[106.557,9.868],[106.449,9.94],[106.136,10.222],[106.184,10.142],[106.507,9.821],[106.564,9.716],[106.572,9.641],[106.539,9.604],[106.484,9.559],[106.378,9.556],[106.204,9.675],[105.926,9.962],[105.831,10.001],[106.113,9.674],[106.159,9.594],[106.206,9.502],[106.193,9.448],[106.168,9.397],[105.501,9.093],[105.401,8.962],[105.322,8.801],[105.191,8.711],[105.114,8.629],[104.892,8.583],[104.77,8.598],[104.896,8.747],[104.819,8.802],[104.815,9.185],[104.845,9.606],[104.903,9.816],[104.987,9.869],[105.093,9.901],[105.095,9.945],[105.084,9.996],[105.028,10.067],[104.966,10.101],[104.873,10.115],[104.802,10.203],[104.748,10.199],[104.663,10.17],[104.613,10.208],[104.594,10.267],[104.516,10.34],[104.426,10.411],[104.467,10.422],[104.514,10.463],[104.564,10.516],[104.69,10.523],[104.815,10.521],[104.851,10.534],[104.901,10.59],[104.984,10.662],[105.046,10.702],[105.061,10.734],[105.036,10.809],[105.022,10.887],[105.046,10.911],[105.159,10.898],[105.284,10.861],[105.315,10.845],[105.387,10.94],[105.406,10.952],[105.453,10.951],[105.577,10.969],[105.698,10.994],[105.755,10.99],[105.811,10.926],[105.853,10.864],[105.875,10.858],[105.938,10.885],[105.99,10.852],[106.099,10.797],[106.164,10.795],[106.132,10.922],[106.168,11.012],[106.161,11.037],[106.1,11.079],[105.892,11.245],[105.856,11.294],[105.861,11.372],[105.854,11.487],[105.835,11.559],[105.838,11.601],[105.851,11.635],[105.89,11.648],[105.927,11.653],[105.956,11.682],[106.006,11.758],[106.103,11.751],[106.239,11.708],[106.34,11.682],[106.399,11.687],[106.413,11.698],[106.411,11.738],[106.418,11.912],[106.414,11.948],[106.5,11.966],[106.631,11.969],[106.7,11.979],[106.765,12.052],[106.931,12.077],[107.051,12.176],[107.159,12.277],[107.212,12.304],[107.28,12.322],[107.33,12.319],[107.393,12.26],[107.446,12.296],[107.506,12.365],[107.538,12.432],[107.555,12.54],[107.544,12.706],[107.512,12.836],[107.482,12.933],[107.475,13.03],[107.546,13.225],[107.605,13.438],[107.594,13.522],[107.529,13.654],[107.462,13.816],[107.389,13.993],[107.362,14.019],[107.343,14.069],[107.331,14.127],[107.36,14.308],[107.364,14.369],[107.448,14.451],[107.493,14.546],[107.535,14.65],[107.519,14.705],[107.514,14.817],[107.525,14.872],[107.505,14.916],[107.48,14.98],[107.496,15.021],[107.555,15.057],[107.59,15.118],[107.634,15.19],[107.653,15.255],[107.622,15.31],[107.564,15.392],[107.46,15.466],[107.339,15.56],[107.279,15.619],[107.233,15.678],[107.19,15.747],[107.166,15.802],[107.189,15.839],[107.361,15.922],[107.392,15.952],[107.41,15.998],[107.396,16.043],[107.35,16.067],[107.296,16.084],[107.217,16.136],[107.07,16.28],[107.002,16.312],[106.931,16.353],[106.893,16.397],[106.851,16.516],[106.832,16.526],[106.792,16.49],[106.74,16.453],[106.696,16.459],[106.656,16.493],[106.638,16.538],[106.594,16.6],[106.546,16.651],[106.534,16.821],[106.526,16.877],[106.502,16.954],[106.465,16.982],[106.426,17.003],[106.333,17.144],[106.27,17.217],[106.006,17.415],[105.974,17.447],[105.903,17.529],[105.779,17.644],[105.691,17.738],[105.627,17.834],[105.598,17.918],[105.588,17.984],[105.519,18.077],[105.458,18.154],[105.4,18.179],[105.333,18.19],[105.273,18.235],[105.163,18.339],[105.115,18.405],[105.086,18.45],[105.087,18.496],[105.113,18.573],[105.145,18.617],[105.146,18.651],[105.115,18.679],[104.993,18.728],[104.717,18.803],[104.613,18.861],[104.518,18.934],[104.446,18.984],[104.109,19.196],[104.006,19.231],[103.918,19.269],[103.892,19.305],[103.896,19.34],[103.932,19.366],[104.028,19.42],[104.063,19.483],[104.052,19.564],[104.013,19.646],[104.032,19.675],[104.063,19.678],[104.127,19.681],[104.26,19.685],[104.546,19.611],[104.588,19.619],[104.743,19.755],[104.802,19.836],[104.815,19.904],[104.846,19.947],[104.928,20.018],[104.929,20.083],[104.889,20.169],[104.848,20.202],[104.813,20.217],[104.699,20.205],[104.677,20.225],[104.662,20.289],[104.656,20.329],[104.619,20.375],[104.496,20.414],[104.392,20.425],[104.368,20.441],[104.408,20.486],[104.479,20.53],[104.533,20.555],[104.575,20.6],[104.583,20.647],[104.53,20.688],[104.461,20.734],[104.35,20.821],[104.195,20.914],[104.101,20.946],[104.052,20.941],[103.882,20.861],[103.791,20.81],[103.714,20.717],[103.635,20.697],[103.555,20.738],[103.464,20.78],[103.211,20.841],[103.104,20.892],[102.884,21.203],[102.851,21.266],[102.872,21.338],[102.888,21.44],[102.91,21.506],[102.949,21.57],[102.959,21.626],[102.95,21.681],[102.918,21.713],[102.876,21.722],[102.845,21.735],[102.816,21.807],[102.798,21.798],[102.771,21.71],[102.739,21.678],[102.695,21.662],[102.662,21.676],[102.641,21.711],[102.631,21.771],[102.61,21.852],[102.583,21.904],[102.488,21.958],[102.443,22.027],[102.301,22.178],[102.183,22.284],[102.127,22.379],[102.176,22.415],[102.237,22.466],[102.302,22.546],[102.376,22.647],[102.406,22.708],[102.428,22.733],[102.471,22.751],[102.517,22.741],[102.599,22.7],[102.721,22.648],[102.83,22.587],[102.874,22.525],[102.935,22.466],[102.982,22.448],[103.005,22.453],[103.076,22.498],[103.136,22.542],[103.138,22.593],[103.193,22.639],[103.266,22.714],[103.301,22.764],[103.327,22.77],[103.356,22.755],[103.471,22.597],[103.493,22.588],[103.525,22.612],[103.571,22.734],[103.62,22.782],[103.637,22.77],[103.915,22.538],[103.942,22.54],[103.971,22.55],[103.991,22.586],[104.013,22.666],[104.054,22.752],[104.143,22.8],[104.213,22.809],[104.238,22.769],[104.298,22.712],[104.372,22.704],[104.527,22.804],[104.578,22.82],[104.632,22.818],[104.687,22.822],[104.74,22.86],[104.796,22.911],[104.815,23.011],[104.827,23.1],[104.865,23.136],[104.91,23.161],[104.996,23.194],[105.189,23.281],[105.239,23.322],[105.275,23.345],[105.35,23.308],[105.44,23.235],[105.495,23.181],[105.531,23.122],[105.548,23.073],[105.691,23.03],[105.782,22.969],[105.843,22.923],[105.903,22.925],[105.962,22.937],[106.001,22.975],[106.068,22.976],[106.148,22.97],[106.184,22.955],[106.249,22.869],[106.279,22.857],[106.338,22.863],[106.451,22.894],[106.542,22.908],[106.624,22.874],[106.78,22.779],[106.736,22.711],[106.702,22.638],[106.633,22.586],[106.582,22.573],[106.55,22.501],[106.536,22.395],[106.554,22.342],[106.593,22.325],[106.637,22.289],[106.654,22.241],[106.66,22.136],[106.658,22.018],[106.664,21.979],[106.698,21.986],[106.729,22],[106.794,21.982],[106.875,21.951],[106.925,21.92],[106.971,21.924],[107.006,21.893],[107.02,21.835],[107.062,21.794],[107.179,21.717],[107.272,21.711],[107.351,21.609],[107.433,21.642],[107.471,21.598],[107.641,21.614],[107.759,21.655],[107.802,21.645],[107.908,21.56],[107.973,21.508]]],[[[106.617,8.683],[106.589,8.681],[106.568,8.701],[106.659,8.766],[106.65,8.723],[106.653,8.701],[106.617,8.683]]],[[[107.168,10.397],[107.084,10.337],[107.078,10.388],[107.151,10.42],[107.177,10.446],[107.195,10.446],[107.168,10.397]]],[[[106.866,20.816],[106.854,20.796],[106.803,20.844],[106.769,20.864],[106.795,20.928],[106.855,20.858],[106.866,20.816]]],[[[107.603,21.217],[107.459,21.092],[107.404,21.094],[107.453,21.235],[107.476,21.269],[107.563,21.22],[107.603,21.217]]],[[[107.521,20.927],[107.466,20.901],[107.399,20.903],[107.479,20.952],[107.519,21.013],[107.551,21.034],[107.551,20.981],[107.521,20.927]]],[[[107.031,20.747],[106.99,20.743],[106.911,20.824],[106.953,20.867],[107.044,20.837],[107.064,20.817],[107.064,20.8],[107.042,20.761],[107.031,20.747]]]]}},{"type":"Feature","properties":{"name":"India","blocKey":"us_ally","blocLabel":"US treaty ally / Quad","color":"#7d8794","certainty":"contested","basis":"Quad partner; non-aligned tradition"},"geometry":{"type":"MultiPolygon","coordinates":[[[[68.165,23.857],[68.234,23.901],[68.283,23.928],[68.381,23.951],[68.489,23.967],[68.587,23.967],[68.724,23.965],[68.728,24.266],[68.74,24.292],[68.759,24.307],[68.781,24.314],[68.8,24.309],[68.828,24.264],[68.863,24.267],[68.901,24.292],[68.985,24.273],[69.052,24.286],[69.12,24.269],[69.235,24.268],[69.443,24.275],[69.559,24.273],[69.634,24.225],[69.716,24.173],[69.805,24.165],[69.934,24.171],[70.021,24.192],[70.065,24.241],[70.098,24.288],[70.289,24.356],[70.489,24.412],[70.547,24.418],[70.565,24.386],[70.556,24.331],[70.579,24.279],[70.659,24.246],[70.716,24.238],[70.767,24.245],[70.805,24.262],[70.886,24.344],[70.928,24.362],[70.983,24.361],[71.044,24.4],[71.045,24.43],[71.006,24.444],[70.973,24.487],[70.979,24.522],[70.97,24.572],[70.976,24.619],[71.002,24.654],[71.048,24.688],[71.021,24.758],[70.951,24.892],[70.878,25.063],[70.8,25.206],[70.703,25.331],[70.652,25.423],[70.657,25.626],[70.648,25.667],[70.615,25.692],[70.57,25.706],[70.506,25.685],[70.449,25.681],[70.325,25.686],[70.265,25.707],[70.1,25.91],[70.079,25.99],[70.078,26.072],[70.133,26.215],[70.149,26.348],[70.157,26.471],[70.148,26.506],[70.115,26.548],[70.059,26.579],[69.911,26.586],[69.736,26.627],[69.601,26.699],[69.507,26.743],[69.481,26.771],[69.47,26.804],[69.495,26.954],[69.537,27.123],[69.568,27.175],[69.622,27.228],[69.661,27.265],[69.725,27.313],[69.896,27.474],[70.05,27.695],[70.145,27.849],[70.194,27.895],[70.244,27.934],[70.318,27.982],[70.404,28.025],[70.489,28.023],[70.569,27.984],[70.629,27.937],[70.649,27.835],[70.692,27.769],[70.737,27.729],[70.798,27.71],[70.875,27.714],[71.185,27.832],[71.29,27.855],[71.543,27.87],[71.717,27.915],[71.87,27.963],[71.889,28.047],[71.948,28.177],[72.129,28.346],[72.179,28.422],[72.234,28.566],[72.292,28.697],[72.342,28.752],[72.626,28.896],[72.903,29.029],[72.949,29.089],[73.128,29.364],[73.231,29.551],[73.258,29.611],[73.317,29.773],[73.382,29.934],[73.467,29.972],[73.658,30.033],[73.809,30.093],[73.887,30.162],[73.933,30.222],[73.925,30.282],[73.883,30.352],[73.892,30.394],[73.899,30.435],[74.009,30.52],[74.216,30.769],[74.339,30.894],[74.38,30.893],[74.51,30.96],[74.633,31.035],[74.626,31.069],[74.61,31.113],[74.54,31.133],[74.518,31.186],[74.535,31.261],[74.594,31.465],[74.582,31.524],[74.51,31.713],[74.526,31.765],[74.556,31.819],[74.636,31.89],[74.739,31.949],[75.071,32.089],[75.139,32.105],[75.254,32.14],[75.325,32.215],[75.333,32.279],[75.303,32.319],[75.234,32.372],[75.104,32.42],[74.987,32.462],[74.789,32.458],[74.686,32.494],[74.658,32.519],[74.643,32.608],[74.663,32.758],[74.632,32.771],[74.588,32.753],[74.483,32.771],[74.355,32.769],[74.305,32.81],[74.33,32.861],[74.323,32.928],[74.304,32.992],[74.284,33.005],[74.222,33.02],[74.126,33.075],[74.049,33.143],[74.004,33.189],[73.99,33.221],[73.994,33.242],[74.05,33.301],[74.118,33.384],[74.143,33.455],[74.15,33.507],[74.131,33.545],[74.07,33.592],[74.004,33.632],[73.978,33.668],[73.976,33.721],[74.001,33.788],[74.078,33.839],[74.216,33.887],[74.251,33.946],[74.246,33.99],[74.209,34.003],[74.113,34.004],[73.95,34.019],[73.922,34.043],[73.904,34.076],[73.904,34.108],[73.938,34.145],[73.979,34.191],[73.972,34.237],[73.925,34.288],[73.81,34.325],[73.795,34.378],[73.812,34.422],[73.85,34.485],[73.883,34.529],[73.961,34.653],[74.056,34.681],[74.172,34.721],[74.3,34.765],[74.498,34.732],[74.594,34.716],[74.789,34.678],[74.952,34.646],[75.118,34.637],[75.188,34.639],[75.264,34.601],[75.453,34.537],[75.606,34.503],[75.709,34.503],[75.862,34.56],[75.938,34.613],[76.041,34.67],[76.172,34.668],[76.457,34.756],[76.51,34.741],[76.594,34.736],[76.696,34.787],[76.749,34.848],[76.758,34.878],[76.783,34.9],[76.892,34.939],[77.001,34.992],[77.031,35.062],[77.049,35.11],[77.169,35.172],[77.293,35.236],[77.423,35.303],[77.572,35.379],[77.697,35.443],[77.799,35.496],[77.803,35.493],[77.811,35.485],[77.852,35.461],[77.895,35.449],[77.946,35.472],[78.009,35.49],[78.043,35.48],[78.047,35.449],[78.009,35.307],[78.012,35.251],[78.076,35.135],[78.158,34.946],[78.236,34.77],[78.282,34.654],[78.327,34.606],[78.516,34.558],[78.671,34.518],[78.763,34.453],[78.865,34.39],[78.936,34.352],[78.97,34.303],[78.977,34.258],[78.971,34.228],[78.932,34.189],[78.753,34.088],[78.732,34.056],[78.727,34.013],[78.762,33.888],[78.784,33.809],[78.79,33.65],[78.802,33.5],[78.865,33.431],[78.917,33.387],[78.948,33.347],[79.013,33.291],[79.067,33.25],[79.113,33.226],[79.135,33.172],[79.122,33.108],[79.103,33.053],[79.109,33.023],[79.146,33.001],[79.202,32.946],[79.21,32.865],[79.206,32.809],[79.228,32.759],[79.234,32.703],[79.217,32.564],[79.219,32.508],[79.219,32.501],[79.17,32.497],[79.127,32.476],[79.067,32.388],[78.998,32.365],[78.919,32.358],[78.838,32.412],[78.771,32.468],[78.754,32.499],[78.737,32.558],[78.701,32.597],[78.632,32.579],[78.526,32.571],[78.413,32.558],[78.392,32.545],[78.39,32.52],[78.417,32.467],[78.441,32.397],[78.455,32.3],[78.486,32.236],[78.496,32.216],[78.678,32.023],[78.726,31.984],[78.735,31.958],[78.72,31.888],[78.687,31.806],[78.693,31.74],[78.754,31.668],[78.803,31.618],[78.755,31.55],[78.727,31.472],[78.759,31.437],[78.744,31.324],[78.758,31.302],[78.792,31.294],[78.845,31.302],[78.9,31.331],[78.946,31.337],[78.974,31.329],[79.011,31.414],[79.044,31.426],[79.107,31.403],[79.233,31.242],[79.339,31.106],[79.37,31.08],[79.388,31.064],[79.493,30.994],[79.565,30.949],[79.664,30.965],[79.795,30.968],[79.872,30.925],[79.917,30.894],[79.919,30.89],[79.925,30.889],[80.081,30.782],[80.149,30.79],[80.194,30.759],[80.207,30.684],[80.186,30.605],[80.191,30.568],[80.261,30.561],[80.41,30.509],[80.541,30.464],[80.609,30.449],[80.682,30.415],[80.747,30.36],[80.874,30.291],[80.985,30.237],[81.01,30.165],[80.966,30.18],[80.908,30.172],[80.848,30.14],[80.82,30.119],[80.684,29.994],[80.613,29.956],[80.549,29.9],[80.402,29.73],[80.317,29.572],[80.255,29.423],[80.256,29.318],[80.233,29.195],[80.17,29.124],[80.13,29.1],[80.085,28.994],[80.052,28.87],[80.071,28.83],[80.15,28.776],[80.227,28.723],[80.325,28.666],[80.419,28.612],[80.479,28.605],[80.496,28.636],[80.518,28.665],[80.587,28.65],[80.671,28.596],[80.726,28.554],[80.751,28.54],[80.896,28.469],[81.017,28.41],[81.169,28.335],[81.206,28.289],[81.239,28.241],[81.311,28.176],[81.486,28.062],[81.636,27.98],[81.757,27.914],[81.853,27.867],[81.897,27.874],[81.945,27.899],[81.988,27.914],[82.037,27.901],[82.112,27.865],[82.288,27.757],[82.451,27.672],[82.63,27.687],[82.677,27.673],[82.711,27.597],[82.733,27.519],[82.933,27.468],[83.064,27.445],[83.214,27.402],[83.29,27.371],[83.369,27.41],[83.384,27.445],[83.447,27.465],[83.552,27.456],[83.747,27.396],[83.829,27.378],[83.897,27.435],[84.025,27.462],[84.091,27.491],[84.23,27.428],[84.481,27.348],[84.61,27.299],[84.641,27.25],[84.655,27.204],[84.654,27.092],[84.685,27.041],[84.937,26.927],[85.02,26.879],[85.087,26.863],[85.125,26.861],[85.152,26.847],[85.174,26.782],[85.192,26.767],[85.24,26.75],[85.293,26.741],[85.456,26.797],[85.568,26.84],[85.648,26.829],[85.7,26.782],[85.707,26.713],[85.737,26.64],[85.795,26.604],[85.856,26.6],[86.007,26.649],[86.129,26.612],[86.242,26.598],[86.366,26.574],[86.414,26.556],[86.544,26.496],[86.701,26.435],[86.763,26.442],[87.016,26.555],[87.038,26.542],[87.09,26.433],[87.167,26.394],[87.287,26.36],[87.414,26.423],[87.513,26.405],[87.633,26.399],[87.749,26.429],[87.849,26.437],[87.995,26.382],[88.027,26.395],[88.055,26.43],[88.112,26.586],[88.162,26.725],[88.157,26.807],[88.111,26.928],[87.993,27.086],[87.984,27.134],[88.024,27.409],[88.068,27.567],[88.106,27.642],[88.147,27.749],[88.154,27.799],[88.15,27.843],[88.11,27.871],[88.099,27.905],[88.109,27.933],[88.141,27.949],[88.275,27.969],[88.426,28.012],[88.486,28.034],[88.532,28.057],[88.578,28.093],[88.621,28.092],[88.756,28.04],[88.804,28.007],[88.829,27.907],[88.849,27.869],[88.83,27.767],[88.749,27.522],[88.765,27.43],[88.833,27.363],[88.891,27.316],[88.882,27.297],[88.76,27.218],[88.739,27.176],[88.766,27.134],[88.814,27.099],[88.835,27.066],[88.858,26.961],[88.919,26.932],[89.041,26.865],[89.148,26.816],[89.332,26.849],[89.384,26.827],[89.475,26.803],[89.545,26.796],[89.586,26.779],[89.609,26.762],[89.606,26.741],[89.61,26.719],[89.711,26.714],[89.764,26.702],[89.943,26.724],[90.123,26.755],[90.206,26.848],[90.242,26.854],[90.346,26.89],[90.448,26.851],[90.56,26.797],[90.62,26.78],[90.74,26.772],[90.856,26.778],[91.134,26.803],[91.287,26.79],[91.427,26.867],[91.456,26.867],[91.518,26.807],[91.672,26.802],[91.754,26.831],[91.842,26.853],[91.899,26.86],[91.944,26.861],[91.998,26.855],[92.05,26.875],[92.073,26.915],[92.068,26.975],[92.031,27.041],[91.999,27.079],[91.992,27.1],[92.003,27.147],[92.031,27.214],[92.083,27.291],[92.045,27.365],[91.991,27.45],[91.951,27.458],[91.851,27.439],[91.743,27.443],[91.658,27.494],[91.595,27.558],[91.579,27.611],[91.598,27.677],[91.626,27.737],[91.632,27.76],[91.713,27.76],[91.825,27.746],[91.909,27.73],[91.978,27.73],[92.101,27.808],[92.158,27.812],[92.222,27.827],[92.25,27.842],[92.27,27.83],[92.341,27.821],[92.415,27.825],[92.481,27.846],[92.547,27.879],[92.664,27.949],[92.688,27.989],[92.688,28.026],[92.666,28.05],[92.643,28.062],[92.653,28.093],[92.702,28.147],[92.882,28.228],[93.035,28.328],[93.119,28.402],[93.158,28.493],[93.207,28.591],[93.252,28.629],[93.361,28.654],[93.665,28.69],[93.761,28.73],[93.902,28.803],[93.974,28.861],[94.013,28.908],[94.018,28.96],[94.112,28.976],[94.193,29.06],[94.293,29.145],[94.468,29.216],[94.623,29.312],[94.677,29.297],[94.733,29.252],[94.763,29.201],[94.769,29.176],[94.967,29.144],[94.999,29.149],[95.145,29.104],[95.279,29.05],[95.353,29.036],[95.389,29.037],[95.42,29.054],[95.457,29.102],[95.494,29.137],[95.517,29.151],[95.516,29.206],[95.71,29.314],[95.885,29.391],[96.035,29.447],[96.08,29.424],[96.129,29.381],[96.195,29.272],[96.235,29.246],[96.337,29.261],[96.356,29.249],[96.34,29.21],[96.271,29.161],[96.181,29.118],[96.122,29.082],[96.141,28.963],[96.137,28.923],[96.162,28.91],[96.347,29.027],[96.436,29.051],[96.467,29.022],[96.477,28.959],[96.55,28.83],[96.581,28.764],[96.396,28.607],[96.327,28.525],[96.33,28.497],[96.326,28.469],[96.279,28.428],[96.281,28.412],[96.32,28.387],[96.366,28.367],[96.389,28.368],[96.428,28.406],[96.603,28.46],[96.653,28.45],[96.776,28.367],[96.833,28.362],[96.981,28.338],[97.075,28.369],[97.145,28.34],[97.289,28.237],[97.322,28.218],[97.31,28.155],[97.303,28.086],[97.339,28.031],[97.344,27.982],[97.335,27.938],[97.306,27.907],[97.226,27.89],[97.158,27.837],[97.05,27.76],[96.963,27.698],[96.9,27.644],[96.877,27.587],[96.884,27.515],[96.902,27.44],[97.104,27.163],[97.102,27.115],[97.038,27.102],[96.953,27.133],[96.88,27.178],[96.798,27.296],[96.732,27.331],[96.666,27.339],[96.274,27.278],[96.191,27.261],[96.061,27.217],[95.971,27.128],[95.905,27.047],[95.837,27.014],[95.738,26.95],[95.464,26.756],[95.305,26.672],[95.201,26.641],[95.129,26.597],[95.089,26.525],[95.06,26.474],[95.051,26.347],[95.069,26.191],[95.108,26.091],[95.129,26.07],[95.132,26.041],[95.093,25.987],[95.041,25.941],[95.015,25.913],[94.992,25.77],[94.946,25.7],[94.861,25.597],[94.786,25.519],[94.668,25.459],[94.623,25.41],[94.58,25.32],[94.554,25.243],[94.553,25.216],[94.567,25.192],[94.616,25.165],[94.675,25.139],[94.704,25.098],[94.708,25.049],[94.663,24.931],[94.584,24.767],[94.493,24.638],[94.399,24.514],[94.377,24.474],[94.293,24.322],[94.22,24.113],[94.17,23.973],[94.128,23.876],[94.075,23.872],[94.011,23.903],[93.855,23.944],[93.756,23.977],[93.683,24.007],[93.633,24.005],[93.564,23.986],[93.494,23.973],[93.452,23.987],[93.356,24.074],[93.326,24.064],[93.307,24.022],[93.373,23.774],[93.415,23.682],[93.408,23.528],[93.391,23.339],[93.366,23.133],[93.349,23.085],[93.308,23.03],[93.254,23.015],[93.204,23.037],[93.164,23.032],[93.151,22.997],[93.163,22.908],[93.114,22.806],[93.079,22.718],[93.088,22.633],[93.105,22.547],[93.162,22.36],[93.162,22.292],[93.151,22.231],[93.121,22.205],[93.071,22.209],[93.043,22.184],[93.022,22.146],[92.965,22.004],[92.909,21.989],[92.854,22.01],[92.771,22.105],[92.721,22.132],[92.689,22.131],[92.675,22.106],[92.653,22.049],[92.63,22.011],[92.575,21.978],[92.561,22.048],[92.532,22.41],[92.51,22.526],[92.491,22.685],[92.464,22.734],[92.43,22.822],[92.393,22.897],[92.362,22.929],[92.341,23.07],[92.334,23.242],[92.334,23.324],[92.289,23.492],[92.246,23.684],[92.187,23.676],[92.152,23.722],[92.127,23.721],[92.044,23.678],[91.979,23.692],[91.93,23.686],[91.929,23.598],[91.938,23.505],[91.919,23.471],[91.79,23.361],[91.754,23.287],[91.758,23.21],[91.774,23.106],[91.751,23.054],[91.695,23.005],[91.62,22.98],[91.554,22.992],[91.511,23.034],[91.471,23.141],[91.436,23.2],[91.399,23.214],[91.371,23.198],[91.367,23.13],[91.369,23.075],[91.359,23.068],[91.339,23.077],[91.315,23.104],[91.254,23.374],[91.166,23.581],[91.16,23.661],[91.192,23.763],[91.232,23.92],[91.336,24.019],[91.35,24.06],[91.367,24.094],[91.393,24.1],[91.526,24.091],[91.571,24.107],[91.611,24.153],[91.669,24.19],[91.727,24.205],[91.772,24.211],[91.846,24.175],[91.877,24.195],[91.899,24.261],[91.931,24.326],[91.952,24.357],[92.001,24.371],[92.064,24.374],[92.085,24.386],[92.102,24.408],[92.117,24.494],[92.198,24.686],[92.227,24.771],[92.231,24.786],[92.228,24.881],[92.251,24.895],[92.385,24.849],[92.443,24.849],[92.475,24.869],[92.485,24.903],[92.468,24.944],[92.373,25.015],[92.205,25.111],[92.05,25.169],[91.763,25.161],[91.48,25.142],[91.397,25.152],[91.293,25.178],[91.038,25.174],[90.73,25.159],[90.613,25.168],[90.555,25.167],[90.439,25.158],[90.25,25.185],[90.12,25.22],[90.004,25.258],[89.866,25.293],[89.833,25.293],[89.814,25.305],[89.801,25.336],[89.796,25.376],[89.825,25.56],[89.8,25.84],[89.823,25.941],[89.71,26.171],[89.671,26.214],[89.619,26.216],[89.586,26.186],[89.573,26.132],[89.591,26.072],[89.55,26.005],[89.467,25.984],[89.37,26.006],[89.289,26.038],[89.186,26.106],[89.108,26.202],[89.102,26.308],[89.067,26.377],[89.019,26.41],[88.983,26.42],[88.952,26.412],[88.924,26.375],[88.948,26.338],[88.982,26.286],[88.97,26.251],[88.941,26.245],[88.896,26.26],[88.828,26.252],[88.762,26.279],[88.722,26.282],[88.683,26.292],[88.681,26.353],[88.62,26.431],[88.518,26.518],[88.418,26.572],[88.37,26.564],[88.346,26.505],[88.351,26.483],[88.386,26.472],[88.437,26.437],[88.448,26.401],[88.44,26.369],[88.378,26.312],[88.334,26.258],[88.235,26.178],[88.151,26.087],[88.129,26.018],[88.097,25.956],[88.085,25.888],[88.107,25.841],[88.147,25.811],[88.253,25.79],[88.363,25.698],[88.452,25.574],[88.502,25.537],[88.593,25.495],[88.769,25.49],[88.795,25.456],[88.82,25.366],[88.855,25.334],[88.944,25.291],[88.952,25.259],[88.93,25.223],[88.89,25.194],[88.817,25.176],[88.748,25.169],[88.678,25.18],[88.574,25.188],[88.456,25.188],[88.373,24.962],[88.313,24.882],[88.279,24.882],[88.189,24.921],[88.15,24.915],[88.045,24.713],[88.03,24.664],[88.023,24.628],[88.079,24.55],[88.146,24.486],[88.225,24.461],[88.287,24.48],[88.338,24.454],[88.397,24.389],[88.499,24.347],[88.642,24.326],[88.724,24.275],[88.734,24.231],[88.727,24.186],[88.714,24.07],[88.7,24.003],[88.623,23.826],[88.567,23.674],[88.596,23.602],[88.616,23.573],[88.636,23.55],[88.698,23.493],[88.741,23.437],[88.704,23.293],[88.724,23.255],[88.808,23.23],[88.897,23.21],[88.928,23.187],[88.851,23.041],[88.867,22.939],[88.9,22.844],[88.923,22.688],[88.927,22.671],[88.921,22.632],[88.971,22.511],[89.05,22.275],[89.056,22.186],[89.051,22.093],[89.028,21.937],[88.949,21.938],[89.02,21.834],[89.042,21.759],[89.052,21.654],[88.967,21.641],[88.907,21.653],[88.858,21.745],[88.834,21.661],[88.745,21.584],[88.713,21.622],[88.695,21.662],[88.691,21.733],[88.74,22.005],[88.73,22.036],[88.708,22.056],[88.66,22.067],[88.642,22.122],[88.567,21.832],[88.6,21.714],[88.585,21.66],[88.446,21.614],[88.305,21.723],[88.288,21.758],[88.279,21.697],[88.254,21.622],[88.122,21.636],[88.057,21.694],[88.099,21.794],[88.181,22.033],[88.196,22.14],[88.087,22.218],[87.994,22.266],[87.941,22.374],[87.962,22.255],[88.011,22.213],[88.083,22.183],[88.159,22.122],[88.104,22.047],[88.051,22.001],[87.948,21.825],[87.824,21.727],[87.678,21.654],[87.201,21.545],[87.101,21.501],[86.954,21.365],[86.86,21.237],[86.842,21.106],[86.896,20.966],[86.939,20.745],[86.975,20.7],[86.925,20.62],[86.836,20.534],[86.763,20.419],[86.769,20.356],[86.75,20.313],[86.499,20.172],[86.446,20.089],[86.377,20.007],[86.294,20.054],[86.245,20.053],[86.312,19.988],[86.303,19.945],[86.279,19.919],[86.216,19.896],[85.853,19.792],[85.575,19.693],[85.497,19.697],[85.511,19.727],[85.56,19.753],[85.555,19.867],[85.504,19.888],[85.46,19.896],[85.249,19.758],[85.163,19.621],[85.181,19.595],[85.229,19.601],[85.371,19.679],[85.437,19.657],[85.442,19.627],[85.226,19.508],[84.771,19.125],[84.75,19.05],[84.691,18.965],[84.609,18.884],[84.463,18.69],[84.182,18.401],[84.104,18.293],[83.654,18.07],[83.572,18.004],[83.388,17.787],[83.198,17.609],[82.977,17.462],[82.593,17.274],[82.36,17.096],[82.287,16.978],[82.282,16.936],[82.307,16.879],[82.35,16.825],[82.36,16.783],[82.339,16.707],[82.327,16.664],[82.259,16.56],[82.142,16.485],[81.762,16.329],[81.712,16.334],[81.402,16.365],[81.286,16.337],[81.239,16.264],[81.132,15.962],[81.03,15.881],[80.993,15.809],[80.979,15.758],[80.918,15.76],[80.865,15.782],[80.826,15.766],[80.782,15.867],[80.708,15.888],[80.647,15.895],[80.385,15.793],[80.293,15.711],[80.101,15.324],[80.053,15.074],[80.099,14.798],[80.165,14.578],[80.179,14.478],[80.17,14.349],[80.136,14.287],[80.112,14.212],[80.144,14.059],[80.224,13.858],[80.244,13.773],[80.246,13.686],[80.307,13.485],[80.266,13.521],[80.233,13.606],[80.156,13.714],[80.062,13.606],[80.114,13.529],[80.29,13.437],[80.342,13.361],[80.229,12.69],[80.143,12.452],[80.038,12.296],[79.982,12.235],[79.858,11.989],[79.771,11.69],[79.754,11.575],[79.793,11.447],[79.749,11.371],[79.693,11.313],[79.799,11.339],[79.835,11.269],[79.849,11.197],[79.85,10.769],[79.838,10.323],[79.757,10.304],[79.667,10.3],[79.589,10.312],[79.532,10.33],[79.391,10.306],[79.315,10.257],[79.254,10.175],[79.258,10.035],[78.996,9.683],[78.94,9.566],[78.919,9.453],[78.953,9.394],[79.02,9.333],[79.107,9.309],[79.275,9.285],[79.356,9.252],[79.411,9.192],[79.213,9.256],[78.98,9.269],[78.421,9.105],[78.275,8.99],[78.192,8.891],[78.136,8.663],[78.126,8.511],[78.06,8.385],[77.77,8.19],[77.587,8.13],[77.518,8.078],[77.301,8.145],[77.066,8.316],[76.967,8.407],[76.617,8.847],[76.553,8.903],[76.483,9.091],[76.472,9.161],[76.452,9.189],[76.419,9.208],[76.403,9.237],[76.325,9.452],[76.292,9.676],[76.242,9.927],[76.285,9.91],[76.343,9.827],[76.372,9.707],[76.376,9.54],[76.42,9.52],[76.459,9.536],[76.346,9.922],[76.249,10.018],[76.223,10.024],[76.196,10.086],[76.193,10.164],[76.201,10.201],[76.123,10.327],[76.096,10.402],[75.923,10.784],[75.845,11.058],[75.724,11.362],[75.646,11.468],[75.525,11.703],[75.423,11.812],[75.315,11.958],[75.23,12.023],[75.197,12.058],[74.946,12.565],[74.868,12.845],[74.803,12.977],[74.771,13.077],[74.682,13.507],[74.682,13.584],[74.671,13.668],[74.608,13.85],[74.499,14.046],[74.467,14.169],[74.467,14.217],[74.397,14.407],[74.382,14.495],[74.335,14.575],[74.28,14.65],[74.223,14.709],[74.089,14.902],[74.041,14.949],[73.949,15.075],[73.884,15.306],[73.801,15.397],[73.932,15.397],[73.852,15.482],[73.814,15.539],[73.772,15.573],[73.833,15.659],[73.733,15.657],[73.68,15.709],[73.608,15.871],[73.476,16.054],[73.454,16.152],[73.338,16.46],[73.239,17.199],[73.149,17.527],[73.156,17.622],[73.047,17.907],[72.994,18.098],[72.972,18.259],[72.943,18.366],[72.917,18.576],[72.875,18.643],[72.871,18.683],[72.899,18.779],[72.977,18.927],[73.006,19.021],[72.972,19.153],[72.901,19.015],[72.835,18.976],[72.803,19.079],[72.803,19.219],[72.795,19.252],[72.812,19.299],[72.987,19.277],[72.788,19.363],[72.764,19.413],[72.756,19.451],[72.799,19.52],[72.727,19.578],[72.697,19.757],[72.676,19.798],[72.668,19.831],[72.709,20.078],[72.881,20.563],[72.894,20.673],[72.879,20.829],[72.841,20.952],[72.824,21.084],[72.814,21.117],[72.752,21.129],[72.692,21.178],[72.624,21.372],[72.687,21.436],[72.735,21.471],[72.668,21.456],[72.613,21.462],[72.718,21.551],[72.811,21.62],[73.022,21.7],[73.113,21.75],[72.979,21.705],[72.84,21.687],[72.543,21.697],[72.592,21.878],[72.644,21.938],[72.7,21.972],[72.617,21.962],[72.522,21.976],[72.553,22.16],[72.628,22.2],[72.709,22.207],[72.809,22.233],[72.702,22.264],[72.59,22.278],[72.456,22.248],[72.333,22.27],[72.183,22.27],[72.243,22.245],[72.306,22.189],[72.274,22.09],[72.244,22.028],[72.162,21.985],[72.094,21.92],[72.076,21.863],[72.037,21.823],[72.103,21.795],[72.171,21.774],[72.21,21.728],[72.257,21.661],[72.254,21.531],[72.077,21.224],[72.015,21.156],[71.571,20.971],[71.396,20.87],[71.025,20.739],[70.88,20.715],[70.719,20.74],[70.485,20.84],[70.127,21.095],[70.034,21.179],[69.748,21.506],[69.542,21.679],[69.385,21.84],[69.192,21.992],[69.009,22.197],[68.97,22.29],[68.983,22.385],[69.052,22.437],[69.131,22.416],[69.194,22.336],[69.239,22.3],[69.277,22.285],[69.549,22.408],[69.655,22.404],[69.728,22.465],[69.819,22.452],[70.006,22.548],[70.084,22.554],[70.177,22.573],[70.328,22.816],[70.44,22.97],[70.513,23.002],[70.509,23.04],[70.489,23.09],[70.435,23.077],[70.396,23.03],[70.368,22.973],[70.339,22.94],[70.251,22.971],[70.192,22.966],[70.118,22.947],[69.85,22.856],[69.74,22.775],[69.665,22.759],[69.236,22.849],[68.817,23.054],[68.641,23.19],[68.529,23.364],[68.417,23.571],[68.454,23.629],[68.627,23.754],[68.777,23.852],[68.642,23.808],[68.497,23.748],[68.425,23.706],[68.343,23.617],[68.235,23.597],[68.192,23.729],[68.165,23.857]]],[[[93.89,6.831],[93.829,6.749],[93.709,7.001],[93.658,7.016],[93.656,7.136],[93.684,7.184],[93.822,7.237],[93.859,7.207],[93.93,6.973],[93.89,6.831]]],[[[93.734,7.356],[93.638,7.262],[93.597,7.319],[93.614,7.358],[93.655,7.38],[93.692,7.411],[93.734,7.356]]],[[[93.141,8.25],[93.171,8.212],[93.115,8.219],[93.064,8.275],[93.078,8.328],[93.097,8.349],[93.141,8.25]]],[[[93.443,7.878],[93.365,7.877],[93.342,7.919],[93.309,7.964],[93.334,8.007],[93.375,8.018],[93.434,7.948],[93.447,7.899],[93.443,7.878]]],[[[93.537,8.057],[93.49,8.019],[93.478,8.024],[93.472,8.053],[93.47,8.073],[93.461,8.109],[93.456,8.172],[93.494,8.225],[93.532,8.214],[93.512,8.16],[93.537,8.057]]],[[[92.788,9.137],[92.744,9.131],[92.717,9.165],[92.713,9.205],[92.739,9.231],[92.762,9.244],[92.786,9.241],[92.809,9.173],[92.788,9.137]]],[[[92.503,10.555],[92.473,10.521],[92.37,10.547],[92.377,10.651],[92.353,10.751],[92.371,10.794],[92.448,10.866],[92.51,10.897],[92.554,10.8],[92.574,10.704],[92.503,10.555]]],[[[92.693,11.381],[92.645,11.361],[92.596,11.386],[92.634,11.427],[92.64,11.509],[92.69,11.463],[92.687,11.411],[92.693,11.381]]],[[[92.723,11.536],[92.701,11.513],[92.668,11.539],[92.576,11.718],[92.56,11.833],[92.534,11.873],[92.567,11.931],[92.608,11.95],[92.632,12.014],[92.641,12.112],[92.676,12.192],[92.695,12.215],[92.769,12.216],[92.788,12.226],[92.778,12.303],[92.734,12.336],[92.719,12.357],[92.721,12.541],[92.732,12.616],[92.759,12.669],[92.74,12.78],[92.753,12.821],[92.807,12.879],[92.831,13.003],[92.809,13.04],[92.86,13.231],[92.857,13.358],[92.925,13.486],[93.029,13.544],[93.062,13.545],[93.067,13.436],[93.077,13.401],[93.016,13.336],[93.074,13.252],[93.066,13.222],[93.043,13.155],[93.005,13.089],[92.951,13.063],[92.91,12.975],[92.886,12.942],[92.965,12.85],[92.99,12.539],[92.933,12.453],[92.864,12.436],[92.879,12.228],[92.867,12.181],[92.799,12.079],[92.786,12.035],[92.748,11.993],[92.764,11.94],[92.797,11.918],[92.798,11.875],[92.767,11.765],[92.765,11.639],[92.723,11.536]]],[[[93.017,12.037],[93.062,11.899],[92.982,11.959],[92.955,12.002],[92.996,12.032],[93.017,12.037]]],[[[92.718,12.865],[92.686,12.8],[92.68,12.939],[92.694,12.957],[92.711,12.962],[92.731,12.949],[92.718,12.865]]],[[[72.78,11.202],[72.773,11.196],[72.772,11.214],[72.782,11.243],[72.793,11.263],[72.796,11.26],[72.793,11.242],[72.788,11.216],[72.78,11.202]]],[[[73.067,8.269],[73.053,8.257],[73.039,8.252],[73.029,8.254],[73.023,8.266],[73.026,8.275],[73.039,8.265],[73.056,8.275],[73.075,8.306],[73.079,8.317],[73.084,8.311],[73.08,8.293],[73.067,8.269]]]]}},{"type":"Feature","properties":{"name":"Myanmar","blocKey":"prc","blocLabel":"China-aligned","color":"#9a6b5a","certainty":"contested","basis":"PRC economic/military ties; contested civil war"},"geometry":{"type":"MultiPolygon","coordinates":[[[[100.122,20.317],[100.004,20.38],[99.954,20.415],[99.89,20.424],[99.825,20.384],[99.773,20.341],[99.72,20.325],[99.639,20.32],[99.532,20.343],[99.459,20.363],[99.448,20.352],[99.488,20.261],[99.502,20.188],[99.486,20.15],[99.452,20.118],[99.399,20.093],[99.338,20.079],[99.284,20.08],[99.197,20.115],[99.131,20.117],[99.074,20.099],[99.04,20.074],[99.021,20.042],[98.987,19.861],[98.958,19.805],[98.917,19.773],[98.876,19.77],[98.82,19.778],[98.761,19.771],[98.494,19.701],[98.455,19.694],[98.371,19.689],[98.294,19.687],[98.239,19.691],[98.111,19.762],[98.049,19.77],[98.015,19.75],[97.991,19.654],[97.916,19.593],[97.817,19.46],[97.794,19.266],[97.804,19.13],[97.714,18.996],[97.706,18.932],[97.754,18.621],[97.746,18.588],[97.728,18.572],[97.672,18.561],[97.577,18.529],[97.515,18.498],[97.485,18.494],[97.397,18.518],[97.374,18.518],[97.381,18.494],[97.451,18.36],[97.524,18.296],[97.599,18.303],[97.632,18.29],[97.622,18.258],[97.652,18.174],[97.72,18.037],[97.74,17.935],[97.699,17.834],[97.706,17.797],[97.729,17.776],[97.793,17.681],[97.929,17.533],[98.063,17.373],[98.175,17.24],[98.257,17.148],[98.439,16.976],[98.471,16.895],[98.478,16.732],[98.523,16.638],[98.565,16.571],[98.594,16.515],[98.661,16.33],[98.689,16.305],[98.835,16.418],[98.869,16.394],[98.888,16.352],[98.888,16.298],[98.866,16.237],[98.818,16.181],[98.592,16.051],[98.574,15.939],[98.558,15.769],[98.554,15.56],[98.565,15.404],[98.557,15.368],[98.537,15.351],[98.452,15.357],[98.329,15.279],[98.286,15.272],[98.232,15.241],[98.191,15.204],[98.178,15.147],[98.202,14.976],[98.246,14.815],[98.332,14.696],[98.4,14.603],[98.495,14.473],[98.57,14.36],[98.721,14.236],[98.934,14.05],[99.015,13.947],[99.086,13.823],[99.137,13.717],[99.156,13.576],[99.172,13.497],[99.176,13.233],[99.137,13.173],[99.107,13.104],[99.124,13.031],[99.174,12.961],[99.174,12.882],[99.22,12.74],[99.297,12.653],[99.372,12.594],[99.405,12.548],[99.394,12.474],[99.416,12.395],[99.432,12.309],[99.463,12.19],[99.523,12.09],[99.615,11.781],[99.613,11.75],[99.573,11.687],[99.515,11.631],[99.478,11.613],[99.443,11.554],[99.359,11.389],[99.19,11.105],[99.025,10.92],[98.887,10.788],[98.787,10.708],[98.757,10.661],[98.757,10.624],[98.775,10.557],[98.768,10.431],[98.747,10.351],[98.718,10.266],[98.703,10.19],[98.658,10.179],[98.563,10.035],[98.521,10.107],[98.497,10.183],[98.523,10.353],[98.465,10.676],[98.501,10.719],[98.536,10.741],[98.599,10.864],[98.676,10.987],[98.683,11.133],[98.745,11.24],[98.73,11.33],[98.733,11.435],[98.746,11.521],[98.741,11.592],[98.791,11.665],[98.876,11.72],[98.84,11.739],[98.805,11.779],[98.694,11.718],[98.636,11.738],[98.625,11.801],[98.639,11.869],[98.645,11.91],[98.689,11.957],[98.686,12.047],[98.664,12.127],[98.696,12.225],[98.631,12.225],[98.6,12.245],[98.619,12.3],[98.679,12.348],[98.624,12.441],[98.665,12.54],[98.663,12.662],[98.636,12.771],[98.637,12.848],[98.595,12.986],[98.576,13.162],[98.487,13.293],[98.421,13.484],[98.245,13.733],[98.248,13.84],[98.239,13.934],[98.2,13.98],[98.15,13.648],[98.111,13.713],[98.098,13.898],[98.073,13.986],[98.1,14.162],[97.998,14.335],[97.977,14.461],[97.91,14.653],[97.929,14.696],[98.019,14.653],[97.937,14.764],[97.869,14.739],[97.812,14.859],[97.8,15.185],[97.744,15.307],[97.774,15.431],[97.71,15.876],[97.584,16.02],[97.609,16.144],[97.641,16.254],[97.634,16.458],[97.665,16.52],[97.726,16.569],[97.668,16.552],[97.62,16.537],[97.505,16.525],[97.376,16.523],[97.331,16.672],[97.267,16.743],[97.212,16.893],[97.178,17.062],[97.2,17.095],[97.1,17.165],[97.075,17.207],[96.97,17.317],[96.851,17.401],[96.878,17.342],[96.91,17.305],[96.851,17.203],[96.909,17.031],[96.858,16.921],[96.811,16.778],[96.765,16.71],[96.622,16.564],[96.507,16.514],[96.431,16.505],[96.364,16.521],[96.282,16.596],[96.262,16.659],[96.249,16.765],[96.22,16.781],[96.189,16.768],[96.238,16.631],[96.237,16.567],[96.324,16.444],[96.293,16.41],[96.135,16.343],[96.081,16.353],[96.043,16.34],[96.032,16.285],[96.012,16.254],[95.763,16.169],[95.711,16.073],[95.679,15.977],[95.556,15.838],[95.39,15.723],[95.348,15.729],[95.301,15.756],[95.308,15.88],[95.365,15.985],[95.347,16.098],[95.333,16.033],[95.226,15.877],[95.177,15.826],[95.078,15.839],[94.943,15.818],[94.891,15.979],[94.892,16.038],[94.882,16.088],[94.898,16.141],[94.893,16.183],[94.86,16.102],[94.848,16.033],[94.798,15.971],[94.662,15.904],[94.656,15.989],[94.651,16.065],[94.681,16.133],[94.677,16.242],[94.72,16.399],[94.717,16.452],[94.703,16.512],[94.679,16.426],[94.665,16.336],[94.638,16.309],[94.588,16.289],[94.496,16.186],[94.442,16.094],[94.299,16.008],[94.224,16.016],[94.214,16.127],[94.271,16.517],[94.327,16.572],[94.353,16.64],[94.4,16.868],[94.452,16.954],[94.473,17.135],[94.494,17.167],[94.564,17.309],[94.589,17.569],[94.56,17.699],[94.494,17.825],[94.431,18.202],[94.266,18.507],[94.252,18.609],[94.171,18.732],[94.246,18.741],[94.091,18.849],[94.07,18.893],[94.039,19.146],[94.045,19.287],[94.022,19.269],[94.002,19.182],[93.941,19.146],[93.968,18.995],[93.961,18.958],[93.929,18.9],[93.8,18.961],[93.705,19.027],[93.598,19.188],[93.493,19.369],[93.531,19.398],[93.579,19.401],[93.728,19.267],[93.825,19.238],[93.886,19.272],[93.962,19.329],[93.998,19.441],[93.961,19.482],[93.888,19.504],[93.84,19.534],[93.77,19.61],[93.761,19.648],[93.74,19.697],[93.669,19.732],[93.612,19.776],[93.66,19.854],[93.707,19.912],[93.582,19.91],[93.439,20.009],[93.41,20.038],[93.362,20.058],[93.25,20.07],[93.157,20.041],[93.199,19.898],[93.191,19.851],[93.129,19.858],[93.002,20.075],[93.04,20.13],[93.096,20.181],[93.068,20.189],[93.015,20.185],[93.067,20.378],[93.035,20.406],[93.019,20.346],[92.991,20.288],[92.882,20.152],[92.828,20.178],[92.791,20.211],[92.844,20.283],[92.872,20.302],[92.891,20.34],[92.851,20.415],[92.787,20.469],[92.736,20.563],[92.709,20.564],[92.733,20.453],[92.723,20.296],[92.608,20.47],[92.378,20.718],[92.324,20.792],[92.312,20.864],[92.286,20.932],[92.268,21.005],[92.264,21.061],[92.215,21.113],[92.192,21.202],[92.18,21.293],[92.208,21.358],[92.28,21.428],[92.331,21.44],[92.373,21.409],[92.472,21.363],[92.539,21.32],[92.569,21.263],[92.6,21.27],[92.632,21.306],[92.625,21.351],[92.593,21.467],[92.584,21.609],[92.583,21.94],[92.575,21.978],[92.63,22.011],[92.653,22.049],[92.675,22.106],[92.689,22.131],[92.721,22.132],[92.771,22.105],[92.854,22.01],[92.909,21.989],[92.965,22.004],[93.022,22.146],[93.043,22.184],[93.071,22.209],[93.121,22.205],[93.151,22.231],[93.162,22.292],[93.162,22.36],[93.105,22.547],[93.088,22.633],[93.079,22.718],[93.114,22.806],[93.163,22.908],[93.151,22.997],[93.164,23.032],[93.204,23.037],[93.254,23.015],[93.308,23.03],[93.349,23.085],[93.366,23.133],[93.391,23.339],[93.408,23.528],[93.415,23.682],[93.373,23.774],[93.307,24.022],[93.326,24.064],[93.356,24.074],[93.452,23.987],[93.494,23.973],[93.564,23.986],[93.633,24.005],[93.683,24.007],[93.756,23.977],[93.855,23.944],[94.011,23.903],[94.075,23.872],[94.128,23.876],[94.17,23.973],[94.22,24.113],[94.293,24.322],[94.377,24.474],[94.399,24.514],[94.493,24.638],[94.584,24.767],[94.663,24.931],[94.708,25.049],[94.704,25.098],[94.675,25.139],[94.616,25.165],[94.567,25.192],[94.553,25.216],[94.554,25.243],[94.58,25.32],[94.623,25.41],[94.668,25.459],[94.786,25.519],[94.861,25.597],[94.946,25.7],[94.992,25.77],[95.015,25.913],[95.041,25.941],[95.093,25.987],[95.132,26.041],[95.129,26.07],[95.108,26.091],[95.069,26.191],[95.051,26.347],[95.06,26.474],[95.089,26.525],[95.129,26.597],[95.201,26.641],[95.305,26.672],[95.464,26.756],[95.738,26.95],[95.837,27.014],[95.905,27.047],[95.971,27.128],[96.061,27.217],[96.191,27.261],[96.274,27.278],[96.666,27.339],[96.732,27.331],[96.798,27.296],[96.88,27.178],[96.953,27.133],[97.038,27.102],[97.102,27.115],[97.104,27.163],[96.902,27.44],[96.884,27.515],[96.877,27.587],[96.9,27.644],[96.963,27.698],[97.05,27.76],[97.158,27.837],[97.226,27.89],[97.306,27.907],[97.335,27.938],[97.344,27.982],[97.339,28.031],[97.303,28.086],[97.31,28.155],[97.322,28.218],[97.356,28.254],[97.431,28.354],[97.478,28.426],[97.502,28.456],[97.538,28.51],[97.599,28.517],[97.659,28.5],[97.695,28.469],[97.73,28.407],[97.769,28.356],[97.817,28.356],[97.865,28.364],[97.888,28.356],[97.934,28.314],[98.022,28.212],[98.062,28.186],[98.099,28.142],[98.118,28.055],[98.13,27.968],[98.241,27.663],[98.274,27.599],[98.299,27.55],[98.35,27.538],[98.392,27.587],[98.409,27.639],[98.453,27.657],[98.504,27.648],[98.6,27.599],[98.651,27.572],[98.677,27.422],[98.682,27.245],[98.675,27.191],[98.717,27.045],[98.729,26.877],[98.738,26.786],[98.739,26.698],[98.732,26.583],[98.709,26.43],[98.672,26.299],[98.686,26.189],[98.663,26.139],[98.572,26.114],[98.564,26.072],[98.591,26.004],[98.655,25.918],[98.656,25.864],[98.625,25.827],[98.558,25.823],[98.466,25.789],[98.402,25.678],[98.334,25.587],[98.297,25.569],[98.173,25.595],[98.143,25.571],[98.1,25.416],[98.064,25.349],[98.011,25.293],[97.962,25.259],[97.918,25.236],[97.82,25.252],[97.767,25.158],[97.715,25.034],[97.711,24.97],[97.738,24.87],[97.724,24.842],[97.671,24.82],[97.583,24.775],[97.529,24.631],[97.531,24.492],[97.563,24.444],[97.624,24.423],[97.667,24.38],[97.671,24.313],[97.708,24.229],[97.691,24.131],[97.568,23.988],[97.565,23.911],[97.63,23.887],[97.686,23.898],[97.756,23.932],[97.838,23.986],[98.017,24.065],[98.213,24.111],[98.367,24.119],[98.499,24.116],[98.564,24.099],[98.583,24.07],[98.764,24.116],[98.802,24.119],[98.835,24.121],[98.834,24.091],[98.702,23.964],[98.677,23.905],[98.681,23.842],[98.735,23.783],[98.788,23.738],[98.832,23.624],[98.798,23.52],[98.82,23.483],[98.859,23.44],[98.883,23.38],[98.886,23.307],[98.864,23.191],[99.055,23.131],[99.22,23.103],[99.341,23.096],[99.418,23.069],[99.465,23.046],[99.497,23.005],[99.507,22.959],[99.467,22.927],[99.385,22.825],[99.338,22.689],[99.343,22.587],[99.338,22.498],[99.243,22.37],[99.205,22.283],[99.172,22.192],[99.173,22.153],[99.193,22.126],[99.233,22.11],[99.303,22.101],[99.389,22.111],[99.593,22.089],[99.825,22.05],[99.918,22.028],[99.948,21.988],[99.94,21.902],[99.926,21.821],[99.941,21.759],[99.978,21.702],[100.041,21.683],[100.096,21.661],[100.106,21.617],[100.089,21.558],[100.117,21.511],[100.148,21.481],[100.215,21.463],[100.351,21.501],[100.446,21.484],[100.531,21.458],[100.605,21.472],[100.677,21.505],[100.835,21.655],[101.019,21.736],[101.08,21.756],[101.121,21.746],[101.131,21.736],[101.128,21.705],[101.147,21.582],[101.139,21.567],[101.08,21.469],[100.928,21.366],[100.82,21.314],[100.757,21.313],[100.703,21.251],[100.659,21.13],[100.614,21.059],[100.567,21.038],[100.536,20.992],[100.522,20.922],[100.549,20.884],[100.618,20.879],[100.623,20.86],[100.565,20.825],[100.493,20.813],[100.407,20.823],[100.326,20.796],[100.249,20.73],[100.184,20.589],[100.13,20.372],[100.122,20.317]]],[[[98.21,10.953],[98.293,10.78],[98.284,10.753],[98.271,10.74],[98.252,10.744],[98.218,10.838],[98.155,10.898],[98.08,10.887],[98.143,10.963],[98.167,10.98],[98.21,10.953]]],[[[98.183,9.933],[98.134,9.875],[98.118,9.878],[98.14,9.975],[98.221,10.045],[98.292,10.051],[98.283,10.008],[98.231,9.954],[98.183,9.933]]],[[[98.222,11.478],[98.216,11.456],[98.209,11.457],[98.187,11.472],[98.201,11.567],[98.239,11.645],[98.278,11.758],[98.3,11.783],[98.308,11.723],[98.284,11.594],[98.263,11.524],[98.222,11.478]]],[[[98.516,11.905],[98.474,11.899],[98.454,12.061],[98.466,12.084],[98.525,12.005],[98.61,11.957],[98.576,11.925],[98.516,11.905]]],[[[98.554,11.745],[98.528,11.539],[98.465,11.567],[98.435,11.567],[98.397,11.684],[98.4,11.715],[98.376,11.792],[98.524,11.805],[98.554,11.745]]],[[[98.414,12.598],[98.436,12.571],[98.468,12.571],[98.459,12.474],[98.381,12.354],[98.334,12.336],[98.314,12.336],[98.331,12.511],[98.303,12.612],[98.312,12.678],[98.396,12.647],[98.414,12.598]]],[[[98.137,12.15],[98.125,12.145],[98.108,12.148],[98.075,12.164],[98.037,12.232],[98.057,12.28],[98.071,12.292],[98.105,12.288],[98.122,12.279],[98.128,12.261],[98.118,12.223],[98.12,12.191],[98.137,12.15]]],[[[94.477,15.946],[94.412,15.848],[94.388,15.994],[94.494,16.075],[94.546,16.153],[94.601,16.206],[94.619,16.141],[94.566,16.019],[94.477,15.946]]],[[[97.575,16.253],[97.537,16.24],[97.48,16.306],[97.469,16.461],[97.516,16.497],[97.542,16.505],[97.579,16.486],[97.593,16.461],[97.6,16.43],[97.589,16.397],[97.575,16.253]]],[[[93.691,18.684],[93.674,18.676],[93.57,18.76],[93.488,18.868],[93.618,18.889],[93.745,18.866],[93.746,18.808],[93.718,18.716],[93.691,18.684]]],[[[93.492,19.893],[93.513,19.755],[93.445,19.806],[93.42,19.878],[93.413,19.95],[93.492,19.893]]],[[[93.715,19.558],[93.829,19.475],[93.875,19.481],[93.946,19.429],[93.947,19.408],[93.934,19.365],[93.902,19.332],[93.815,19.299],[93.756,19.326],[93.732,19.416],[93.662,19.459],[93.644,19.495],[93.688,19.544],[93.715,19.558]]],[[[98.542,10.962],[98.519,10.959],[98.498,10.964],[98.477,10.98],[98.527,11.087],[98.542,10.962]]],[[[98.075,11.692],[98.084,11.637],[98.021,11.696],[98.01,11.86],[98.06,11.757],[98.081,11.733],[98.075,11.692]]],[[[98.066,12.39],[98.06,12.354],[98.002,12.279],[97.952,12.322],[97.939,12.346],[97.99,12.394],[98.045,12.387],[98.06,12.398],[98.066,12.39]]],[[[98.315,13.099],[98.309,12.935],[98.259,13.014],[98.251,13.104],[98.255,13.189],[98.265,13.202],[98.269,13.189],[98.299,13.152],[98.315,13.099]]],[[[94.805,15.819],[94.784,15.794],[94.743,15.812],[94.733,15.823],[94.828,15.933],[94.838,15.892],[94.805,15.819]]],[[[93.01,19.924],[93.023,19.829],[92.975,19.868],[92.913,20],[92.915,20.086],[92.96,20.046],[93.01,19.924]]]]}}]}